게임ID,날짜,PUUID,결과,KDA
#8348062159,2026-08-20 20:12,bc7d9161-a7d7-559a-9a9f-ac3c63c6e84d,패배,1/5/17
#8348062159,2026-08-20 20:12,26583f10-50a4-5f03-b49b-8c3d8acfac5d,승리,7/3/7
#8348062159,2026-08-20 20:12,c9456c44-7c1e-5fd7-8907-737737772014,승리,6/6/19
#8348062159,2026-08-20 20:12,843f6b49-c018-52aa-932e-14bcba62e0cd,승리,7/8/11
#8348062159,2026-08-20 20:12,48a9676c-6f4a-5dfb-9a36-fca24b95153a,승리,3/5/12
#8348062159,2026-08-20 20:12,c0f6a404-6917-50b6-9289-79e4fb83e77e,승리,11/8/5
#8348062159,2026-08-20 20:12,c0a4bb50-24f8-5d32-b20b-3e2a730399e7,패배,3/4/2
#8348062159,2026-08-20 20:12,f5b1b3fc-5819-512f-8fc4-1e3f12e480f4,패배,4/9/9
#8348062159,2026-08-20 20:12,fd30acf7-dfb6-55e3-8ee1-8463244a92d5,패배,18/8/3
#8348062159,2026-08-20 20:12,fc0f19c9-c655-5915-ad47-0ef0d2bff998,패배,3/8/7
#8348055955,2026-08-20 20:18,31e88dc8-bc4a-5b0e-b7f0-9d47bec34024,승리,6/3/4
#8348055955,2026-08-20 20:18,0a7b4119-42e6-502f-afa3-80e33dde1025,승리,3/2/14
#8348055955,2026-08-20 20:18,aa2fbfdd-c17f-5e1b-a04e-8567e1c45d5e,승리,7/5/7
#8348055955,2026-08-20 20:18,f691451d-87d3-5db5-94cf-22971436cf70,승리,11/6/11
#8348055955,2026-08-20 20:18,94923fe7-4521-52ed-b143-ee509e386b2b,승리,4/7/19
#8348055955,2026-08-20 20:18,3823a606-856c-5a41-9363-697967ef0d50,패배,4/4/5
#8348055955,2026-08-20 20:18,7e2bfe82-2409-5da9-968b-246723d3b167,패배,8/3/5
#8348055955,2026-08-20 20:18,3571edf8-7769-519d-8385-8c7cc6f800ed,패배,7/6/3
#8348055955,2026-08-20 20:18,d23899de-4745-5393-a061-ddd32c943408,패배,3/9/7
#8348055955,2026-08-20 20:18,3e583936-ec9b-5f86-a923-77adcd637241,패배,1/9/17
#8348109695,2026-08-20 20:53,bc7d9161-a7d7-559a-9a9f-ac3c63c6e84d,패배,0/11/22
#8348109695,2026-08-20 20:53,c0a4bb50-24f8-5d32-b20b-3e2a730399e7,승리,5/3/11
#8348109695,2026-08-20 20:53,fc0f19c9-c655-5915-ad47-0ef0d2bff998,승리,8/6/19
#8348109695,2026-08-20 20:53,c0f6a404-6917-50b6-9289-79e4fb83e77e,승리,22/3/13
#8348109695,2026-08-20 20:53,48a9676c-6f4a-5dfb-9a36-fca24b95153a,승리,10/11/12
#8348109695,2026-08-20 20:53,f5b1b3fc-5819-512f-8fc4-1e3f12e480f4,승리,0/11/21
#8348109695,2026-08-20 20:53,26583f10-50a4-5f03-b49b-8c3d8acfac5d,패배,5/9/6
#8348109695,2026-08-20 20:53,c9456c44-7c1e-5fd7-8907-737737772014,패배,7/11/6
#8348109695,2026-08-20 20:53,fd30acf7-dfb6-55e3-8ee1-8463244a92d5,패배,8/10/7
#8348109695,2026-08-20 20:53,843f6b49-c018-52aa-932e-14bcba62e0cd,패배,14/4/13
#8348151331,2026-08-20 21:17,0a7b4119-42e6-502f-afa3-80e33dde1025,패배,2/4/4
#8348151331,2026-08-20 21:17,aa2fbfdd-c17f-5e1b-a04e-8567e1c45d5e,패배,1/6/4
#8348151331,2026-08-20 21:17,f691451d-87d3-5db5-94cf-22971436cf70,패배,3/11/7
#8348151331,2026-08-20 21:17,d23899de-4745-5393-a061-ddd32c943408,패배,6/7/3
#8348151331,2026-08-20 21:17,3712c3ab-a24a-5bf1-85c1-b92c4d68e907,패배,1/9/4
#8348151331,2026-08-20 21:17,3e583936-ec9b-5f86-a923-77adcd637241,승리,7/3/17
#8348151331,2026-08-20 21:17,3823a606-856c-5a41-9363-697967ef0d50,승리,16/4/6
#8348151331,2026-08-20 21:17,3571edf8-7769-519d-8385-8c7cc6f800ed,승리,6/3/14
#8348151331,2026-08-20 21:17,31e88dc8-bc4a-5b0e-b7f0-9d47bec34024,승리,5/0/12
#8348151331,2026-08-20 21:17,b374355f-b65d-52fe-990b-5e6accd3ae9c,승리,3/3/23
#8348182771,2026-08-20 21:41,bc7d9161-a7d7-559a-9a9f-ac3c63c6e84d,승리,1/3/17
#8348182771,2026-08-20 21:41,26583f10-50a4-5f03-b49b-8c3d8acfac5d,승리,5/2/1
#8348182771,2026-08-20 21:41,c9456c44-7c1e-5fd7-8907-737737772014,승리,10/2/7
#8348182771,2026-08-20 21:41,843f6b49-c018-52aa-932e-14bcba62e0cd,승리,5/2/13
#8348182771,2026-08-20 21:41,fc0f19c9-c655-5915-ad47-0ef0d2bff998,승리,10/3/7
#8348182771,2026-08-20 21:41,c0a4bb50-24f8-5d32-b20b-3e2a730399e7,패배,2/6/4
#8348182771,2026-08-20 21:41,c0f6a404-6917-50b6-9289-79e4fb83e77e,패배,5/6/4
#8348182771,2026-08-20 21:41,fd30acf7-dfb6-55e3-8ee1-8463244a92d5,패배,2/7/5
#8348182771,2026-08-20 21:41,48a9676c-6f4a-5dfb-9a36-fca24b95153a,패배,3/4/3
#8348182771,2026-08-20 21:41,f5b1b3fc-5819-512f-8fc4-1e3f12e480f4,패배,0/8/6
#8348234629,2026-08-20 22:08,0a7b4119-42e6-502f-afa3-80e33dde1025,패배,11/6/3
#8348234629,2026-08-20 22:08,4fa46e75-96f9-5492-800a-c35afcb4bc9c,승리,6/2/16
#8348234629,2026-08-20 22:08,f691451d-87d3-5db5-94cf-22971436cf70,승리,14/4/11
#8348234629,2026-08-20 22:08,3712c3ab-a24a-5bf1-85c1-b92c4d68e907,승리,7/4/11
#8348234629,2026-08-20 22:08,8cb93ee3-3f46-5dcb-9994-de30cadcd088,승리,10/4/9
#8348234629,2026-08-20 22:08,aa2fbfdd-c17f-5e1b-a04e-8567e1c45d5e,승리,2/5/22
#8348234629,2026-08-20 22:08,3e583936-ec9b-5f86-a923-77adcd637241,패배,0/8/0
#8348234629,2026-08-20 22:08,3823a606-856c-5a41-9363-697967ef0d50,패배,5/9/7
#8348234629,2026-08-20 22:08,31e88dc8-bc4a-5b0e-b7f0-9d47bec34024,패배,2/5/1
#8348234629,2026-08-20 22:08,b374355f-b65d-52fe-990b-5e6accd3ae9c,패배,1/11/6
#8348262173,2026-08-20 22:20,fc0f19c9-c655-5915-ad47-0ef0d2bff998,승리,2/5/13
#8348262173,2026-08-20 22:20,c9456c44-7c1e-5fd7-8907-737737772014,승리,16/7/15
#8348262173,2026-08-20 22:20,b0eaa8e9-4c21-5666-83bf-cfbd56778a18,승리,9/7/15
#8348262173,2026-08-20 22:20,48a9676c-6f4a-5dfb-9a36-fca24b95153a,승리,16/8/10
#8348262173,2026-08-20 22:20,32648f54-7e5b-571b-87d1-ee6ffdc14f5d,승리,3/8/24
#8348262173,2026-08-20 22:20,77a65121-6eb2-5e4a-af35-c55ad40ec191,패배,6/7/2
#8348262173,2026-08-20 22:20,c0a4bb50-24f8-5d32-b20b-3e2a730399e7,패배,6/9/10
#8348262173,2026-08-20 22:20,fd30acf7-dfb6-55e3-8ee1-8463244a92d5,패배,13/10/6
#8348262173,2026-08-20 22:20,f5b1b3fc-5819-512f-8fc4-1e3f12e480f4,패배,8/12/8
#8348262173,2026-08-20 22:20,bc7d9161-a7d7-559a-9a9f-ac3c63c6e84d,패배,1/9/13
#8348217727,2026-08-20 21:58,d4ed9d18-939c-549c-92bc-c2accb63a5f0,승리,5/3/5
#8348217727,2026-08-20 21:58,fa6d5ea3-c57a-500a-9f4d-c2c1e9265684,승리,11/0/13
#8348217727,2026-08-20 21:58,7e2bfe82-2409-5da9-968b-246723d3b167,승리,8/5/6
#8348217727,2026-08-20 21:58,f32b7e39-e110-5981-824f-907aa25cf6cc,승리,10/2/9
#8348217727,2026-08-20 21:58,cac75d28-bc8f-535a-9cba-80d88502dbd1,승리,0/2/20
#8348217727,2026-08-20 21:58,1209ec75-ab6b-59ed-8648-c9fbff1f3712,패배,1/7/5
#8348217727,2026-08-20 21:58,18dccb4d-adcd-5b3b-ac0d-eab893cc64b8,패배,2/9/4
#8348217727,2026-08-20 21:58,3a7e5239-8099-5ab5-a834-f69447b1ba0f,패배,6/8/2
#8348217727,2026-08-20 21:58,eb12b3ff-a77d-5808-8d93-524c41624fde,패배,1/5/3
#8348217727,2026-08-20 21:58,c8b636f5-f8a7-5823-8ca3-4991ac99fe8e,패배,1/5/4
#8348335419,2026-08-20 23:03,1d7539b5-5566-57d4-b9cd-5158923a589d,패배,4/7/6
#8348335419,2026-08-20 23:03,31e88dc8-bc4a-5b0e-b7f0-9d47bec34024,승리,14/2/3
#8348335419,2026-08-20 23:03,3e583936-ec9b-5f86-a923-77adcd637241,승리,3/1/10
#8348335419,2026-08-20 23:03,676f3610-d9c9-5727-a5bd-d93aac82cad2,승리,10/3/7
#8348335419,2026-08-20 23:03,3823a606-856c-5a41-9363-697967ef0d50,승리,10/6/10
#8348335419,2026-08-20 23:03,aa91628d-1def-593d-862a-968b8287a439,승리,2/4/18
#8348335419,2026-08-20 23:03,4fa46e75-96f9-5492-800a-c35afcb4bc9c,패배,1/9/0
#8348335419,2026-08-20 23:03,dc7ecf5f-0952-573d-9eae-96253295d4c5,패배,7/8/4
#8348335419,2026-08-20 23:03,8cb93ee3-3f46-5dcb-9994-de30cadcd088,패배,1/10/4
#8348335419,2026-08-20 23:03,cac75d28-bc8f-535a-9cba-80d88502dbd1,패배,3/5/5
#8348334614,2026-08-20 23:05,77a65121-6eb2-5e4a-af35-c55ad40ec191,승리,6/2/3
#8348334614,2026-08-20 23:05,e310dfda-ef55-5307-be03-e59c780ddb2f,승리,5/2/10
#8348334614,2026-08-20 23:05,fd30acf7-dfb6-55e3-8ee1-8463244a92d5,승리,3/5/8
#8348334614,2026-08-20 23:05,32648f54-7e5b-571b-87d1-ee6ffdc14f5d,승리,11/0/5
#8348334614,2026-08-20 23:05,bc7d9161-a7d7-559a-9a9f-ac3c63c6e84d,승리,2/7/17
#8348334614,2026-08-20 23:05,c0a4bb50-24f8-5d32-b20b-3e2a730399e7,패배,0/5/4
#8348334614,2026-08-20 23:05,c9456c44-7c1e-5fd7-8907-737737772014,패배,1/5/12
#8348334614,2026-08-20 23:05,b0eaa8e9-4c21-5666-83bf-cfbd56778a18,패배,5/6/5
#8348334614,2026-08-20 23:05,fc0f19c9-c655-5915-ad47-0ef0d2bff998,패배,5/5/5
#8348334614,2026-08-20 23:05,7a8ba539-7e36-5ebc-8c84-affc83acb409,패배,5/6/7
#8348415130,2026-08-20 23:46,1d7539b5-5566-57d4-b9cd-5158923a589d,패배,2/10/27
#8348415130,2026-08-20 23:46,31e88dc8-bc4a-5b0e-b7f0-9d47bec34024,패배,8/7/9
#8348415130,2026-08-20 23:46,3e583936-ec9b-5f86-a923-77adcd637241,패배,2/5/14
#8348415130,2026-08-20 23:46,3823a606-856c-5a41-9363-697967ef0d50,패배,7/6/12
#8348415130,2026-08-20 23:46,5e13fc05-ff0c-5435-80dd-63bbd252f467,패배,21/12/5
#8348415130,2026-08-20 23:46,676f3610-d9c9-5727-a5bd-d93aac82cad2,승리,4/6/15
#8348415130,2026-08-20 23:46,cac75d28-bc8f-535a-9cba-80d88502dbd1,승리,16/4/11
#8348415130,2026-08-20 23:46,dc7ecf5f-0952-573d-9eae-96253295d4c5,승리,6/11/8
#8348415130,2026-08-20 23:46,aa91628d-1def-593d-862a-968b8287a439,승리,13/8/13
#8348415130,2026-08-20 23:46,4fa46e75-96f9-5492-800a-c35afcb4bc9c,승리,1/11/25
#8348423048,2026-08-20 23:53,aa2fbfdd-c17f-5e1b-a04e-8567e1c45d5e,패배,4/5/10
#8348423048,2026-08-20 23:53,e310dfda-ef55-5307-be03-e59c780ddb2f,패배,7/6/12
#8348423048,2026-08-20 23:53,2988b6ec-4d8c-5cf7-88ea-be08c42a1416,패배,15/8/7
#8348423048,2026-08-20 23:53,606f28cb-0a7f-5055-937b-038613f448a9,패배,6/5/14
#8348423048,2026-08-20 23:53,af3c1609-d379-52f6-98b7-fe36b0ce25ea,패배,0/10/20
#8348423048,2026-08-20 23:53,1b9aa7ca-461b-5d31-8834-7816dd82589b,승리,6/9/7
#8348423048,2026-08-20 23:53,0828921a-6693-576c-b1dd-3f0594bbf637,승리,11/4/13
#8348423048,2026-08-20 23:53,7a8ba539-7e36-5ebc-8c84-affc83acb409,승리,5/5/15
#8348423048,2026-08-20 23:53,32648f54-7e5b-571b-87d1-ee6ffdc14f5d,승리,12/6/9
#8348423048,2026-08-20 23:53,3189601c-1e82-5dbd-b304-d034803ccfa2,승리,0/8/23
#8348488130,2026-08-21 00:42,1d7539b5-5566-57d4-b9cd-5158923a589d,승리,13/6/10
#8348488130,2026-08-21 00:42,676f3610-d9c9-5727-a5bd-d93aac82cad2,패배,4/10/4
#8348488130,2026-08-21 00:42,3823a606-856c-5a41-9363-697967ef0d50,패배,12/7/8
#8348488130,2026-08-21 00:42,3e583936-ec9b-5f86-a923-77adcd637241,패배,1/6/6
#8348488130,2026-08-21 00:42,8ae70a53-758c-568f-87dd-1f7c60a6b321,패배,6/6/8
#8348488130,2026-08-21 00:42,cac75d28-bc8f-535a-9cba-80d88502dbd1,패배,6/11/6
#8348488130,2026-08-21 00:42,31e88dc8-bc4a-5b0e-b7f0-9d47bec34024,승리,11/8/5
#8348488130,2026-08-21 00:42,dc7ecf5f-0952-573d-9eae-96253295d4c5,승리,7/4/17
#8348488130,2026-08-21 00:42,4fa46e75-96f9-5492-800a-c35afcb4bc9c,승리,7/4/6
#8348488130,2026-08-21 00:42,aa91628d-1def-593d-862a-968b8287a439,승리,2/7/26
#8348493673,2026-08-21 00:55,606f28cb-0a7f-5055-937b-038613f448a9,승리,3/3/16
#8348493673,2026-08-21 00:55,e25a31d2-835a-56f0-9cce-fd4438f88124,승리,14/1/10
#8348493673,2026-08-21 00:55,e310dfda-ef55-5307-be03-e59c780ddb2f,승리,4/1/15
#8348493673,2026-08-21 00:55,1b9aa7ca-461b-5d31-8834-7816dd82589b,승리,4/5/15
#8348493673,2026-08-21 00:55,3189601c-1e82-5dbd-b304-d034803ccfa2,승리,2/6/14
#8348493673,2026-08-21 00:55,aa2fbfdd-c17f-5e1b-a04e-8567e1c45d5e,패배,3/6/1
#8348493673,2026-08-21 00:55,2988b6ec-4d8c-5cf7-88ea-be08c42a1416,패배,7/5/4
#8348493673,2026-08-21 00:55,7a8ba539-7e36-5ebc-8c84-affc83acb409,패배,2/4/3
#8348493673,2026-08-21 00:55,0828921a-6693-576c-b1dd-3f0594bbf637,패배,1/5/5
#8348493673,2026-08-21 00:55,af3c1609-d379-52f6-98b7-fe36b0ce25ea,패배,3/7/10
#8348548342,2026-08-21 01:43,606f28cb-0a7f-5055-937b-038613f448a9,승리,9/5/4
#8348548342,2026-08-21 01:43,aa2fbfdd-c17f-5e1b-a04e-8567e1c45d5e,패배,2/7/10
#8348548342,2026-08-21 01:43,e25a31d2-835a-56f0-9cce-fd4438f88124,패배,5/8/11
#8348548342,2026-08-21 01:43,e310dfda-ef55-5307-be03-e59c780ddb2f,패배,11/6/9
#8348548342,2026-08-21 01:43,7a8ba539-7e36-5ebc-8c84-affc83acb409,패배,7/5/9
#8348548342,2026-08-21 01:43,af3c1609-d379-52f6-98b7-fe36b0ce25ea,패배,2/3/16
#8348548342,2026-08-21 01:43,1b9aa7ca-461b-5d31-8834-7816dd82589b,승리,5/3/10
#8348548342,2026-08-21 01:43,0828921a-6693-576c-b1dd-3f0594bbf637,승리,6/2/16
#8348548342,2026-08-21 01:43,c23b7868-d95a-59be-b81b-6cf5103b4827,승리,8/10/5
#8348548342,2026-08-21 01:43,3189601c-1e82-5dbd-b304-d034803ccfa2,승리,1/7/15
#8348590563,2026-08-21 02:44,606f28cb-0a7f-5055-937b-038613f448a9,승리,4/2/7
#8348590563,2026-08-21 02:44,f691451d-87d3-5db5-94cf-22971436cf70,패배,3/5/2
#8348590563,2026-08-21 02:44,af3c1609-d379-52f6-98b7-fe36b0ce25ea,패배,5/7/4
#8348590563,2026-08-21 02:44,7a8ba539-7e36-5ebc-8c84-affc83acb409,패배,4/6/7
#8348590563,2026-08-21 02:44,f16dd14b-4d23-5799-b821-a3bc8ca71761,패배,2/7/4
#8348590563,2026-08-21 02:44,3189601c-1e82-5dbd-b304-d034803ccfa2,패배,3/4/8
#8348590563,2026-08-21 02:44,e25a31d2-835a-56f0-9cce-fd4438f88124,승리,4/5/7
#8348590563,2026-08-21 02:44,0828921a-6693-576c-b1dd-3f0594bbf637,승리,9/1/8
#8348590563,2026-08-21 02:44,e310dfda-ef55-5307-be03-e59c780ddb2f,승리,11/4/6
#8348590563,2026-08-21 02:44,1b9aa7ca-461b-5d31-8834-7816dd82589b,승리,1/6/15
#8348610927,2026-08-21 03:40,31e88dc8-bc4a-5b0e-b7f0-9d47bec34024,승리,7/2/3
#8348610927,2026-08-21 03:40,e310dfda-ef55-5307-be03-e59c780ddb2f,승리,3/4/11
#8348610927,2026-08-21 03:40,7a8ba539-7e36-5ebc-8c84-affc83acb409,승리,4/4/7
#8348610927,2026-08-21 03:40,5e13fc05-ff0c-5435-80dd-63bbd252f467,승리,8/8/6
#8348610927,2026-08-21 03:40,3189601c-1e82-5dbd-b304-d034803ccfa2,승리,2/8/11
#8348610927,2026-08-21 03:40,af3c1609-d379-52f6-98b7-fe36b0ce25ea,패배,1/6/6
#8348610927,2026-08-21 03:40,0828921a-6693-576c-b1dd-3f0594bbf637,패배,9/3/7
#8348610927,2026-08-21 03:40,1b9aa7ca-461b-5d31-8834-7816dd82589b,패배,5/4/9
#8348610927,2026-08-21 03:40,8ae70a53-758c-568f-87dd-1f7c60a6b321,패배,11/6/4
#8348610927,2026-08-21 03:40,f16dd14b-4d23-5799-b821-a3bc8ca71761,패배,0/5/17
#8348637478,2026-08-21 04:30,5e13fc05-ff0c-5435-80dd-63bbd252f467,패배,2/10/8
#8348637478,2026-08-21 04:30,0828921a-6693-576c-b1dd-3f0594bbf637,패배,8/4/10
#8348637478,2026-08-21 04:30,1b9aa7ca-461b-5d31-8834-7816dd82589b,패배,9/6/3
#8348637478,2026-08-21 04:30,af3c1609-d379-52f6-98b7-fe36b0ce25ea,패배,11/4/8
#8348637478,2026-08-21 04:30,3189601c-1e82-5dbd-b304-d034803ccfa2,패배,4/7/16
#8348637478,2026-08-21 04:30,31e88dc8-bc4a-5b0e-b7f0-9d47bec34024,승리,9/6/7
#8348637478,2026-08-21 04:30,e310dfda-ef55-5307-be03-e59c780ddb2f,승리,8/6/10
#8348637478,2026-08-21 04:30,7a8ba539-7e36-5ebc-8c84-affc83acb409,승리,4/4/13
#8348637478,2026-08-21 04:30,8ae70a53-758c-568f-87dd-1f7c60a6b321,승리,9/11/6
#8348637478,2026-08-21 04:30,f16dd14b-4d23-5799-b821-a3bc8ca71761,승리,1/8/18
#8348641962,2026-08-21 05:35,0a7b4119-42e6-502f-afa3-80e33dde1025,승리,3/8/9
#8348641962,2026-08-21 05:35,7a8ba539-7e36-5ebc-8c84-affc83acb409,승리,6/4/5
#8348641962,2026-08-21 05:35,0828921a-6693-576c-b1dd-3f0594bbf637,승리,3/2/17
#8348641962,2026-08-21 05:35,aa91628d-1def-593d-862a-968b8287a439,승리,18/2/4
#8348641962,2026-08-21 05:35,3189601c-1e82-5dbd-b304-d034803ccfa2,승리,3/2/22
#8348641962,2026-08-21 05:35,31e88dc8-bc4a-5b0e-b7f0-9d47bec34024,패배,11/5/0
#8348641962,2026-08-21 05:35,571b9bb0-8cd9-5b9e-81e6-814b49141ad4,패배,2/3/4
#8348641962,2026-08-21 05:35,e310dfda-ef55-5307-be03-e59c780ddb2f,패배,2/7/6
#8348641962,2026-08-21 05:35,8ae70a53-758c-568f-87dd-1f7c60a6b321,패배,2/7/3
#8348641962,2026-08-21 05:35,5e13fc05-ff0c-5435-80dd-63bbd252f467,패배,1/11/3
#8349202716,2026-08-21 20:27,bc7d9161-a7d7-559a-9a9f-ac3c63c6e84d,패배,1/9/12
#8349202716,2026-08-21 20:27,1a69a4f5-32c7-57f9-be56-fb56bf263513,패배,6/4/9
#8349202716,2026-08-21 20:27,108ad62e-8642-5e2e-88b4-f0cc8b19efa4,패배,1/5/7
#8349202716,2026-08-21 20:27,79079bf7-8099-53bc-93f8-ea308ffd9170,패배,12/5/3
#8349202716,2026-08-21 20:27,9698fdaf-6098-5b6c-80f4-e1b06071009c,패배,2/7/11
#8349202716,2026-08-21 20:27,676f3610-d9c9-5727-a5bd-d93aac82cad2,승리,4/4/8
#8349202716,2026-08-21 20:27,af3c1609-d379-52f6-98b7-fe36b0ce25ea,승리,5/6/13
#8349202716,2026-08-21 20:27,fd30acf7-dfb6-55e3-8ee1-8463244a92d5,승리,9/6/11
#8349202716,2026-08-21 20:27,48a9676c-6f4a-5dfb-9a36-fca24b95153a,승리,11/2/12
#8349202716,2026-08-21 20:27,606f28cb-0a7f-5055-937b-038613f448a9,승리,1/4/22
#8349204750,2026-08-21 20:28,1f538f56-a518-52c5-bb47-38b1b42846d6,패배,0/10/5
#8349204750,2026-08-21 20:28,38fbcc23-1703-519b-bc1f-07be1d00c74a,승리,7/1/11
#8349204750,2026-08-21 20:28,f5b1b3fc-5819-512f-8fc4-1e3f12e480f4,승리,7/2/16
#8349204750,2026-08-21 20:28,78b31098-ad76-51b0-afac-616c7086f958,승리,10/0/11
#8349204750,2026-08-21 20:28,aa91628d-1def-593d-862a-968b8287a439,승리,7/7/13
#8349204750,2026-08-21 20:28,cdbeeaa3-2d54-5732-8cbe-e5643e6561f4,승리,3/4/24
#8349204750,2026-08-21 20:28,5e13fc05-ff0c-5435-80dd-63bbd252f467,패배,4/7/4
#8349204750,2026-08-21 20:28,dc7ecf5f-0952-573d-9eae-96253295d4c5,패배,3/7/3
#8349204750,2026-08-21 20:28,7a8ba539-7e36-5ebc-8c84-affc83acb409,패배,3/4/3
#8349204750,2026-08-21 20:28,fc0f19c9-c655-5915-ad47-0ef0d2bff998,패배,4/6/3
#8349209931,2026-08-21 20:34,0a7b4119-42e6-502f-afa3-80e33dde1025,패배,0/5/5
#8349209931,2026-08-21 20:34,2988b6ec-4d8c-5cf7-88ea-be08c42a1416,승리,5/2/11
#8349209931,2026-08-21 20:34,15e34f7e-6eb9-5638-b11d-47284ddad510,승리,3/1/10
#8349209931,2026-08-21 20:34,f6913164-7a0a-5d4f-a898-54665431820b,승리,10/1/11
#8349209931,2026-08-21 20:34,a2cff7d6-9172-5eb9-aa2d-56c3f2b0182f,승리,8/5/9
#8349209931,2026-08-21 20:34,a2285c3c-c7f4-5d41-b7a0-d60bed3078bf,승리,2/2/22
#8349209931,2026-08-21 20:34,aa2fbfdd-c17f-5e1b-a04e-8567e1c45d5e,패배,2/5/2
#8349209931,2026-08-21 20:34,c0d32782-292b-5483-9fc0-711fa33cd94f,패배,5/5/5
#8349209931,2026-08-21 20:34,32648f54-7e5b-571b-87d1-ee6ffdc14f5d,패배,3/6/7
#8349209931,2026-08-21 20:34,3189601c-1e82-5dbd-b304-d034803ccfa2,패배,1/7/5
#8349230001,2026-08-21 20:37,898843b8-3f65-555f-9dcb-d566ebcd206e,패배,0/2/3
#8349230001,2026-08-21 20:37,f691451d-87d3-5db5-94cf-22971436cf70,패배,2/5/0
#8349230001,2026-08-21 20:37,97e307f3-f84d-5b46-9ac5-b8edba86bfa5,패배,0/3/1
#8349230001,2026-08-21 20:37,3ecbcaa4-8cf5-5e3f-94c0-89d8af23ee8b,패배,1/3/1
#8349230001,2026-08-21 20:37,dd48b93f-132a-56f2-aa29-95bddefc4a53,패배,0/7/2
#8349230001,2026-08-21 20:37,77a65121-6eb2-5e4a-af35-c55ad40ec191,승리,5/2/6
#8349230001,2026-08-21 20:37,571b9bb0-8cd9-5b9e-81e6-814b49141ad4,승리,6/0/11
#8349230001,2026-08-21 20:37,454320a7-8c33-58cc-a8ce-300dd2f3c4b9,승리,4/0/8
#8349230001,2026-08-21 20:37,1d7539b5-5566-57d4-b9cd-5158923a589d,승리,4/1/11
#8349230001,2026-08-21 20:37,d1be77cf-ec1d-5f75-a245-1313608cae4d,승리,1/0/17
#8349282315,2026-08-21 21:13,1f538f56-a518-52c5-bb47-38b1b42846d6,승리,0/6/10
#8349282315,2026-08-21 21:13,5e13fc05-ff0c-5435-80dd-63bbd252f467,승리,7/1/5
#8349282315,2026-08-21 21:13,dc7ecf5f-0952-573d-9eae-96253295d4c5,승리,7/0/10
#8349282315,2026-08-21 21:13,7a8ba539-7e36-5ebc-8c84-affc83acb409,승리,7/2/7
#8349282315,2026-08-21 21:13,fc0f19c9-c655-5915-ad47-0ef0d2bff998,승리,3/2/3
#8349282315,2026-08-21 21:13,38fbcc23-1703-519b-bc1f-07be1d00c74a,패배,0/7/5
#8349282315,2026-08-21 21:13,f5b1b3fc-5819-512f-8fc4-1e3f12e480f4,패배,3/5/7
#8349282315,2026-08-21 21:13,78b31098-ad76-51b0-afac-616c7086f958,패배,4/4/0
#8349282315,2026-08-21 21:13,aa91628d-1def-593d-862a-968b8287a439,패배,2/5/4
#8349282315,2026-08-21 21:13,cdbeeaa3-2d54-5732-8cbe-e5643e6561f4,패배,2/3/6
#8349281597,2026-08-21 21:16,0a7b4119-42e6-502f-afa3-80e33dde1025,패배,1/6/2
#8349281597,2026-08-21 21:16,aa2fbfdd-c17f-5e1b-a04e-8567e1c45d5e,패배,0/4/1
#8349281597,2026-08-21 21:16,c0d32782-292b-5483-9fc0-711fa33cd94f,패배,7/6/0
#8349281597,2026-08-21 21:16,32648f54-7e5b-571b-87d1-ee6ffdc14f5d,패배,2/5/2
#8349281597,2026-08-21 21:16,3189601c-1e82-5dbd-b304-d034803ccfa2,패배,0/7/4
#8349281597,2026-08-21 21:16,2988b6ec-4d8c-5cf7-88ea-be08c42a1416,승리,2/1/13
#8349281597,2026-08-21 21:16,15e34f7e-6eb9-5638-b11d-47284ddad510,승리,7/2/14
#8349281597,2026-08-21 21:16,f6913164-7a0a-5d4f-a898-54665431820b,승리,6/3/17
#8349281597,2026-08-21 21:16,a2cff7d6-9172-5eb9-aa2d-56c3f2b0182f,승리,12/3/8
#8349281597,2026-08-21 21:16,a2285c3c-c7f4-5d41-b7a0-d60bed3078bf,승리,1/1/23
#8349291484,2026-08-21 21:20,77a65121-6eb2-5e4a-af35-c55ad40ec191,승리,4/5/17
#8349291484,2026-08-21 21:20,571b9bb0-8cd9-5b9e-81e6-814b49141ad4,승리,9/5/13
#8349291484,2026-08-21 21:20,454320a7-8c33-58cc-a8ce-300dd2f3c4b9,승리,9/7/7
#8349291484,2026-08-21 21:20,1d7539b5-5566-57d4-b9cd-5158923a589d,승리,10/4/14
#8349291484,2026-08-21 21:20,d1be77cf-ec1d-5f75-a245-1313608cae4d,승리,1/7/23
#8349291484,2026-08-21 21:20,f691451d-87d3-5db5-94cf-22971436cf70,패배,2/6/7
#8349291484,2026-08-21 21:20,898843b8-3f65-555f-9dcb-d566ebcd206e,패배,6/6/18
#8349291484,2026-08-21 21:20,3ecbcaa4-8cf5-5e3f-94c0-89d8af23ee8b,패배,7/8/16
#8349291484,2026-08-21 21:20,97e307f3-f84d-5b46-9ac5-b8edba86bfa5,패배,13/5/8
#8349291484,2026-08-21 21:20,dd48b93f-132a-56f2-aa29-95bddefc4a53,패배,0/8/22
#8349311092,2026-08-21 21:27,606f28cb-0a7f-5055-937b-038613f448a9,패배,0/8/18
#8349311092,2026-08-21 21:27,676f3610-d9c9-5727-a5bd-d93aac82cad2,패배,8/9/8
#8349311092,2026-08-21 21:27,af3c1609-d379-52f6-98b7-fe36b0ce25ea,패배,11/6/11
#8349311092,2026-08-21 21:27,fd30acf7-dfb6-55e3-8ee1-8463244a92d5,패배,8/9/8
#8349311092,2026-08-21 21:27,48a9676c-6f4a-5dfb-9a36-fca24b95153a,패배,0/5/13
#8349311092,2026-08-21 21:27,1a69a4f5-32c7-57f9-be56-fb56bf263513,승리,9/6/6
#8349311092,2026-08-21 21:27,108ad62e-8642-5e2e-88b4-f0cc8b19efa4,승리,7/3/14
#8349311092,2026-08-21 21:27,79079bf7-8099-53bc-93f8-ea308ffd9170,승리,14/8/15
#8349311092,2026-08-21 21:27,9698fdaf-6098-5b6c-80f4-e1b06071009c,승리,6/2/12
#8349311092,2026-08-21 21:27,bc7d9161-a7d7-559a-9a9f-ac3c63c6e84d,승리,1/8/24
#8349339670,2026-08-21 21:51,38fbcc23-1703-519b-bc1f-07be1d00c74a,패배,3/4/2
#8349339670,2026-08-21 21:51,f5b1b3fc-5819-512f-8fc4-1e3f12e480f4,패배,6/6/3
#8349339670,2026-08-21 21:51,78b31098-ad76-51b0-afac-616c7086f958,패배,2/8/1
#8349339670,2026-08-21 21:51,cdbeeaa3-2d54-5732-8cbe-e5643e6561f4,패배,4/5/3
#8349339670,2026-08-21 21:51,aa91628d-1def-593d-862a-968b8287a439,패배,2/7/6
#8349339670,2026-08-21 21:51,7a8ba539-7e36-5ebc-8c84-affc83acb409,승리,1/3/8
#8349339670,2026-08-21 21:51,dc7ecf5f-0952-573d-9eae-96253295d4c5,승리,6/1/11
#8349339670,2026-08-21 21:51,5e13fc05-ff0c-5435-80dd-63bbd252f467,승리,4/5/15
#8349339670,2026-08-21 21:51,fc0f19c9-c655-5915-ad47-0ef0d2bff998,승리,15/4/7
#8349339670,2026-08-21 21:51,1f538f56-a518-52c5-bb47-38b1b42846d6,승리,3/4/15
#8349394293,2026-08-21 22:13,606f28cb-0a7f-5055-937b-038613f448a9,패배,0/5/8
#8349394293,2026-08-21 22:13,1a69a4f5-32c7-57f9-be56-fb56bf263513,승리,8/1/4
#8349394293,2026-08-21 22:13,108ad62e-8642-5e2e-88b4-f0cc8b19efa4,승리,3/2/12
#8349394293,2026-08-21 22:13,79079bf7-8099-53bc-93f8-ea308ffd9170,승리,5/3/6
#8349394293,2026-08-21 22:13,9698fdaf-6098-5b6c-80f4-e1b06071009c,승리,4/1/7
#8349394293,2026-08-21 22:13,bc7d9161-a7d7-559a-9a9f-ac3c63c6e84d,승리,2/3/15
#8349394293,2026-08-21 22:13,676f3610-d9c9-5727-a5bd-d93aac82cad2,패배,2/7/2
#8349394293,2026-08-21 22:13,af3c1609-d379-52f6-98b7-fe36b0ce25ea,패배,7/3/1
#8349394293,2026-08-21 22:13,fd30acf7-dfb6-55e3-8ee1-8463244a92d5,패배,1/3/5
#8349394293,2026-08-21 22:13,48a9676c-6f4a-5dfb-9a36-fca24b95153a,패배,0/4/5
#8349397688,2026-08-21 22:19,15e34f7e-6eb9-5638-b11d-47284ddad510,승리,2/4/17
#8349397688,2026-08-21 22:19,2988b6ec-4d8c-5cf7-88ea-be08c42a1416,승리,5/1/12
#8349397688,2026-08-21 22:19,f6913164-7a0a-5d4f-a898-54665431820b,승리,11/2/10
#8349397688,2026-08-21 22:19,a2cff7d6-9172-5eb9-aa2d-56c3f2b0182f,승리,10/2/9
#8349397688,2026-08-21 22:19,a2285c3c-c7f4-5d41-b7a0-d60bed3078bf,승리,1/2/24
#8349397688,2026-08-21 22:19,77a65121-6eb2-5e4a-af35-c55ad40ec191,패배,2/4/0
#8349397688,2026-08-21 22:19,571b9bb0-8cd9-5b9e-81e6-814b49141ad4,패배,4/7/4
#8349397688,2026-08-21 22:19,454320a7-8c33-58cc-a8ce-300dd2f3c4b9,패배,5/5/5
#8349397688,2026-08-21 22:19,1d7539b5-5566-57d4-b9cd-5158923a589d,패배,0/7/4
#8349397688,2026-08-21 22:19,d1be77cf-ec1d-5f75-a245-1313608cae4d,패배,0/6/6
#8349490713,2026-08-21 23:05,1f538f56-a518-52c5-bb47-38b1b42846d6,승리,0/8/21
#8349490713,2026-08-21 23:05,1a69a4f5-32c7-57f9-be56-fb56bf263513,패배,5/5/19
#8349490713,2026-08-21 23:05,108ad62e-8642-5e2e-88b4-f0cc8b19efa4,패배,3/6/20
#8349490713,2026-08-21 23:05,79079bf7-8099-53bc-93f8-ea308ffd9170,패배,13/7/11
#8349490713,2026-08-21 23:05,9698fdaf-6098-5b6c-80f4-e1b06071009c,패배,5/4/15
#8349490713,2026-08-21 23:05,bc7d9161-a7d7-559a-9a9f-ac3c63c6e84d,패배,1/7/20
#8349490713,2026-08-21 23:05,5e13fc05-ff0c-5435-80dd-63bbd252f467,승리,4/5/14
#8349490713,2026-08-21 23:05,dc7ecf5f-0952-573d-9eae-96253295d4c5,승리,10/2/12
#8349490713,2026-08-21 23:05,7a8ba539-7e36-5ebc-8c84-affc83acb409,승리,4/9/16
#8349490713,2026-08-21 23:05,fc0f19c9-c655-5915-ad47-0ef0d2bff998,승리,11/3/9
#8349491586,2026-08-21 23:09,606f28cb-0a7f-5055-937b-038613f448a9,패배,2/4/1
#8349491586,2026-08-21 23:09,676f3610-d9c9-5727-a5bd-d93aac82cad2,패배,2/1/0
#8349491586,2026-08-21 23:09,f16dd14b-4d23-5799-b821-a3bc8ca71761,패배,1/5/1
#8349491586,2026-08-21 23:09,32648f54-7e5b-571b-87d1-ee6ffdc14f5d,패배,1/6/3
#8349491586,2026-08-21 23:09,aa91628d-1def-593d-862a-968b8287a439,패배,2/4/1
#8349491586,2026-08-21 23:09,af3c1609-d379-52f6-98b7-fe36b0ce25ea,승리,1/2/2
#8349491586,2026-08-21 23:09,c0d32782-292b-5483-9fc0-711fa33cd94f,승리,3/0/6
#8349491586,2026-08-21 23:09,f5b1b3fc-5819-512f-8fc4-1e3f12e480f4,승리,2/2/1
#8349491586,2026-08-21 23:09,4aa66eba-e75c-5e2e-8981-3451f6f89d18,승리,12/2/3
#8349491586,2026-08-21 23:09,3189601c-1e82-5dbd-b304-d034803ccfa2,승리,2/2/12
#8349543858,2026-08-21 23:36,606f28cb-0a7f-5055-937b-038613f448a9,승리,8/3/15
#8349543858,2026-08-21 23:36,af3c1609-d379-52f6-98b7-fe36b0ce25ea,승리,6/2/12
#8349543858,2026-08-21 23:36,c0d32782-292b-5483-9fc0-711fa33cd94f,승리,24/3/6
#8349543858,2026-08-21 23:36,f5b1b3fc-5819-512f-8fc4-1e3f12e480f4,승리,1/8/23
#8349543858,2026-08-21 23:36,3189601c-1e82-5dbd-b304-d034803ccfa2,승리,3/2/27
#8349543858,2026-08-21 23:36,676f3610-d9c9-5727-a5bd-d93aac82cad2,패배,1/6/2
#8349543858,2026-08-21 23:36,4aa66eba-e75c-5e2e-8981-3451f6f89d18,패배,5/8/5
#8349543858,2026-08-21 23:36,f16dd14b-4d23-5799-b821-a3bc8ca71761,패배,2/7/10
#8349543858,2026-08-21 23:36,32648f54-7e5b-571b-87d1-ee6ffdc14f5d,패배,8/11/4
#8349543858,2026-08-21 23:36,aa91628d-1def-593d-862a-968b8287a439,패배,2/10/7
#8349614883,2026-08-22 00:05,15e34f7e-6eb9-5638-b11d-47284ddad510,패배,1/7/8
#8349614883,2026-08-22 00:05,5e13fc05-ff0c-5435-80dd-63bbd252f467,승리,2/2/7
#8349614883,2026-08-22 00:05,dc7ecf5f-0952-573d-9eae-96253295d4c5,승리,7/2/17
#8349614883,2026-08-22 00:05,7a8ba539-7e36-5ebc-8c84-affc83acb409,승리,11/1/14
#8349614883,2026-08-22 00:05,fc0f19c9-c655-5915-ad47-0ef0d2bff998,승리,14/2/9
#8349614883,2026-08-22 00:05,1f538f56-a518-52c5-bb47-38b1b42846d6,승리,2/5/21
#8349614883,2026-08-22 00:05,2988b6ec-4d8c-5cf7-88ea-be08c42a1416,패배,4/6/2
#8349614883,2026-08-22 00:05,f6913164-7a0a-5d4f-a898-54665431820b,패배,4/8/5
#8349614883,2026-08-22 00:05,a2cff7d6-9172-5eb9-aa2d-56c3f2b0182f,패배,3/8/3
#8349614883,2026-08-22 00:05,a2285c3c-c7f4-5d41-b7a0-d60bed3078bf,패배,0/7/10
#8349638817,2026-08-22 00:22,606f28cb-0a7f-5055-937b-038613f448a9,패배,9/7/9
#8349638817,2026-08-22 00:22,af3c1609-d379-52f6-98b7-fe36b0ce25ea,패배,1/4/10
#8349638817,2026-08-22 00:22,f5b1b3fc-5819-512f-8fc4-1e3f12e480f4,패배,11/8/9
#8349638817,2026-08-22 00:22,4aa66eba-e75c-5e2e-8981-3451f6f89d18,패배,9/6/6
#8349638817,2026-08-22 00:22,aa91628d-1def-593d-862a-968b8287a439,패배,0/10/15
#8349638817,2026-08-22 00:22,676f3610-d9c9-5727-a5bd-d93aac82cad2,승리,7/3/4
#8349638817,2026-08-22 00:22,c0d32782-292b-5483-9fc0-711fa33cd94f,승리,7/6/13
#8349638817,2026-08-22 00:22,f16dd14b-4d23-5799-b821-a3bc8ca71761,승리,3/8/13
#8349638817,2026-08-22 00:22,32648f54-7e5b-571b-87d1-ee6ffdc14f5d,승리,15/5/9
#8349638817,2026-08-22 00:22,3189601c-1e82-5dbd-b304-d034803ccfa2,승리,3/8/21
#8349732550,2026-08-22 01:09,1b9aa7ca-461b-5d31-8834-7816dd82589b,승리,8/8/13
#8349732550,2026-08-22 01:09,676f3610-d9c9-5727-a5bd-d93aac82cad2,승리,12/6/18
#8349732550,2026-08-22 01:09,e310dfda-ef55-5307-be03-e59c780ddb2f,승리,11/5/18
#8349732550,2026-08-22 01:09,48a9676c-6f4a-5dfb-9a36-fca24b95153a,승리,17/11/7
#8349732550,2026-08-22 01:09,dd292162-22fe-59b5-9f3e-7dc56a96567d,승리,1/8/25
#8349732550,2026-08-22 01:09,c0d32782-292b-5483-9fc0-711fa33cd94f,패배,10/12/10
#8349732550,2026-08-22 01:09,af3c1609-d379-52f6-98b7-fe36b0ce25ea,패배,16/5/14
#8349732550,2026-08-22 01:09,f16dd14b-4d23-5799-b821-a3bc8ca71761,패배,3/12/10
#8349732550,2026-08-22 01:09,606f28cb-0a7f-5055-937b-038613f448a9,패배,8/8/13
#8349732550,2026-08-22 01:09,3189601c-1e82-5dbd-b304-d034803ccfa2,패배,1/12/20
#8349813770,2026-08-22 02:08,1b9aa7ca-461b-5d31-8834-7816dd82589b,승리,7/6/6
#8349813770,2026-08-22 02:08,af3c1609-d379-52f6-98b7-fe36b0ce25ea,패배,13/6/5
#8349813770,2026-08-22 02:08,e310dfda-ef55-5307-be03-e59c780ddb2f,패배,4/6/11
#8349813770,2026-08-22 02:08,c23b7868-d95a-59be-b81b-6cf5103b4827,패배,16/6/8
#8349813770,2026-08-22 02:08,0b69abc1-a13f-5185-85f8-30968b3f5c08,패배,2/11/6
#8349813770,2026-08-22 02:08,3189601c-1e82-5dbd-b304-d034803ccfa2,패배,2/14/13
#8349813770,2026-08-22 02:08,606f28cb-0a7f-5055-937b-038613f448a9,승리,3/10/15
#8349813770,2026-08-22 02:08,c0d32782-292b-5483-9fc0-711fa33cd94f,승리,11/8/21
#8349813770,2026-08-22 02:08,dc7ecf5f-0952-573d-9eae-96253295d4c5,승리,16/6/19
#8349813770,2026-08-22 02:08,f16dd14b-4d23-5799-b821-a3bc8ca71761,승리,6/7/20
#8350878742,2026-08-22 21:45,5e13fc05-ff0c-5435-80dd-63bbd252f467,승리,5/2/4
#8350878742,2026-08-22 21:45,f5b1b3fc-5819-512f-8fc4-1e3f12e480f4,승리,6/1/9
#8350878742,2026-08-22 21:45,9cf20ad8-ea37-5c6b-a6f7-3b5d69dce526,승리,5/3/3
#8350878742,2026-08-22 21:45,fc0f19c9-c655-5915-ad47-0ef0d2bff998,승리,6/4/5
#8350878742,2026-08-22 21:45,f16dd14b-4d23-5799-b821-a3bc8ca71761,승리,1/0/13
#8350878742,2026-08-22 21:45,bc7d9161-a7d7-559a-9a9f-ac3c63c6e84d,패배,0/7/2
#8350878742,2026-08-22 21:45,3e583936-ec9b-5f86-a923-77adcd637241,패배,3/3/3
#8350878742,2026-08-22 21:45,33d4446b-a1b9-5b44-ae8a-2009b77218d4,패배,2/3/3
#8350878742,2026-08-22 21:45,702dbc2f-105c-5ec9-b414-b980ad393153,패배,2/7/3
#8350878742,2026-08-22 21:45,dd292162-22fe-59b5-9f3e-7dc56a96567d,패배,3/3/3
#8350895962,2026-08-22 21:53,1d7539b5-5566-57d4-b9cd-5158923a589d,패배,8/6/7
#8350895962,2026-08-22 21:53,77a65121-6eb2-5e4a-af35-c55ad40ec191,패배,0/3/4
#8350895962,2026-08-22 21:53,c0a4bb50-24f8-5d32-b20b-3e2a730399e7,패배,10/4/4
#8350895962,2026-08-22 21:53,d18ec7c7-d61a-58b8-98d9-ee36e9b5ce58,패배,1/6/8
#8350895962,2026-08-22 21:53,aa2fbfdd-c17f-5e1b-a04e-8567e1c45d5e,패배,1/6/13
#8350895962,2026-08-22 21:53,fa6d5ea3-c57a-500a-9f4d-c2c1e9265684,승리,7/3/2
#8350895962,2026-08-22 21:53,b374355f-b65d-52fe-990b-5e6accd3ae9c,승리,2/3/13
#8350895962,2026-08-22 21:53,fd30acf7-dfb6-55e3-8ee1-8463244a92d5,승리,5/2/10
#8350895962,2026-08-22 21:53,48a9676c-6f4a-5dfb-9a36-fca24b95153a,승리,8/8/9
#8350895962,2026-08-22 21:53,898843b8-3f65-555f-9dcb-d566ebcd206e,승리,3/4/15
#8350960957,2026-08-22 22:25,5e13fc05-ff0c-5435-80dd-63bbd252f467,승리,11/9/6
#8350960957,2026-08-22 22:25,3e583936-ec9b-5f86-a923-77adcd637241,승리,7/8/8
#8350960957,2026-08-22 22:25,33d4446b-a1b9-5b44-ae8a-2009b77218d4,승리,8/7/5
#8350960957,2026-08-22 22:25,fc0f19c9-c655-5915-ad47-0ef0d2bff998,승리,8/5/8
#8350960957,2026-08-22 22:25,f16dd14b-4d23-5799-b821-a3bc8ca71761,승리,1/5/20
#8350960957,2026-08-22 22:25,702dbc2f-105c-5ec9-b414-b980ad393153,패배,12/9/12
#8350960957,2026-08-22 22:25,bc7d9161-a7d7-559a-9a9f-ac3c63c6e84d,패배,7/4/11
#8350960957,2026-08-22 22:25,9cf20ad8-ea37-5c6b-a6f7-3b5d69dce526,패배,8/8/5
#8350960957,2026-08-22 22:25,f5b1b3fc-5819-512f-8fc4-1e3f12e480f4,패배,7/11/5
#8350960957,2026-08-22 22:25,dd292162-22fe-59b5-9f3e-7dc56a96567d,패배,0/3/18
#8350993440,2026-08-22 22:33,1d7539b5-5566-57d4-b9cd-5158923a589d,승리,13/5/8
#8350993440,2026-08-22 22:33,aa2fbfdd-c17f-5e1b-a04e-8567e1c45d5e,패배,4/6/2
#8350993440,2026-08-22 22:33,d18ec7c7-d61a-58b8-98d9-ee36e9b5ce58,패배,5/8/8
#8350993440,2026-08-22 22:33,fd30acf7-dfb6-55e3-8ee1-8463244a92d5,패배,2/9/6
#8350993440,2026-08-22 22:33,48a9676c-6f4a-5dfb-9a36-fca24b95153a,패배,8/6/2
#8350993440,2026-08-22 22:33,898843b8-3f65-555f-9dcb-d566ebcd206e,패배,1/8/13
#8350993440,2026-08-22 22:33,c0a4bb50-24f8-5d32-b20b-3e2a730399e7,승리,1/6/13
#8350993440,2026-08-22 22:33,77a65121-6eb2-5e4a-af35-c55ad40ec191,승리,5/2/16
#8350993440,2026-08-22 22:33,fa6d5ea3-c57a-500a-9f4d-c2c1e9265684,승리,11/4/11
#8350993440,2026-08-22 22:33,b374355f-b65d-52fe-990b-5e6accd3ae9c,승리,7/3/14
#8351089658,2026-08-22 23:19,1d7539b5-5566-57d4-b9cd-5158923a589d,승리,6/5/15
#8351089658,2026-08-22 23:19,c0a4bb50-24f8-5d32-b20b-3e2a730399e7,패배,3/9/9
#8351089658,2026-08-22 23:19,898843b8-3f65-555f-9dcb-d566ebcd206e,패배,7/9/10
#8351089658,2026-08-22 23:19,fd30acf7-dfb6-55e3-8ee1-8463244a92d5,패배,8/12/9
#8351089658,2026-08-22 23:19,48a9676c-6f4a-5dfb-9a36-fca24b95153a,패배,7/9/11
#8351089658,2026-08-22 23:19,d18ec7c7-d61a-58b8-98d9-ee36e9b5ce58,패배,5/15/9
#8351089658,2026-08-22 23:19,aa2fbfdd-c17f-5e1b-a04e-8567e1c45d5e,승리,11/3/7
#8351089658,2026-08-22 23:19,77a65121-6eb2-5e4a-af35-c55ad40ec191,승리,13/6/8
#8351089658,2026-08-22 23:19,f691451d-87d3-5db5-94cf-22971436cf70,승리,17/8/13
#8351089658,2026-08-22 23:19,aa91628d-1def-593d-862a-968b8287a439,승리,7/8/24
#8351093683,2026-08-22 23:22,702dbc2f-105c-5ec9-b414-b980ad393153,승리,4/7/11
#8351093683,2026-08-22 23:22,f5b1b3fc-5819-512f-8fc4-1e3f12e480f4,승리,19/8/5
#8351093683,2026-08-22 23:22,f16dd14b-4d23-5799-b821-a3bc8ca71761,승리,5/5/9
#8351093683,2026-08-22 23:22,fc0f19c9-c655-5915-ad47-0ef0d2bff998,승리,7/3/12
#8351093683,2026-08-22 23:22,bc7d9161-a7d7-559a-9a9f-ac3c63c6e84d,승리,2/5/20
#8351093683,2026-08-22 23:22,9cf20ad8-ea37-5c6b-a6f7-3b5d69dce526,패배,3/9/4
#8351093683,2026-08-22 23:22,3e583936-ec9b-5f86-a923-77adcd637241,패배,6/8/12
#8351093683,2026-08-22 23:22,33d4446b-a1b9-5b44-ae8a-2009b77218d4,패배,11/5/4
#8351093683,2026-08-22 23:22,5e13fc05-ff0c-5435-80dd-63bbd252f467,패배,6/8/10
#8351093683,2026-08-22 23:22,dd292162-22fe-59b5-9f3e-7dc56a96567d,패배,2/7/13
#8351206008,2026-08-23 00:06,1d7539b5-5566-57d4-b9cd-5158923a589d,패배,13/9/8
#8351206008,2026-08-23 00:06,676f3610-d9c9-5727-a5bd-d93aac82cad2,패배,5/8/6
#8351206008,2026-08-23 00:06,c0a4bb50-24f8-5d32-b20b-3e2a730399e7,패배,5/13/11
#8351206008,2026-08-23 00:06,d18ec7c7-d61a-58b8-98d9-ee36e9b5ce58,패배,4/14/11
#8351206008,2026-08-23 00:06,898843b8-3f65-555f-9dcb-d566ebcd206e,패배,3/8/17
#8351206008,2026-08-23 00:06,aa2fbfdd-c17f-5e1b-a04e-8567e1c45d5e,승리,2/7/15
#8351206008,2026-08-23 00:06,ce01c0d8-8ebf-57c1-b433-88aa89739103,승리,18/6/10
#8351206008,2026-08-23 00:06,f691451d-87d3-5db5-94cf-22971436cf70,승리,21/6/15
#8351206008,2026-08-23 00:06,32648f54-7e5b-571b-87d1-ee6ffdc14f5d,승리,8/5/12
#8351206008,2026-08-23 00:06,1b9aa7ca-461b-5d31-8834-7816dd82589b,승리,3/6/19
#8351211464,2026-08-23 00:13,2988b6ec-4d8c-5cf7-88ea-be08c42a1416,승리,7/1/5
#8351211464,2026-08-23 00:13,f5b1b3fc-5819-512f-8fc4-1e3f12e480f4,승리,1/7/12
#8351211464,2026-08-23 00:13,f16dd14b-4d23-5799-b821-a3bc8ca71761,승리,6/4/7
#8351211464,2026-08-23 00:13,5e13fc05-ff0c-5435-80dd-63bbd252f467,승리,8/4/7
#8351211464,2026-08-23 00:13,9cf20ad8-ea37-5c6b-a6f7-3b5d69dce526,승리,6/7/17
#8351211464,2026-08-23 00:13,3e583936-ec9b-5f86-a923-77adcd637241,패배,4/5/4
#8351211464,2026-08-23 00:13,606f28cb-0a7f-5055-937b-038613f448a9,패배,10/6/11
#8351211464,2026-08-23 00:13,33d4446b-a1b9-5b44-ae8a-2009b77218d4,패배,2/4/7
#8351211464,2026-08-23 00:13,fc0f19c9-c655-5915-ad47-0ef0d2bff998,패배,5/8/10
#8351211464,2026-08-23 00:13,dd292162-22fe-59b5-9f3e-7dc56a96567d,패배,2/5/13
#8351235134,2026-08-23 00:22,3ecbcaa4-8cf5-5e3f-94c0-89d8af23ee8b,승리,6/4/16
#8351235134,2026-08-23 00:22,77a65121-6eb2-5e4a-af35-c55ad40ec191,승리,7/9/8
#8351235134,2026-08-23 00:22,4aa66eba-e75c-5e2e-8981-3451f6f89d18,승리,14/4/15
#8351235134,2026-08-23 00:22,a7fe1bb4-32ca-51b2-9048-183e2cb1cce7,승리,7/3/15
#8351235134,2026-08-23 00:22,94923fe7-4521-52ed-b143-ee509e386b2b,승리,4/5/21
#8351235134,2026-08-23 00:22,31e88dc8-bc4a-5b0e-b7f0-9d47bec34024,패배,11/9/7
#8351235134,2026-08-23 00:22,b374355f-b65d-52fe-990b-5e6accd3ae9c,패배,2/4/11
#8351235134,2026-08-23 00:22,79079bf7-8099-53bc-93f8-ea308ffd9170,패배,5/6/11
#8351235134,2026-08-23 00:22,7194b576-83cd-53a8-bd90-250ef2973cb2,패배,3/10/12
#8351235134,2026-08-23 00:22,78711887-6c86-5f77-bd13-8f3ca34dc66c,패배,3/9/8
#8348135556,2026-08-20 21:07,1209ec75-ab6b-59ed-8648-c9fbff1f3712,패배,3/4/6
#8348135556,2026-08-20 21:07,18dccb4d-adcd-5b3b-ac0d-eab893cc64b8,패배,4/7/10
#8348135556,2026-08-20 21:07,3a7e5239-8099-5ab5-a834-f69447b1ba0f,패배,6/8/1
#8348135556,2026-08-20 21:07,eb12b3ff-a77d-5808-8d93-524c41624fde,패배,12/3/7
#8348135556,2026-08-20 21:07,c8b636f5-f8a7-5823-8ca3-4991ac99fe8e,패배,1/13/17
#8348135556,2026-08-20 21:07,d4ed9d18-939c-549c-92bc-c2accb63a5f0,승리,6/4/6
#8348135556,2026-08-20 21:07,fa6d5ea3-c57a-500a-9f4d-c2c1e9265684,승리,14/7/5
#8348135556,2026-08-20 21:07,7e2bfe82-2409-5da9-968b-246723d3b167,승리,5/6/9
#8348135556,2026-08-20 21:07,f32b7e39-e110-5981-824f-907aa25cf6cc,승리,1/4/22
#8348135556,2026-08-20 21:07,cac75d28-bc8f-535a-9cba-80d88502dbd1,승리,9/5/12
#8351314271,2026-08-23 01:03,1d7539b5-5566-57d4-b9cd-5158923a589d,승리,1/8/31
#8351314271,2026-08-23 01:03,898843b8-3f65-555f-9dcb-d566ebcd206e,승리,8/7/16
#8351314271,2026-08-23 01:03,ce01c0d8-8ebf-57c1-b433-88aa89739103,승리,13/2/16
#8351314271,2026-08-23 01:03,f691451d-87d3-5db5-94cf-22971436cf70,승리,14/4/10
#8351314271,2026-08-23 01:03,d18ec7c7-d61a-58b8-98d9-ee36e9b5ce58,승리,10/9/14
#8351314271,2026-08-23 01:03,676f3610-d9c9-5727-a5bd-d93aac82cad2,패배,7/8/7
#8351314271,2026-08-23 01:03,c0d32782-292b-5483-9fc0-711fa33cd94f,패배,9/7/7
#8351314271,2026-08-23 01:03,1b9aa7ca-461b-5d31-8834-7816dd82589b,패배,2/9/5
#8351314271,2026-08-23 01:03,32648f54-7e5b-571b-87d1-ee6ffdc14f5d,패배,8/12/5
#8351314271,2026-08-23 01:03,3189601c-1e82-5dbd-b304-d034803ccfa2,패배,3/10/17
#8351321202,2026-08-23 01:08,a2cff7d6-9172-5eb9-aa2d-56c3f2b0182f,승리,12/3/11
#8351321202,2026-08-23 01:08,38fbcc23-1703-519b-bc1f-07be1d00c74a,승리,3/4/8
#8351321202,2026-08-23 01:08,b5380629-d74b-5796-8e72-98a060d864de,승리,8/3/13
#8351321202,2026-08-23 01:08,015afc84-5281-50ca-bbd0-3773fe9d3b2f,승리,10/3/4
#8351321202,2026-08-23 01:08,aa2fbfdd-c17f-5e1b-a04e-8567e1c45d5e,승리,1/6/16
#8351321202,2026-08-23 01:08,d4ed9d18-939c-549c-92bc-c2accb63a5f0,패배,4/5/6
#8351321202,2026-08-23 01:08,c9456c44-7c1e-5fd7-8907-737737772014,패배,7/5/6
#8351321202,2026-08-23 01:08,fd30acf7-dfb6-55e3-8ee1-8463244a92d5,패배,2/9/2
#8351321202,2026-08-23 01:08,48a9676c-6f4a-5dfb-9a36-fca24b95153a,패배,6/8/4
#8351321202,2026-08-23 01:08,b1f4307a-346f-574a-8484-c48200a43a21,패배,0/7/8
#8351315564,2026-08-23 01:09,fc0f19c9-c655-5915-ad47-0ef0d2bff998,승리,2/10/22
#8351315564,2026-08-23 01:09,606f28cb-0a7f-5055-937b-038613f448a9,승리,16/3/12
#8351315564,2026-08-23 01:09,33d4446b-a1b9-5b44-ae8a-2009b77218d4,승리,8/9/19
#8351315564,2026-08-23 01:09,0b69abc1-a13f-5185-85f8-30968b3f5c08,승리,16/8/11
#8351315564,2026-08-23 01:09,dd292162-22fe-59b5-9f3e-7dc56a96567d,승리,3/10/28
#8351315564,2026-08-23 01:09,2988b6ec-4d8c-5cf7-88ea-be08c42a1416,패배,10/9/11
#8351315564,2026-08-23 01:09,3e583936-ec9b-5f86-a923-77adcd637241,패배,5/5/15
#8351315564,2026-08-23 01:09,7e2bfe82-2409-5da9-968b-246723d3b167,패배,10/11/9
#8351315564,2026-08-23 01:09,5e13fc05-ff0c-5435-80dd-63bbd252f467,패배,11/9/16
#8351315564,2026-08-23 01:09,f16dd14b-4d23-5799-b821-a3bc8ca71761,패배,4/11/24
#8351334512,2026-08-23 01:19,31e88dc8-bc4a-5b0e-b7f0-9d47bec34024,승리,6/3/5
#8351334512,2026-08-23 01:19,b374355f-b65d-52fe-990b-5e6accd3ae9c,승리,3/1/11
#8351334512,2026-08-23 01:19,79079bf7-8099-53bc-93f8-ea308ffd9170,승리,12/3/8
#8351334512,2026-08-23 01:19,7194b576-83cd-53a8-bd90-250ef2973cb2,승리,4/3/7
#8351334512,2026-08-23 01:19,78711887-6c86-5f77-bd13-8f3ca34dc66c,승리,0/7/12
#8351334512,2026-08-23 01:19,77a65121-6eb2-5e4a-af35-c55ad40ec191,패배,2/6/2
#8351334512,2026-08-23 01:19,4aa66eba-e75c-5e2e-8981-3451f6f89d18,패배,6/5/5
#8351334512,2026-08-23 01:19,a7fe1bb4-32ca-51b2-9048-183e2cb1cce7,패배,0/7/5
#8351334512,2026-08-23 01:19,3ecbcaa4-8cf5-5e3f-94c0-89d8af23ee8b,패배,3/3/8
#8351334512,2026-08-23 01:19,94923fe7-4521-52ed-b143-ee509e386b2b,패배,6/4/7
#8351394779,2026-08-23 01:58,6a4f5512-0b22-5bd1-ae85-8d8c07d751ab,패배,1/12/4
#8351394779,2026-08-23 01:58,c0d32782-292b-5483-9fc0-711fa33cd94f,패배,2/7/6
#8351394779,2026-08-23 01:58,d18ec7c7-d61a-58b8-98d9-ee36e9b5ce58,패배,6/7/6
#8351394779,2026-08-23 01:58,32648f54-7e5b-571b-87d1-ee6ffdc14f5d,패배,7/11/1
#8351394779,2026-08-23 01:58,cac75d28-bc8f-535a-9cba-80d88502dbd1,패배,1/7/7
#8351394779,2026-08-23 01:58,676f3610-d9c9-5727-a5bd-d93aac82cad2,승리,11/3/9
#8351394779,2026-08-23 01:58,ce01c0d8-8ebf-57c1-b433-88aa89739103,승리,14/0/12
#8351394779,2026-08-23 01:58,e310dfda-ef55-5307-be03-e59c780ddb2f,승리,13/3/9
#8351394779,2026-08-23 01:58,1b9aa7ca-461b-5d31-8834-7816dd82589b,승리,3/8/16
#8351394779,2026-08-23 01:58,3189601c-1e82-5dbd-b304-d034803ccfa2,승리,3/3/22
#8351406190,2026-08-23 02:01,a2cff7d6-9172-5eb9-aa2d-56c3f2b0182f,패배,0/4/1
#8351406190,2026-08-23 02:01,d4ed9d18-939c-549c-92bc-c2accb63a5f0,승리,4/0/8
#8351406190,2026-08-23 02:01,c9456c44-7c1e-5fd7-8907-737737772014,승리,7/1/6
#8351406190,2026-08-23 02:01,fd30acf7-dfb6-55e3-8ee1-8463244a92d5,승리,3/1/7
#8351406190,2026-08-23 02:01,48a9676c-6f4a-5dfb-9a36-fca24b95153a,승리,6/2/7
#8351406190,2026-08-23 02:01,b1f4307a-346f-574a-8484-c48200a43a21,승리,1/0/11
#8351406190,2026-08-23 02:01,aa2fbfdd-c17f-5e1b-a04e-8567e1c45d5e,패배,1/4/0
#8351406190,2026-08-23 02:01,b5380629-d74b-5796-8e72-98a060d864de,패배,1/3/1
#8351406190,2026-08-23 02:01,015afc84-5281-50ca-bbd0-3773fe9d3b2f,패배,2/5/0
#8351406190,2026-08-23 02:01,38fbcc23-1703-519b-bc1f-07be1d00c74a,패배,0/5/2
#8351397723,2026-08-23 02:05,3ecbcaa4-8cf5-5e3f-94c0-89d8af23ee8b,승리,9/0/5
#8351397723,2026-08-23 02:05,77a65121-6eb2-5e4a-af35-c55ad40ec191,승리,5/9/7
#8351397723,2026-08-23 02:05,4aa66eba-e75c-5e2e-8981-3451f6f89d18,승리,5/2/8
#8351397723,2026-08-23 02:05,a7fe1bb4-32ca-51b2-9048-183e2cb1cce7,승리,5/7/5
#8351397723,2026-08-23 02:05,94923fe7-4521-52ed-b143-ee509e386b2b,승리,1/6/14
#8351397723,2026-08-23 02:05,31e88dc8-bc4a-5b0e-b7f0-9d47bec34024,패배,8/5/4
#8351397723,2026-08-23 02:05,b374355f-b65d-52fe-990b-5e6accd3ae9c,패배,10/6/5
#8351397723,2026-08-23 02:05,79079bf7-8099-53bc-93f8-ea308ffd9170,패배,0/7/9
#8351397723,2026-08-23 02:05,7194b576-83cd-53a8-bd90-250ef2973cb2,패배,6/4/5
#8351397723,2026-08-23 02:05,78711887-6c86-5f77-bd13-8f3ca34dc66c,패배,0/3/13
#8351440416,2026-08-23 02:36,a2cff7d6-9172-5eb9-aa2d-56c3f2b0182f,패배,4/10/7
#8351440416,2026-08-23 02:36,d4ed9d18-939c-549c-92bc-c2accb63a5f0,승리,10/9/11
#8351440416,2026-08-23 02:36,c9456c44-7c1e-5fd7-8907-737737772014,승리,11/2/18
#8351440416,2026-08-23 02:36,fd30acf7-dfb6-55e3-8ee1-8463244a92d5,승리,17/0/11
#8351440416,2026-08-23 02:36,48a9676c-6f4a-5dfb-9a36-fca24b95153a,승리,7/6/20
#8351440416,2026-08-23 02:36,b1f4307a-346f-574a-8484-c48200a43a21,승리,0/9/28
#8351440416,2026-08-23 02:36,38fbcc23-1703-519b-bc1f-07be1d00c74a,패배,5/10/3
#8351440416,2026-08-23 02:36,b5380629-d74b-5796-8e72-98a060d864de,패배,7/8/4
#8351440416,2026-08-23 02:36,015afc84-5281-50ca-bbd0-3773fe9d3b2f,패배,9/9/6
#8351440416,2026-08-23 02:36,aa2fbfdd-c17f-5e1b-a04e-8567e1c45d5e,패배,1/9/12
#8351446641,2026-08-23 02:44,3e583936-ec9b-5f86-a923-77adcd637241,패배,5/9/11
#8351446641,2026-08-23 02:44,2988b6ec-4d8c-5cf7-88ea-be08c42a1416,패배,8/8/8
#8351446641,2026-08-23 02:44,1b9aa7ca-461b-5d31-8834-7816dd82589b,패배,9/9/13
#8351446641,2026-08-23 02:44,e310dfda-ef55-5307-be03-e59c780ddb2f,패배,9/8/15
#8351446641,2026-08-23 02:44,6a4f5512-0b22-5bd1-ae85-8d8c07d751ab,패배,10/7/14
#8351446641,2026-08-23 02:44,676f3610-d9c9-5727-a5bd-d93aac82cad2,승리,14/9/7
#8351446641,2026-08-23 02:44,ce01c0d8-8ebf-57c1-b433-88aa89739103,승리,9/9/13
#8351446641,2026-08-23 02:44,f16dd14b-4d23-5799-b821-a3bc8ca71761,승리,3/11/12
#8351446641,2026-08-23 02:44,cac75d28-bc8f-535a-9cba-80d88502dbd1,승리,11/8/12
#8351446641,2026-08-23 02:44,3189601c-1e82-5dbd-b304-d034803ccfa2,승리,4/5/19
#8351492913,2026-08-23 03:37,1b9aa7ca-461b-5d31-8834-7816dd82589b,승리,13/9/14
#8351492913,2026-08-23 03:37,2988b6ec-4d8c-5cf7-88ea-be08c42a1416,패배,4/10/17
#8351492913,2026-08-23 03:37,ce01c0d8-8ebf-57c1-b433-88aa89739103,패배,11/9/7
#8351492913,2026-08-23 03:37,e310dfda-ef55-5307-be03-e59c780ddb2f,패배,8/6/9
#8351492913,2026-08-23 03:37,cac75d28-bc8f-535a-9cba-80d88502dbd1,패배,8/11/8
#8351492913,2026-08-23 03:37,f16dd14b-4d23-5799-b821-a3bc8ca71761,패배,4/12/13
#8351492913,2026-08-23 03:37,676f3610-d9c9-5727-a5bd-d93aac82cad2,승리,8/7/12
#8351492913,2026-08-23 03:37,3e583936-ec9b-5f86-a923-77adcd637241,승리,10/7/15
#8351492913,2026-08-23 03:37,6a4f5512-0b22-5bd1-ae85-8d8c07d751ab,승리,15/5/9
#8351492913,2026-08-23 03:37,3189601c-1e82-5dbd-b304-d034803ccfa2,승리,2/7/32
#8351306985,2026-08-23 01:02,1a69a4f5-32c7-57f9-be56-fb56bf263513,승리,11/2/11
#8351306985,2026-08-23 01:02,ca35d025-a97f-5e6f-a185-1a3e0bc24c0c,승리,3/3/12
#8351306985,2026-08-23 01:02,c23b7868-d95a-59be-b81b-6cf5103b4827,승리,9/4/7
#8351306985,2026-08-23 01:02,702dbc2f-105c-5ec9-b414-b980ad393153,승리,9/2/9
#8351306985,2026-08-23 01:02,bc7d9161-a7d7-559a-9a9f-ac3c63c6e84d,승리,0/4/20
#8351306985,2026-08-23 01:02,5b3bf88d-076a-5339-9317-e6e1ba821cad,패배,5/7/1
#8351306985,2026-08-23 01:02,fa6d5ea3-c57a-500a-9f4d-c2c1e9265684,패배,6/6/3
#8351306985,2026-08-23 01:02,dc7ecf5f-0952-573d-9eae-96253295d4c5,패배,1/5/3
#8351306985,2026-08-23 01:02,97e307f3-f84d-5b46-9ac5-b8edba86bfa5,패배,3/6/2
#8351306985,2026-08-23 01:02,73291f2a-d93a-59c4-8627-10679a8932a6,패배,0/8/3
#8351238200,2026-08-23 00:17,5b3bf88d-076a-5339-9317-e6e1ba821cad,패배,2/6/4
#8351238200,2026-08-23 00:17,fa6d5ea3-c57a-500a-9f4d-c2c1e9265684,패배,6/5/10
#8351238200,2026-08-23 00:17,dc7ecf5f-0952-573d-9eae-96253295d4c5,패배,8/3/7
#8351238200,2026-08-23 00:17,97e307f3-f84d-5b46-9ac5-b8edba86bfa5,패배,3/5/8
#8351238200,2026-08-23 00:17,73291f2a-d93a-59c4-8627-10679a8932a6,패배,2/9/10
#8351238200,2026-08-23 00:17,1a69a4f5-32c7-57f9-be56-fb56bf263513,승리,10/0/9
#8351238200,2026-08-23 00:17,ca35d025-a97f-5e6f-a185-1a3e0bc24c0c,승리,5/2/13
#8351238200,2026-08-23 00:17,c23b7868-d95a-59be-b81b-6cf5103b4827,승리,5/9/5
#8351238200,2026-08-23 00:17,702dbc2f-105c-5ec9-b414-b980ad393153,승리,6/4/10
#8351238200,2026-08-23 00:17,bc7d9161-a7d7-559a-9a9f-ac3c63c6e84d,승리,2/6/19
#8351530729,2026-08-23 04:39,1b9aa7ca-461b-5d31-8834-7816dd82589b,패배,5/9/2
#8351530729,2026-08-23 04:39,676f3610-d9c9-5727-a5bd-d93aac82cad2,패배,2/8/2
#8351530729,2026-08-23 04:39,ce01c0d8-8ebf-57c1-b433-88aa89739103,패배,1/8/6
#8351530729,2026-08-23 04:39,3189601c-1e82-5dbd-b304-d034803ccfa2,패배,4/11/2
#8351530729,2026-08-23 04:39,cac75d28-bc8f-535a-9cba-80d88502dbd1,패배,5/9/7
#8351530729,2026-08-23 04:39,2988b6ec-4d8c-5cf7-88ea-be08c42a1416,승리,6/5/7
#8351530729,2026-08-23 04:39,fa6d5ea3-c57a-500a-9f4d-c2c1e9265684,승리,17/4/12
#8351530729,2026-08-23 04:39,e310dfda-ef55-5307-be03-e59c780ddb2f,승리,14/3/8
#8351530729,2026-08-23 04:39,3e583936-ec9b-5f86-a923-77adcd637241,승리,6/3/10
#8351530729,2026-08-23 04:39,f16dd14b-4d23-5799-b821-a3bc8ca71761,승리,2/2/32
#8351554290,2026-08-23 05:26,0a7b4119-42e6-502f-afa3-80e33dde1025,승리,12/1/11
#8351554290,2026-08-23 05:26,676f3610-d9c9-5727-a5bd-d93aac82cad2,승리,4/6/5
#8351554290,2026-08-23 05:26,e310dfda-ef55-5307-be03-e59c780ddb2f,승리,16/3/12
#8351554290,2026-08-23 05:26,454320a7-8c33-58cc-a8ce-300dd2f3c4b9,승리,2/3/17
#8351554290,2026-08-23 05:26,cac75d28-bc8f-535a-9cba-80d88502dbd1,승리,2/3/28
#8351554290,2026-08-23 05:26,2988b6ec-4d8c-5cf7-88ea-be08c42a1416,패배,4/7/5
#8351554290,2026-08-23 05:26,fa6d5ea3-c57a-500a-9f4d-c2c1e9265684,패배,9/7/3
#8351554290,2026-08-23 05:26,f16dd14b-4d23-5799-b821-a3bc8ca71761,패배,1/8/7
#8351554290,2026-08-23 05:26,1b9aa7ca-461b-5d31-8834-7816dd82589b,패배,2/7/0
#8351554290,2026-08-23 05:26,3189601c-1e82-5dbd-b304-d034803ccfa2,패배,0/7/8
#8351987319,2026-08-23 16:01,1b9aa7ca-461b-5d31-8834-7816dd82589b,승리,5/2/14
#8351987319,2026-08-23 16:01,2988b6ec-4d8c-5cf7-88ea-be08c42a1416,패배,4/5/7
#8351987319,2026-08-23 16:01,3712c3ab-a24a-5bf1-85c1-b92c4d68e907,패배,3/9/4
#8351987319,2026-08-23 16:01,606f28cb-0a7f-5055-937b-038613f448a9,패배,5/4/5
#8351987319,2026-08-23 16:01,ee518a69-d821-5732-b8a7-455b20154db9,패배,1/8/2
#8351987319,2026-08-23 16:01,bc7d9161-a7d7-559a-9a9f-ac3c63c6e84d,패배,6/5/6
#8351987319,2026-08-23 16:01,671680a6-c5c8-5457-a92b-91f0c83bfb91,승리,8/5/14
#8351987319,2026-08-23 16:01,d18ec7c7-d61a-58b8-98d9-ee36e9b5ce58,승리,8/6/10
#8351987319,2026-08-23 16:01,72e917d7-9f4e-52b2-82ad-8c7d8741ad78,승리,9/1/11
#8351987319,2026-08-23 16:01,cac75d28-bc8f-535a-9cba-80d88502dbd1,승리,1/5/24
#8352061385,2026-08-23 16:47,606f28cb-0a7f-5055-937b-038613f448a9,승리,3/6/6
#8352061385,2026-08-23 16:47,671680a6-c5c8-5457-a92b-91f0c83bfb91,승리,3/3/9
#8352061385,2026-08-23 16:47,d18ec7c7-d61a-58b8-98d9-ee36e9b5ce58,승리,13/4/7
#8352061385,2026-08-23 16:47,72e917d7-9f4e-52b2-82ad-8c7d8741ad78,승리,10/2/13
#8352061385,2026-08-23 16:47,dd48b93f-132a-56f2-aa29-95bddefc4a53,승리,1/4/21
#8352061385,2026-08-23 16:47,2988b6ec-4d8c-5cf7-88ea-be08c42a1416,패배,10/5/4
#8352061385,2026-08-23 16:47,3712c3ab-a24a-5bf1-85c1-b92c4d68e907,패배,1/6/14
#8352061385,2026-08-23 16:47,1b9aa7ca-461b-5d31-8834-7816dd82589b,패배,5/7/3
#8352061385,2026-08-23 16:47,ee518a69-d821-5732-b8a7-455b20154db9,패배,2/4/5
#8352061385,2026-08-23 16:47,bc7d9161-a7d7-559a-9a9f-ac3c63c6e84d,패배,1/8/11
#8352140011,2026-08-23 17:32,1b9aa7ca-461b-5d31-8834-7816dd82589b,승리,6/4/18
#8352140011,2026-08-23 17:32,bc7d9161-a7d7-559a-9a9f-ac3c63c6e84d,승리,3/3/3
#8352140011,2026-08-23 17:32,2988b6ec-4d8c-5cf7-88ea-be08c42a1416,승리,6/4/21
#8352140011,2026-08-23 17:32,d18ec7c7-d61a-58b8-98d9-ee36e9b5ce58,승리,23/2/6
#8352140011,2026-08-23 17:32,dd48b93f-132a-56f2-aa29-95bddefc4a53,승리,0/5/18
#8352140011,2026-08-23 17:32,671680a6-c5c8-5457-a92b-91f0c83bfb91,패배,3/4/5
#8352140011,2026-08-23 17:32,108ad62e-8642-5e2e-88b4-f0cc8b19efa4,패배,5/11/8
#8352140011,2026-08-23 17:32,7e2bfe82-2409-5da9-968b-246723d3b167,패배,9/6/3
#8352140011,2026-08-23 17:32,ee518a69-d821-5732-b8a7-455b20154db9,패배,1/8/9
#8352140011,2026-08-23 17:32,606f28cb-0a7f-5055-937b-038613f448a9,패배,0/9/10
#8352277728,2026-08-23 19:11,30b8a5b1-1f16-5bc1-aa73-125e56aa560c,패배,10/4/5
#8352277728,2026-08-23 19:11,676f3610-d9c9-5727-a5bd-d93aac82cad2,승리,10/1/5
#8352277728,2026-08-23 19:11,33d4446b-a1b9-5b44-ae8a-2009b77218d4,승리,5/2/8
#8352277728,2026-08-23 19:11,454320a7-8c33-58cc-a8ce-300dd2f3c4b9,승리,9/0/10
#8352277728,2026-08-23 19:11,a2cff7d6-9172-5eb9-aa2d-56c3f2b0182f,승리,5/8/12
#8352277728,2026-08-23 19:11,bc7d9161-a7d7-559a-9a9f-ac3c63c6e84d,승리,0/8/18
#8352277728,2026-08-23 19:11,3712c3ab-a24a-5bf1-85c1-b92c4d68e907,패배,0/6/3
#8352277728,2026-08-23 19:11,fd30acf7-dfb6-55e3-8ee1-8463244a92d5,패배,1/5/5
#8352277728,2026-08-23 19:11,702dbc2f-105c-5ec9-b414-b980ad393153,패배,7/8/10
#8352277728,2026-08-23 19:11,3e583936-ec9b-5f86-a923-77adcd637241,패배,1/6/14
#8352336215,2026-08-23 19:43,7e2bfe82-2409-5da9-968b-246723d3b167,패배,4/6/0
#8352336215,2026-08-23 19:43,7db3e54c-aa59-5892-84c8-ec824259ce3d,승리,6/0/20
#8352336215,2026-08-23 19:43,ce01c0d8-8ebf-57c1-b433-88aa89739103,승리,6/3/11
#8352336215,2026-08-23 19:43,d18ec7c7-d61a-58b8-98d9-ee36e9b5ce58,승리,6/1/14
#8352336215,2026-08-23 19:43,f32b7e39-e110-5981-824f-907aa25cf6cc,승리,15/0/14
#8352336215,2026-08-23 19:43,4f8efa45-702e-52f6-88b5-e6c3859449ef,승리,2/2/22
#8352336215,2026-08-23 19:43,b0eaa8e9-4c21-5666-83bf-cfbd56778a18,패배,0/6/0
#8352336215,2026-08-23 19:43,108ad62e-8642-5e2e-88b4-f0cc8b19efa4,패배,1/7/0
#8352336215,2026-08-23 19:43,fc0f19c9-c655-5915-ad47-0ef0d2bff998,패배,1/6/2
#8352336215,2026-08-23 19:43,ee518a69-d821-5732-b8a7-455b20154db9,패배,0/10/1
#8352342811,2026-08-23 19:56,30b8a5b1-1f16-5bc1-aa73-125e56aa560c,승리,12/7/7
#8352342811,2026-08-23 19:56,702dbc2f-105c-5ec9-b414-b980ad393153,승리,7/5/17
#8352342811,2026-08-23 19:56,33d4446b-a1b9-5b44-ae8a-2009b77218d4,승리,16/6/19
#8352342811,2026-08-23 19:56,454320a7-8c33-58cc-a8ce-300dd2f3c4b9,승리,2/4/12
#8352342811,2026-08-23 19:56,a2cff7d6-9172-5eb9-aa2d-56c3f2b0182f,승리,10/7/14
#8352342811,2026-08-23 19:56,676f3610-d9c9-5727-a5bd-d93aac82cad2,패배,4/12/5
#8352342811,2026-08-23 19:56,3e583936-ec9b-5f86-a923-77adcd637241,패배,7/9/9
#8352342811,2026-08-23 19:56,fd30acf7-dfb6-55e3-8ee1-8463244a92d5,패배,12/7/1
#8352342811,2026-08-23 19:56,3712c3ab-a24a-5bf1-85c1-b92c4d68e907,패배,1/8/6
#8352342811,2026-08-23 19:56,bc7d9161-a7d7-559a-9a9f-ac3c63c6e84d,패배,4/11/5
#8352396884,2026-08-23 20:25,7e2bfe82-2409-5da9-968b-246723d3b167,승리,9/6/13
#8352396884,2026-08-23 20:25,4f8efa45-702e-52f6-88b5-e6c3859449ef,패배,2/7/10
#8352396884,2026-08-23 20:25,108ad62e-8642-5e2e-88b4-f0cc8b19efa4,패배,4/10/8
#8352396884,2026-08-23 20:25,fc0f19c9-c655-5915-ad47-0ef0d2bff998,패배,9/9/7
#8352396884,2026-08-23 20:25,ee518a69-d821-5732-b8a7-455b20154db9,패배,7/11/3
#8352396884,2026-08-23 20:25,f32b7e39-e110-5981-824f-907aa25cf6cc,패배,2/7/15
#8352396884,2026-08-23 20:25,7db3e54c-aa59-5892-84c8-ec824259ce3d,승리,5/5/16
#8352396884,2026-08-23 20:25,ce01c0d8-8ebf-57c1-b433-88aa89739103,승리,11/3/13
#8352396884,2026-08-23 20:25,b0eaa8e9-4c21-5666-83bf-cfbd56778a18,승리,5/6/19
#8352396884,2026-08-23 20:25,d18ec7c7-d61a-58b8-98d9-ee36e9b5ce58,승리,14/4/15
#8352428454,2026-08-23 20:41,30b8a5b1-1f16-5bc1-aa73-125e56aa560c,승리,6/7/16
#8352428454,2026-08-23 20:41,676f3610-d9c9-5727-a5bd-d93aac82cad2,승리,7/6/5
#8352428454,2026-08-23 20:41,454320a7-8c33-58cc-a8ce-300dd2f3c4b9,승리,7/9/6
#8352428454,2026-08-23 20:41,702dbc2f-105c-5ec9-b414-b980ad393153,승리,14/8/5
#8352428454,2026-08-23 20:41,bc7d9161-a7d7-559a-9a9f-ac3c63c6e84d,승리,0/6/21
#8352428454,2026-08-23 20:41,d4ed9d18-939c-549c-92bc-c2accb63a5f0,패배,10/9/11
#8352428454,2026-08-23 20:41,3e583936-ec9b-5f86-a923-77adcd637241,패배,6/5/12
#8352428454,2026-08-23 20:41,fd30acf7-dfb6-55e3-8ee1-8463244a92d5,패배,5/5/9
#8352428454,2026-08-23 20:41,33d4446b-a1b9-5b44-ae8a-2009b77218d4,패배,6/8/10
#8352428454,2026-08-23 20:41,a2cff7d6-9172-5eb9-aa2d-56c3f2b0182f,패배,9/7/12
#8352496440,2026-08-23 21:13,0a7b4119-42e6-502f-afa3-80e33dde1025,패배,8/5/10
#8352496440,2026-08-23 21:13,77bb09d0-2c95-596d-885a-3be23112cc76,승리,2/2/18
#8352496440,2026-08-23 21:13,f5b1b3fc-5819-512f-8fc4-1e3f12e480f4,승리,14/11/10
#8352496440,2026-08-23 21:13,d18ec7c7-d61a-58b8-98d9-ee36e9b5ce58,승리,8/5/17
#8352496440,2026-08-23 21:13,fc0f19c9-c655-5915-ad47-0ef0d2bff998,승리,14/8/7
#8352496440,2026-08-23 21:13,bf515608-1608-5c9f-91bb-25b56f3b1050,승리,1/5/24
#8352496440,2026-08-23 21:13,7db3e54c-aa59-5892-84c8-ec824259ce3d,패배,4/9/9
#8352496440,2026-08-23 21:13,ce01c0d8-8ebf-57c1-b433-88aa89739103,패배,2/10/12
#8352496440,2026-08-23 21:13,7e2bfe82-2409-5da9-968b-246723d3b167,패배,15/6/8
#8352496440,2026-08-23 21:13,108ad62e-8642-5e2e-88b4-f0cc8b19efa4,패배,2/10/10
#8352602474,2026-08-23 22:05,1b9aa7ca-461b-5d31-8834-7816dd82589b,승리,7/6/7
#8352602474,2026-08-23 22:05,3e583936-ec9b-5f86-a923-77adcd637241,패배,3/5/0
#8352602474,2026-08-23 22:05,af3c1609-d379-52f6-98b7-fe36b0ce25ea,패배,2/6/5
#8352602474,2026-08-23 22:05,f5b1b3fc-5819-512f-8fc4-1e3f12e480f4,패배,3/6/2
#8352602474,2026-08-23 22:05,32648f54-7e5b-571b-87d1-ee6ffdc14f5d,패배,1/8/5
#8352602474,2026-08-23 22:05,a2285c3c-c7f4-5d41-b7a0-d60bed3078bf,패배,7/8/2
#8352602474,2026-08-23 22:05,bf515608-1608-5c9f-91bb-25b56f3b1050,승리,6/5/4
#8352602474,2026-08-23 22:05,ce01c0d8-8ebf-57c1-b433-88aa89739103,승리,14/0/7
#8352602474,2026-08-23 22:05,606f28cb-0a7f-5055-937b-038613f448a9,승리,5/2/13
#8352602474,2026-08-23 22:05,3189601c-1e82-5dbd-b304-d034803ccfa2,승리,1/3/22
#8352655584,2026-08-23 22:26,a2cff7d6-9172-5eb9-aa2d-56c3f2b0182f,패배,3/3/2
#8352655584,2026-08-23 22:26,d4ed9d18-939c-549c-92bc-c2accb63a5f0,승리,5/4/6
#8352655584,2026-08-23 22:26,c9456c44-7c1e-5fd7-8907-737737772014,승리,9/1/11
#8352655584,2026-08-23 22:26,fd30acf7-dfb6-55e3-8ee1-8463244a92d5,승리,5/2/4
#8352655584,2026-08-23 22:26,48a9676c-6f4a-5dfb-9a36-fca24b95153a,승리,7/4/7
#8352655584,2026-08-23 22:26,b1f4307a-346f-574a-8484-c48200a43a21,승리,0/2/18
#8352655584,2026-08-23 22:26,aa2fbfdd-c17f-5e1b-a04e-8567e1c45d5e,패배,0/6/1
#8352655584,2026-08-23 22:26,b5380629-d74b-5796-8e72-98a060d864de,패배,5/4/2
#8352655584,2026-08-23 22:26,015afc84-5281-50ca-bbd0-3773fe9d3b2f,패배,5/7/4
#8352655584,2026-08-23 22:26,38fbcc23-1703-519b-bc1f-07be1d00c74a,패배,0/6/6
#8352684139,2026-08-23 22:45,77a65121-6eb2-5e4a-af35-c55ad40ec191,승리,2/2/8
#8352684139,2026-08-23 22:45,30b8a5b1-1f16-5bc1-aa73-125e56aa560c,승리,5/1/7
#8352684139,2026-08-23 22:45,a7fe1bb4-32ca-51b2-9048-183e2cb1cce7,승리,10/1/4
#8352684139,2026-08-23 22:45,3ecbcaa4-8cf5-5e3f-94c0-89d8af23ee8b,승리,6/1/6
#8352684139,2026-08-23 22:45,aa91628d-1def-593d-862a-968b8287a439,승리,1/3/16
#8352684139,2026-08-23 22:45,7db3e54c-aa59-5892-84c8-ec824259ce3d,패배,0/7/3
#8352684139,2026-08-23 22:45,108ad62e-8642-5e2e-88b4-f0cc8b19efa4,패배,4/2/4
#8352684139,2026-08-23 22:45,7e2bfe82-2409-5da9-968b-246723d3b167,패배,4/6/0
#8352684139,2026-08-23 22:45,ee518a69-d821-5732-b8a7-455b20154db9,패배,0/4/5
#8352684139,2026-08-23 22:45,dd292162-22fe-59b5-9f3e-7dc56a96567d,패배,0/5/5
#8352690144,2026-08-23 22:45,1b9aa7ca-461b-5d31-8834-7816dd82589b,승리,8/4/15
#8352690144,2026-08-23 22:45,bf515608-1608-5c9f-91bb-25b56f3b1050,승리,5/6/14
#8352690144,2026-08-23 22:45,606f28cb-0a7f-5055-937b-038613f448a9,승리,10/4/12
#8352690144,2026-08-23 22:45,af3c1609-d379-52f6-98b7-fe36b0ce25ea,승리,11/4/16
#8352690144,2026-08-23 22:45,3189601c-1e82-5dbd-b304-d034803ccfa2,승리,3/5/21
#8352690144,2026-08-23 22:45,f5b1b3fc-5819-512f-8fc4-1e3f12e480f4,패배,8/7/4
#8352690144,2026-08-23 22:45,ce01c0d8-8ebf-57c1-b433-88aa89739103,패배,0/8/7
#8352690144,2026-08-23 22:45,3e583936-ec9b-5f86-a923-77adcd637241,패배,2/8/7
#8352690144,2026-08-23 22:45,8ae70a53-758c-568f-87dd-1f7c60a6b321,패배,4/9/6
#8352690144,2026-08-23 22:45,a2285c3c-c7f4-5d41-b7a0-d60bed3078bf,패배,8/5/5
#8352734973,2026-08-23 23:17,a2cff7d6-9172-5eb9-aa2d-56c3f2b0182f,승리,13/3/7
#8352734973,2026-08-23 23:17,aa2fbfdd-c17f-5e1b-a04e-8567e1c45d5e,승리,0/4/16
#8352734973,2026-08-23 23:17,b5380629-d74b-5796-8e72-98a060d864de,승리,6/4/14
#8352734973,2026-08-23 23:17,015afc84-5281-50ca-bbd0-3773fe9d3b2f,승리,7/2/8
#8352734973,2026-08-23 23:17,38fbcc23-1703-519b-bc1f-07be1d00c74a,승리,0/2/14
#8352734973,2026-08-23 23:17,d4ed9d18-939c-549c-92bc-c2accb63a5f0,패배,5/6/0
#8352734973,2026-08-23 23:17,c9456c44-7c1e-5fd7-8907-737737772014,패배,0/4/7
#8352734973,2026-08-23 23:17,fd30acf7-dfb6-55e3-8ee1-8463244a92d5,패배,5/6/6
#8352734973,2026-08-23 23:17,48a9676c-6f4a-5dfb-9a36-fca24b95153a,패배,4/5/1
#8352734973,2026-08-23 23:17,b1f4307a-346f-574a-8484-c48200a43a21,패배,0/5/7
#8352770254,2026-08-23 23:28,1b9aa7ca-461b-5d31-8834-7816dd82589b,승리,5/1/19
#8352770254,2026-08-23 23:28,f5b1b3fc-5819-512f-8fc4-1e3f12e480f4,패배,0/8/2
#8352770254,2026-08-23 23:28,c2a8194b-cccc-5bba-bac3-a20a7086b973,패배,2/8/4
#8352770254,2026-08-23 23:28,e310dfda-ef55-5307-be03-e59c780ddb2f,패배,2/6/6
#8352770254,2026-08-23 23:28,0b69abc1-a13f-5185-85f8-30968b3f5c08,패배,5/7/2
#8352770254,2026-08-23 23:28,3189601c-1e82-5dbd-b304-d034803ccfa2,패배,0/4/8
#8352770254,2026-08-23 23:28,3e583936-ec9b-5f86-a923-77adcd637241,승리,10/3/6
#8352770254,2026-08-23 23:28,8ae70a53-758c-568f-87dd-1f7c60a6b321,승리,9/2/14
#8352770254,2026-08-23 23:28,606f28cb-0a7f-5055-937b-038613f448a9,승리,5/3/16
#8352770254,2026-08-23 23:28,af3c1609-d379-52f6-98b7-fe36b0ce25ea,승리,4/0/9
#8352768854,2026-08-23 23:37,7db3e54c-aa59-5892-84c8-ec824259ce3d,패배,0/3/0
#8352768854,2026-08-23 23:37,108ad62e-8642-5e2e-88b4-f0cc8b19efa4,패배,2/6/1
#8352768854,2026-08-23 23:37,7e2bfe82-2409-5da9-968b-246723d3b167,패배,2/7/1
#8352768854,2026-08-23 23:37,ee518a69-d821-5732-b8a7-455b20154db9,패배,0/7/4
#8352768854,2026-08-23 23:37,dd292162-22fe-59b5-9f3e-7dc56a96567d,패배,1/7/3
#8352768854,2026-08-23 23:37,77a65121-6eb2-5e4a-af35-c55ad40ec191,승리,7/0/3
#8352768854,2026-08-23 23:37,30b8a5b1-1f16-5bc1-aa73-125e56aa560c,승리,10/0/8
#8352768854,2026-08-23 23:37,a7fe1bb4-32ca-51b2-9048-183e2cb1cce7,승리,3/1/9
#8352768854,2026-08-23 23:37,3ecbcaa4-8cf5-5e3f-94c0-89d8af23ee8b,승리,4/2/11
#8352768854,2026-08-23 23:37,aa91628d-1def-593d-862a-968b8287a439,승리,6/2/12
#8352823160,2026-08-24 00:01,a2cff7d6-9172-5eb9-aa2d-56c3f2b0182f,패배,4/10/0
#8352823160,2026-08-24 00:01,d4ed9d18-939c-549c-92bc-c2accb63a5f0,승리,6/6/10
#8352823160,2026-08-24 00:01,c9456c44-7c1e-5fd7-8907-737737772014,승리,6/1/16
#8352823160,2026-08-24 00:01,fd30acf7-dfb6-55e3-8ee1-8463244a92d5,승리,11/2/7
#8352823160,2026-08-24 00:01,48a9676c-6f4a-5dfb-9a36-fca24b95153a,승리,11/5/15
#8352823160,2026-08-24 00:01,b1f4307a-346f-574a-8484-c48200a43a21,승리,1/5/28
#8352823160,2026-08-24 00:01,38fbcc23-1703-519b-bc1f-07be1d00c74a,패배,5/4/4
#8352823160,2026-08-24 00:01,b5380629-d74b-5796-8e72-98a060d864de,패배,4/8/9
#8352823160,2026-08-24 00:01,015afc84-5281-50ca-bbd0-3773fe9d3b2f,패배,5/8/6
#8352823160,2026-08-24 00:01,aa2fbfdd-c17f-5e1b-a04e-8567e1c45d5e,패배,1/6/11
#8352828815,2026-08-24 00:12,1b9aa7ca-461b-5d31-8834-7816dd82589b,승리,3/8/21
#8352828815,2026-08-24 00:12,af3c1609-d379-52f6-98b7-fe36b0ce25ea,패배,8/6/5
#8352828815,2026-08-24 00:12,f5b1b3fc-5819-512f-8fc4-1e3f12e480f4,패배,8/8/10
#8352828815,2026-08-24 00:12,606f28cb-0a7f-5055-937b-038613f448a9,패배,2/7/7
#8352828815,2026-08-24 00:12,8ae70a53-758c-568f-87dd-1f7c60a6b321,패배,5/8/6
#8352828815,2026-08-24 00:12,3189601c-1e82-5dbd-b304-d034803ccfa2,패배,8/6/11
#8352828815,2026-08-24 00:12,3e583936-ec9b-5f86-a923-77adcd637241,승리,4/7/10
#8352828815,2026-08-24 00:12,c2a8194b-cccc-5bba-bac3-a20a7086b973,승리,16/7/7
#8352828815,2026-08-24 00:12,e310dfda-ef55-5307-be03-e59c780ddb2f,승리,10/4/6
#8352828815,2026-08-24 00:12,0b69abc1-a13f-5185-85f8-30968b3f5c08,승리,2/5/9
#8352714432,2026-08-23 22:54,1a69a4f5-32c7-57f9-be56-fb56bf263513,승리,1/2/4
#8352714432,2026-08-23 22:54,ca35d025-a97f-5e6f-a185-1a3e0bc24c0c,승리,2/0/8
#8352714432,2026-08-23 22:54,c23b7868-d95a-59be-b81b-6cf5103b4827,승리,4/0/9
#8352714432,2026-08-23 22:54,702dbc2f-105c-5ec9-b414-b980ad393153,승리,9/0/4
#8352714432,2026-08-23 22:54,bc7d9161-a7d7-559a-9a9f-ac3c63c6e84d,승리,1/1/12
#8352714432,2026-08-23 22:54,31e88dc8-bc4a-5b0e-b7f0-9d47bec34024,패배,1/2/1
#8352714432,2026-08-23 22:54,78711887-6c86-5f77-bd13-8f3ca34dc66c,패배,1/5/1
#8352714432,2026-08-23 22:54,79079bf7-8099-53bc-93f8-ea308ffd9170,패배,1/4/0
#8352714432,2026-08-23 22:54,7194b576-83cd-53a8-bd90-250ef2973cb2,패배,0/3/1
#8352714432,2026-08-23 22:54,b374355f-b65d-52fe-990b-5e6accd3ae9c,패배,0/3/1
#8352616589,2026-08-23 22:13,1a69a4f5-32c7-57f9-be56-fb56bf263513,승리,7/1/5
#8352616589,2026-08-23 22:13,ca35d025-a97f-5e6f-a185-1a3e0bc24c0c,승리,4/3/13
#8352616589,2026-08-23 22:13,c23b7868-d95a-59be-b81b-6cf5103b4827,승리,7/2/6
#8352616589,2026-08-23 22:13,702dbc2f-105c-5ec9-b414-b980ad393153,승리,10/2/9
#8352616589,2026-08-23 22:13,bc7d9161-a7d7-559a-9a9f-ac3c63c6e84d,승리,0/2/22
#8352616589,2026-08-23 22:13,31e88dc8-bc4a-5b0e-b7f0-9d47bec34024,패배,1/6/0
#8352616589,2026-08-23 22:13,78711887-6c86-5f77-bd13-8f3ca34dc66c,패배,0/5/5
#8352616589,2026-08-23 22:13,79079bf7-8099-53bc-93f8-ea308ffd9170,패배,6/5/2
#8352616589,2026-08-23 22:13,7194b576-83cd-53a8-bd90-250ef2973cb2,패배,3/6/5
#8352616589,2026-08-23 22:13,b374355f-b65d-52fe-990b-5e6accd3ae9c,패배,0/6/5
#8352770768,2026-08-23 23:34,31e88dc8-bc4a-5b0e-b7f0-9d47bec34024,패배,17/5/3
#8352770768,2026-08-23 23:34,b374355f-b65d-52fe-990b-5e6accd3ae9c,패배,2/7/10
#8352770768,2026-08-23 23:34,79079bf7-8099-53bc-93f8-ea308ffd9170,패배,2/7/10
#8352770768,2026-08-23 23:34,7194b576-83cd-53a8-bd90-250ef2973cb2,패배,5/7/6
#8352770768,2026-08-23 23:34,78711887-6c86-5f77-bd13-8f3ca34dc66c,패배,0/4/14
#8352770768,2026-08-23 23:34,1a69a4f5-32c7-57f9-be56-fb56bf263513,승리,12/6/9
#8352770768,2026-08-23 23:34,ca35d025-a97f-5e6f-a185-1a3e0bc24c0c,승리,4/4/16
#8352770768,2026-08-23 23:34,c23b7868-d95a-59be-b81b-6cf5103b4827,승리,6/5/10
#8352770768,2026-08-23 23:34,702dbc2f-105c-5ec9-b414-b980ad393153,승리,7/7/7
#8352770768,2026-08-23 23:34,bc7d9161-a7d7-559a-9a9f-ac3c63c6e84d,승리,1/4/15
#8352882968,2026-08-24 00:56,d4ed9d18-939c-549c-92bc-c2accb63a5f0,승리,9/2/5
#8352882968,2026-08-24 00:56,c9456c44-7c1e-5fd7-8907-737737772014,승리,6/2/7
#8352882968,2026-08-24 00:56,fd30acf7-dfb6-55e3-8ee1-8463244a92d5,승리,3/1/7
#8352882968,2026-08-24 00:56,48a9676c-6f4a-5dfb-9a36-fca24b95153a,승리,11/4/5
#8352882968,2026-08-24 00:56,b1f4307a-346f-574a-8484-c48200a43a21,승리,0/5/21
#8352882968,2026-08-24 00:56,08cc7879-bd50-5bae-ab79-126ab63b2696,패배,4/4/1
#8352882968,2026-08-24 00:56,571b9bb0-8cd9-5b9e-81e6-814b49141ad4,패배,0/6/8
#8352882968,2026-08-24 00:56,7a8ba539-7e36-5ebc-8c84-affc83acb409,패배,2/7/3
#8352882968,2026-08-24 00:56,dc7ecf5f-0952-573d-9eae-96253295d4c5,패배,7/5/2
#8352882968,2026-08-24 00:56,1f538f56-a518-52c5-bb47-38b1b42846d6,패배,1/7/7
#8352897775,2026-08-24 01:04,1d7539b5-5566-57d4-b9cd-5158923a589d,승리,1/8/21
#8352897775,2026-08-24 01:04,3e583936-ec9b-5f86-a923-77adcd637241,승리,6/3/6
#8352897775,2026-08-24 01:04,8ae70a53-758c-568f-87dd-1f7c60a6b321,승리,6/3/11
#8352897775,2026-08-24 01:04,e310dfda-ef55-5307-be03-e59c780ddb2f,승리,12/1/8
#8352897775,2026-08-24 01:04,aa91628d-1def-593d-862a-968b8287a439,승리,11/3/11
#8352897775,2026-08-24 01:04,31e88dc8-bc4a-5b0e-b7f0-9d47bec34024,패배,4/6/2
#8352897775,2026-08-24 01:04,ee518a69-d821-5732-b8a7-455b20154db9,패배,4/10/9
#8352897775,2026-08-24 01:04,606f28cb-0a7f-5055-937b-038613f448a9,패배,5/4/4
#8352897775,2026-08-24 01:04,af3c1609-d379-52f6-98b7-fe36b0ce25ea,패배,3/5/7
#8352897775,2026-08-24 01:04,0b69abc1-a13f-5185-85f8-30968b3f5c08,패배,2/11/8
#8352956072,2026-08-24 01:49,1d7539b5-5566-57d4-b9cd-5158923a589d,승리,2/6/20
#8352956072,2026-08-24 01:49,7e2bfe82-2409-5da9-968b-246723d3b167,승리,12/10/10
#8352956072,2026-08-24 01:49,8ae70a53-758c-568f-87dd-1f7c60a6b321,승리,6/7/14
#8352956072,2026-08-24 01:49,e310dfda-ef55-5307-be03-e59c780ddb2f,승리,12/4/9
#8352956072,2026-08-24 01:49,606f28cb-0a7f-5055-937b-038613f448a9,승리,4/4/14
#8352956072,2026-08-24 01:49,31e88dc8-bc4a-5b0e-b7f0-9d47bec34024,패배,7/10/1
#8352956072,2026-08-24 01:49,3e583936-ec9b-5f86-a923-77adcd637241,패배,8/7/12
#8352956072,2026-08-24 01:49,af3c1609-d379-52f6-98b7-fe36b0ce25ea,패배,4/6/9
#8352956072,2026-08-24 01:49,ee518a69-d821-5732-b8a7-455b20154db9,패배,10/6/11
#8352956072,2026-08-24 01:49,aa91628d-1def-593d-862a-968b8287a439,패배,2/7/23
#8352980972,2026-08-24 02:45,0a7b4119-42e6-502f-afa3-80e33dde1025,승리,9/3/10
#8352980972,2026-08-24 02:45,606f28cb-0a7f-5055-937b-038613f448a9,승리,1/3/11
#8352980972,2026-08-24 02:45,7e2bfe82-2409-5da9-968b-246723d3b167,승리,6/5/21
#8352980972,2026-08-24 02:45,1d7539b5-5566-57d4-b9cd-5158923a589d,승리,16/3/14
#8352980972,2026-08-24 02:45,aa91628d-1def-593d-862a-968b8287a439,승리,3/4/26
#8352980972,2026-08-24 02:45,08cc7879-bd50-5bae-ab79-126ab63b2696,패배,7/4/7
#8352980972,2026-08-24 02:45,af3c1609-d379-52f6-98b7-fe36b0ce25ea,패배,3/9/9
#8352980972,2026-08-24 02:45,79079bf7-8099-53bc-93f8-ea308ffd9170,패배,4/8/5
#8352980972,2026-08-24 02:45,6a4f5512-0b22-5bd1-ae85-8d8c07d751ab,패배,3/6/4
#8352980972,2026-08-24 02:45,3e583936-ec9b-5f86-a923-77adcd637241,패배,1/8/4
#8352633901,2026-08-23 22:25,3823a606-856c-5a41-9363-697967ef0d50,패배,8/4/4
#8352633901,2026-08-23 22:25,e25a31d2-835a-56f0-9cce-fd4438f88124,패배,2/9/6
#8352633901,2026-08-23 22:25,c9372432-0fdc-5fd3-b8e6-cbb273ca03fd,패배,4/7/6
#8352633901,2026-08-23 22:25,fc0f19c9-c655-5915-ad47-0ef0d2bff998,패배,6/5/5
#8352633901,2026-08-23 22:25,dc24227b-dc3a-529b-978f-009b37f19ca0,패배,0/11/8
#8352633901,2026-08-23 22:25,898843b8-3f65-555f-9dcb-d566ebcd206e,승리,1/3/21
#8352633901,2026-08-23 22:25,671680a6-c5c8-5457-a92b-91f0c83bfb91,승리,17/1/13
#8352633901,2026-08-23 22:25,d18ec7c7-d61a-58b8-98d9-ee36e9b5ce58,승리,5/4/6
#8352633901,2026-08-23 22:25,72e917d7-9f4e-52b2-82ad-8c7d8741ad78,승리,11/9/5
#8352633901,2026-08-23 22:25,dd48b93f-132a-56f2-aa29-95bddefc4a53,승리,2/3/24
#8352752373,2026-08-23 23:19,898843b8-3f65-555f-9dcb-d566ebcd206e,승리,4/1/12
#8352752373,2026-08-23 23:19,671680a6-c5c8-5457-a92b-91f0c83bfb91,승리,7/2/16
#8352752373,2026-08-23 23:19,d18ec7c7-d61a-58b8-98d9-ee36e9b5ce58,승리,13/9/7
#8352752373,2026-08-23 23:19,72e917d7-9f4e-52b2-82ad-8c7d8741ad78,승리,7/4/9
#8352752373,2026-08-23 23:19,dd48b93f-132a-56f2-aa29-95bddefc4a53,승리,0/4/19
#8352752373,2026-08-23 23:19,3823a606-856c-5a41-9363-697967ef0d50,패배,2/7/3
#8352752373,2026-08-23 23:19,e25a31d2-835a-56f0-9cce-fd4438f88124,패배,7/6/5
#8352752373,2026-08-23 23:19,c9372432-0fdc-5fd3-b8e6-cbb273ca03fd,패배,7/5/7
#8352752373,2026-08-23 23:19,fc0f19c9-c655-5915-ad47-0ef0d2bff998,패배,4/6/5
#8352752373,2026-08-23 23:19,dc24227b-dc3a-529b-978f-009b37f19ca0,패배,0/7/9
#8352642556,2026-08-23 22:20,5b3bf88d-076a-5339-9317-e6e1ba821cad,승리,2/7/9
#8352642556,2026-08-23 22:20,fa6d5ea3-c57a-500a-9f4d-c2c1e9265684,승리,8/3/8
#8352642556,2026-08-23 22:20,f6913164-7a0a-5d4f-a898-54665431820b,승리,7/5/9
#8352642556,2026-08-23 22:20,97e307f3-f84d-5b46-9ac5-b8edba86bfa5,승리,7/6/5
#8352642556,2026-08-23 22:20,73291f2a-d93a-59c4-8627-10679a8932a6,승리,1/8/17
#8352642556,2026-08-23 22:20,08cc7879-bd50-5bae-ab79-126ab63b2696,패배,5/6/9
#8352642556,2026-08-23 22:20,571b9bb0-8cd9-5b9e-81e6-814b49141ad4,패배,5/6/15
#8352642556,2026-08-23 22:20,7a8ba539-7e36-5ebc-8c84-affc83acb409,패배,5/2/11
#8352642556,2026-08-23 22:20,dc7ecf5f-0952-573d-9eae-96253295d4c5,패배,13/5/8
#8352642556,2026-08-23 22:20,1f538f56-a518-52c5-bb47-38b1b42846d6,패배,1/7/21
#8352748369,2026-08-23 23:13,08cc7879-bd50-5bae-ab79-126ab63b2696,승리,4/3/11
#8352748369,2026-08-23 23:13,571b9bb0-8cd9-5b9e-81e6-814b49141ad4,승리,7/7/13
#8352748369,2026-08-23 23:13,7a8ba539-7e36-5ebc-8c84-affc83acb409,승리,7/6/17
#8352748369,2026-08-23 23:13,dc7ecf5f-0952-573d-9eae-96253295d4c5,승리,13/4/10
#8352748369,2026-08-23 23:13,1f538f56-a518-52c5-bb47-38b1b42846d6,승리,1/4/21
#8352748369,2026-08-23 23:13,5b3bf88d-076a-5339-9317-e6e1ba821cad,패배,1/8/4
#8352748369,2026-08-23 23:13,fa6d5ea3-c57a-500a-9f4d-c2c1e9265684,패배,5/6/12
#8352748369,2026-08-23 23:13,f6913164-7a0a-5d4f-a898-54665431820b,패배,6/7/6
#8352748369,2026-08-23 23:13,97e307f3-f84d-5b46-9ac5-b8edba86bfa5,패배,11/7/3
#8352748369,2026-08-23 23:13,73291f2a-d93a-59c4-8627-10679a8932a6,패배,1/4/15
#8352838196,2026-08-24 00:02,5b3bf88d-076a-5339-9317-e6e1ba821cad,승리,8/2/9
#8352838196,2026-08-24 00:02,fa6d5ea3-c57a-500a-9f4d-c2c1e9265684,승리,9/3/15
#8352838196,2026-08-24 00:02,f6913164-7a0a-5d4f-a898-54665431820b,승리,4/3/18
#8352838196,2026-08-24 00:02,97e307f3-f84d-5b46-9ac5-b8edba86bfa5,승리,15/4/5
#8352838196,2026-08-24 00:02,73291f2a-d93a-59c4-8627-10679a8932a6,승리,0/6/26
#8352838196,2026-08-24 00:02,08cc7879-bd50-5bae-ab79-126ab63b2696,패배,1/8/6
#8352838196,2026-08-24 00:02,571b9bb0-8cd9-5b9e-81e6-814b49141ad4,패배,5/5/9
#8352838196,2026-08-24 00:02,7a8ba539-7e36-5ebc-8c84-affc83acb409,패배,0/8/10
#8352838196,2026-08-24 00:02,dc7ecf5f-0952-573d-9eae-96253295d4c5,패배,9/7/6
#8352838196,2026-08-24 00:02,1f538f56-a518-52c5-bb47-38b1b42846d6,패배,3/8/10
#8353479469,2026-08-24 19:09,c4c8cdc0-24db-5def-9120-c0eae39625cb,패배,8/7/14
#8353479469,2026-08-24 19:09,c9456c44-7c1e-5fd7-8907-737737772014,패배,18/12/5
#8353479469,2026-08-24 19:09,33d4446b-a1b9-5b44-ae8a-2009b77218d4,패배,4/12/6
#8353479469,2026-08-24 19:09,a7fe1bb4-32ca-51b2-9048-183e2cb1cce7,패배,8/3/18
#8353479469,2026-08-24 19:09,97e307f3-f84d-5b46-9ac5-b8edba86bfa5,패배,1/10/15
#8353479469,2026-08-24 19:09,7db3e54c-aa59-5892-84c8-ec824259ce3d,승리,3/8/21
#8353479469,2026-08-24 19:09,108ad62e-8642-5e2e-88b4-f0cc8b19efa4,승리,13/5/14
#8353479469,2026-08-24 19:09,702dbc2f-105c-5ec9-b414-b980ad393153,승리,19/6/12
#8353479469,2026-08-24 19:09,aa91628d-1def-593d-862a-968b8287a439,승리,8/15/7
#8353479469,2026-08-24 19:09,bc7d9161-a7d7-559a-9a9f-ac3c63c6e84d,승리,1/5/33
#8353498187,2026-08-24 19:21,1d7539b5-5566-57d4-b9cd-5158923a589d,승리,6/6/4
#8353498187,2026-08-24 19:21,4f8efa45-702e-52f6-88b5-e6c3859449ef,승리,1/1/4
#8353498187,2026-08-24 19:21,f691451d-87d3-5db5-94cf-22971436cf70,승리,12/5/7
#8353498187,2026-08-24 19:21,c0a4bb50-24f8-5d32-b20b-3e2a730399e7,승리,4/7/9
#8353498187,2026-08-24 19:21,9cf20ad8-ea37-5c6b-a6f7-3b5d69dce526,승리,1/9/7
#8353498187,2026-08-24 19:21,8cfa2c34-bd81-58ef-94bd-e256c269cab4,패배,2/3/1
#8353498187,2026-08-24 19:21,ee3c2ce7-47d9-50a4-a503-9334b192fa97,패배,6/5/12
#8353498187,2026-08-24 19:21,81f29a69-b8ac-54da-b522-c42a80fd414e,패배,2/9/7
#8353498187,2026-08-24 19:21,00fe8c06-324b-52a8-b848-493448796d39,패배,12/4/5
#8353498187,2026-08-24 19:21,d691c9ba-ea44-5740-a33e-d74edae9650e,패배,6/3/12
#8353540445,2026-08-24 20:02,c4c8cdc0-24db-5def-9120-c0eae39625cb,승리,6/6/7
#8353540445,2026-08-24 20:02,108ad62e-8642-5e2e-88b4-f0cc8b19efa4,승리,6/4/13
#8353540445,2026-08-24 20:02,702dbc2f-105c-5ec9-b414-b980ad393153,승리,9/1/13
#8353540445,2026-08-24 20:02,c9456c44-7c1e-5fd7-8907-737737772014,승리,13/7/6
#8353540445,2026-08-24 20:02,bc7d9161-a7d7-559a-9a9f-ac3c63c6e84d,승리,2/4/22
#8353540445,2026-08-24 20:02,7db3e54c-aa59-5892-84c8-ec824259ce3d,패배,4/6/8
#8353540445,2026-08-24 20:02,a7fe1bb4-32ca-51b2-9048-183e2cb1cce7,패배,6/6/6
#8353540445,2026-08-24 20:02,33d4446b-a1b9-5b44-ae8a-2009b77218d4,패배,6/7/3
#8353540445,2026-08-24 20:02,97e307f3-f84d-5b46-9ac5-b8edba86bfa5,패배,6/11/7
#8353540445,2026-08-24 20:02,aa91628d-1def-593d-862a-968b8287a439,패배,0/6/12
#8353537646,2026-08-24 20:02,1d7539b5-5566-57d4-b9cd-5158923a589d,승리,7/7/7
#8353537646,2026-08-24 20:02,4f8efa45-702e-52f6-88b5-e6c3859449ef,승리,1/0/7
#8353537646,2026-08-24 20:02,f691451d-87d3-5db5-94cf-22971436cf70,승리,15/1/7
#8353537646,2026-08-24 20:02,c0a4bb50-24f8-5d32-b20b-3e2a730399e7,승리,0/2/6
#8353537646,2026-08-24 20:02,9cf20ad8-ea37-5c6b-a6f7-3b5d69dce526,승리,4/5/18
#8353537646,2026-08-24 20:02,8cfa2c34-bd81-58ef-94bd-e256c269cab4,패배,2/4/2
#8353537646,2026-08-24 20:02,ee3c2ce7-47d9-50a4-a503-9334b192fa97,패배,2/5/2
#8353537646,2026-08-24 20:02,81f29a69-b8ac-54da-b522-c42a80fd414e,패배,2/5/3
#8353537646,2026-08-24 20:02,00fe8c06-324b-52a8-b848-493448796d39,패배,7/7/2
#8353537646,2026-08-24 20:02,d691c9ba-ea44-5740-a33e-d74edae9650e,패배,2/6/7
#8353604292,2026-08-24 20:47,3e583936-ec9b-5f86-a923-77adcd637241,패배,1/5/3
#8353604292,2026-08-24 20:47,c9456c44-7c1e-5fd7-8907-737737772014,패배,8/9/7
#8353604292,2026-08-24 20:47,702dbc2f-105c-5ec9-b414-b980ad393153,패배,4/7/8
#8353604292,2026-08-24 20:47,a7fe1bb4-32ca-51b2-9048-183e2cb1cce7,패배,7/5/5
#8353604292,2026-08-24 20:47,bc7d9161-a7d7-559a-9a9f-ac3c63c6e84d,패배,0/6/16
#8353604292,2026-08-24 20:47,7db3e54c-aa59-5892-84c8-ec824259ce3d,승리,4/2/9
#8353604292,2026-08-24 20:47,108ad62e-8642-5e2e-88b4-f0cc8b19efa4,승리,5/5/11
#8353604292,2026-08-24 20:47,33d4446b-a1b9-5b44-ae8a-2009b77218d4,승리,15/2/12
#8353604292,2026-08-24 20:47,aa91628d-1def-593d-862a-968b8287a439,승리,7/6/10
#8353604292,2026-08-24 20:47,c4c8cdc0-24db-5def-9120-c0eae39625cb,승리,1/5/18
#8353752440,2026-08-24 22:11,77bb09d0-2c95-596d-885a-3be23112cc76,승리,1/1/9
#8353752440,2026-08-24 22:11,30b8a5b1-1f16-5bc1-aa73-125e56aa560c,승리,12/2/10
#8353752440,2026-08-24 22:11,454320a7-8c33-58cc-a8ce-300dd2f3c4b9,승리,7/2/10
#8353752440,2026-08-24 22:11,04bae512-786a-57b8-9080-f818034e533f,승리,8/3/14
#8353752440,2026-08-24 22:11,cac75d28-bc8f-535a-9cba-80d88502dbd1,승리,3/2/25
#8353752440,2026-08-24 22:11,08cc7879-bd50-5bae-ab79-126ab63b2696,패배,1/5/0
#8353752440,2026-08-24 22:11,571b9bb0-8cd9-5b9e-81e6-814b49141ad4,패배,0/6/3
#8353752440,2026-08-24 22:11,7a8ba539-7e36-5ebc-8c84-affc83acb409,패배,1/6/2
#8353752440,2026-08-24 22:11,dc7ecf5f-0952-573d-9eae-96253295d4c5,패배,7/7/2
#8353752440,2026-08-24 22:11,1f538f56-a518-52c5-bb47-38b1b42846d6,패배,1/7/5
#8353774318,2026-08-24 22:15,a2cff7d6-9172-5eb9-aa2d-56c3f2b0182f,패배,0/6/0
#8353774318,2026-08-24 22:15,aa2fbfdd-c17f-5e1b-a04e-8567e1c45d5e,패배,1/2/1
#8353774318,2026-08-24 22:15,b5380629-d74b-5796-8e72-98a060d864de,패배,1/2/2
#8353774318,2026-08-24 22:15,015afc84-5281-50ca-bbd0-3773fe9d3b2f,패배,1/7/2
#8353774318,2026-08-24 22:15,e9d0d0eb-059e-55a4-8a8a-32d53b61f2fc,패배,2/5/1
#8353774318,2026-08-24 22:15,f691451d-87d3-5db5-94cf-22971436cf70,승리,1/2/1
#8353774318,2026-08-24 22:15,ca35d025-a97f-5e6f-a185-1a3e0bc24c0c,승리,3/0/2
#8353774318,2026-08-24 22:15,c23b7868-d95a-59be-b81b-6cf5103b4827,승리,7/0/1
#8353774318,2026-08-24 22:15,702dbc2f-105c-5ec9-b414-b980ad393153,승리,9/2/3
#8353774318,2026-08-24 22:15,bc7d9161-a7d7-559a-9a9f-ac3c63c6e84d,승리,2/1/10
#8353753769,2026-08-24 22:17,7e2bfe82-2409-5da9-968b-246723d3b167,승리,14/5/12
#8353753769,2026-08-24 22:17,7db3e54c-aa59-5892-84c8-ec824259ce3d,승리,7/1/7
#8353753769,2026-08-24 22:17,108ad62e-8642-5e2e-88b4-f0cc8b19efa4,승리,3/6/9
#8353753769,2026-08-24 22:17,ee518a69-d821-5732-b8a7-455b20154db9,승리,5/6/15
#8353753769,2026-08-24 22:17,4f8efa45-702e-52f6-88b5-e6c3859449ef,승리,1/7/21
#8353753769,2026-08-24 22:17,3b92af76-1395-553b-985f-8a96764f5478,패배,5/7/1
#8353753769,2026-08-24 22:17,069499cf-77ec-5560-ad94-77b077e33f55,패배,6/4/9
#8353753769,2026-08-24 22:17,8ddd3c3d-9ad4-5498-bf15-83a5ca69bc64,패배,2/5/13
#8353753769,2026-08-24 22:17,c15bff84-9864-563e-a3c6-3ea67fe21fc0,패배,9/5/11
#8353753769,2026-08-24 22:17,dc204a05-46fd-54ef-ac46-572689b19b99,패배,3/9/18
#8353825444,2026-08-24 22:44,a2cff7d6-9172-5eb9-aa2d-56c3f2b0182f,승리,6/4/6
#8353825444,2026-08-24 22:44,f691451d-87d3-5db5-94cf-22971436cf70,패배,3/5/0
#8353825444,2026-08-24 22:44,ca35d025-a97f-5e6f-a185-1a3e0bc24c0c,패배,3/7/4
#8353825444,2026-08-24 22:44,c23b7868-d95a-59be-b81b-6cf5103b4827,패배,2/4/2
#8353825444,2026-08-24 22:44,702dbc2f-105c-5ec9-b414-b980ad393153,패배,5/7/3
#8353825444,2026-08-24 22:44,bc7d9161-a7d7-559a-9a9f-ac3c63c6e84d,패배,1/6/5
#8353825444,2026-08-24 22:44,aa2fbfdd-c17f-5e1b-a04e-8567e1c45d5e,승리,1/3/0
#8353825444,2026-08-24 22:44,b5380629-d74b-5796-8e72-98a060d864de,승리,12/1/8
#8353825444,2026-08-24 22:44,015afc84-5281-50ca-bbd0-3773fe9d3b2f,승리,9/3/13
#8353825444,2026-08-24 22:44,e9d0d0eb-059e-55a4-8a8a-32d53b61f2fc,승리,1/3/16
#8353821658,2026-08-24 22:50,08cc7879-bd50-5bae-ab79-126ab63b2696,패배,3/4/2
#8353821658,2026-08-24 22:50,571b9bb0-8cd9-5b9e-81e6-814b49141ad4,패배,2/5/4
#8353821658,2026-08-24 22:50,7a8ba539-7e36-5ebc-8c84-affc83acb409,패배,2/8/3
#8353821658,2026-08-24 22:50,dc7ecf5f-0952-573d-9eae-96253295d4c5,패배,5/4/2
#8353821658,2026-08-24 22:50,1f538f56-a518-52c5-bb47-38b1b42846d6,패배,2/5/7
#8353821658,2026-08-24 22:50,a7fe1bb4-32ca-51b2-9048-183e2cb1cce7,승리,3/2/9
#8353821658,2026-08-24 22:50,30b8a5b1-1f16-5bc1-aa73-125e56aa560c,승리,4/2/10
#8353821658,2026-08-24 22:50,454320a7-8c33-58cc-a8ce-300dd2f3c4b9,승리,4/4/14
#8353821658,2026-08-24 22:50,04bae512-786a-57b8-9080-f818034e533f,승리,14/4/7
#8353821658,2026-08-24 22:50,cac75d28-bc8f-535a-9cba-80d88502dbd1,승리,1/3/19
#8353847250,2026-08-24 23:03,3b92af76-1395-553b-985f-8a96764f5478,패배,2/5/3
#8353847250,2026-08-24 23:03,069499cf-77ec-5560-ad94-77b077e33f55,패배,6/6/3
#8353847250,2026-08-24 23:03,8ddd3c3d-9ad4-5498-bf15-83a5ca69bc64,패배,1/4/3
#8353847250,2026-08-24 23:03,c15bff84-9864-563e-a3c6-3ea67fe21fc0,패배,3/8/3
#8353847250,2026-08-24 23:03,dc204a05-46fd-54ef-ac46-572689b19b99,패배,0/6/9
#8353847250,2026-08-24 23:03,7db3e54c-aa59-5892-84c8-ec824259ce3d,승리,7/2/9
#8353847250,2026-08-24 23:03,108ad62e-8642-5e2e-88b4-f0cc8b19efa4,승리,5/3/10
#8353847250,2026-08-24 23:03,7e2bfe82-2409-5da9-968b-246723d3b167,승리,13/3/5
#8353847250,2026-08-24 23:03,ee518a69-d821-5732-b8a7-455b20154db9,승리,4/3/13
#8353847250,2026-08-24 23:03,4f8efa45-702e-52f6-88b5-e6c3859449ef,승리,0/1/15
#8353848133,2026-08-24 22:53,97e307f3-f84d-5b46-9ac5-b8edba86bfa5,승리,1/1/6
#8353848133,2026-08-24 22:53,fa6d5ea3-c57a-500a-9f4d-c2c1e9265684,승리,6/1/3
#8353848133,2026-08-24 22:53,f6913164-7a0a-5d4f-a898-54665431820b,승리,8/0/1
#8353848133,2026-08-24 22:53,5b3bf88d-076a-5339-9317-e6e1ba821cad,승리,0/1/1
#8353848133,2026-08-24 22:53,73291f2a-d93a-59c4-8627-10679a8932a6,승리,0/0/5
#8353848133,2026-08-24 22:53,d4ed9d18-939c-549c-92bc-c2accb63a5f0,패배,1/4/1
#8353848133,2026-08-24 22:53,c9456c44-7c1e-5fd7-8907-737737772014,패배,1/4/1
#8353848133,2026-08-24 22:53,fd30acf7-dfb6-55e3-8ee1-8463244a92d5,패배,0/3/1
#8353848133,2026-08-24 22:53,48a9676c-6f4a-5dfb-9a36-fca24b95153a,패배,1/2/0
#8353848133,2026-08-24 22:53,b1f4307a-346f-574a-8484-c48200a43a21,패배,0/2/1
#8353762796,2026-08-24 22:13,d4ed9d18-939c-549c-92bc-c2accb63a5f0,승리,11/3/15
#8353762796,2026-08-24 22:13,c9456c44-7c1e-5fd7-8907-737737772014,승리,5/7/14
#8353762796,2026-08-24 22:13,fd30acf7-dfb6-55e3-8ee1-8463244a92d5,승리,15/0/11
#8353762796,2026-08-24 22:13,48a9676c-6f4a-5dfb-9a36-fca24b95153a,승리,7/4/10
#8353762796,2026-08-24 22:13,b1f4307a-346f-574a-8484-c48200a43a21,승리,0/4/21
#8353762796,2026-08-24 22:13,97e307f3-f84d-5b46-9ac5-b8edba86bfa5,패배,1/10/10
#8353762796,2026-08-24 22:13,fa6d5ea3-c57a-500a-9f4d-c2c1e9265684,패배,3/10/10
#8353762796,2026-08-24 22:13,f6913164-7a0a-5d4f-a898-54665431820b,패배,4/3/7
#8353762796,2026-08-24 22:13,5b3bf88d-076a-5339-9317-e6e1ba821cad,패배,10/6/5
#8353762796,2026-08-24 22:13,73291f2a-d93a-59c4-8627-10679a8932a6,패배,0/9/14
#8353897411,2026-08-24 23:25,a2cff7d6-9172-5eb9-aa2d-56c3f2b0182f,승리,19/2/3
#8353897411,2026-08-24 23:25,aa2fbfdd-c17f-5e1b-a04e-8567e1c45d5e,승리,1/4/10
#8353897411,2026-08-24 23:25,b5380629-d74b-5796-8e72-98a060d864de,승리,4/2/9
#8353897411,2026-08-24 23:25,015afc84-5281-50ca-bbd0-3773fe9d3b2f,승리,0/3/13
#8353897411,2026-08-24 23:25,38fbcc23-1703-519b-bc1f-07be1d00c74a,승리,1/1/11
#8353897411,2026-08-24 23:25,f691451d-87d3-5db5-94cf-22971436cf70,패배,6/7/0
#8353897411,2026-08-24 23:25,ca35d025-a97f-5e6f-a185-1a3e0bc24c0c,패배,0/4/2
#8353897411,2026-08-24 23:25,c23b7868-d95a-59be-b81b-6cf5103b4827,패배,4/6/3
#8353897411,2026-08-24 23:25,702dbc2f-105c-5ec9-b414-b980ad393153,패배,1/4/3
#8353897411,2026-08-24 23:25,bc7d9161-a7d7-559a-9a9f-ac3c63c6e84d,패배,1/4/3
#8353893659,2026-08-24 23:27,97e307f3-f84d-5b46-9ac5-b8edba86bfa5,승리,3/3/16
#8353893659,2026-08-24 23:27,fa6d5ea3-c57a-500a-9f4d-c2c1e9265684,승리,13/5/8
#8353893659,2026-08-24 23:27,f6913164-7a0a-5d4f-a898-54665431820b,승리,7/7/17
#8353893659,2026-08-24 23:27,5b3bf88d-076a-5339-9317-e6e1ba821cad,승리,4/4/6
#8353893659,2026-08-24 23:27,73291f2a-d93a-59c4-8627-10679a8932a6,승리,1/4/13
#8353893659,2026-08-24 23:27,d4ed9d18-939c-549c-92bc-c2accb63a5f0,패배,4/7/8
#8353893659,2026-08-24 23:27,c9456c44-7c1e-5fd7-8907-737737772014,패배,4/8/11
#8353893659,2026-08-24 23:27,fd30acf7-dfb6-55e3-8ee1-8463244a92d5,패배,8/5/3
#8353893659,2026-08-24 23:27,48a9676c-6f4a-5dfb-9a36-fca24b95153a,패배,6/4/7
#8353893659,2026-08-24 23:27,b1f4307a-346f-574a-8484-c48200a43a21,패배,1/4/12
#8353971788,2026-08-25 00:20,08cc7879-bd50-5bae-ab79-126ab63b2696,승리,12/4/13
#8353971788,2026-08-25 00:20,571b9bb0-8cd9-5b9e-81e6-814b49141ad4,승리,10/2/13
#8353971788,2026-08-25 00:20,7a8ba539-7e36-5ebc-8c84-affc83acb409,승리,10/3/15
#8353971788,2026-08-25 00:20,dc7ecf5f-0952-573d-9eae-96253295d4c5,승리,10/4/15
#8353971788,2026-08-25 00:20,1f538f56-a518-52c5-bb47-38b1b42846d6,승리,0/0/32
#8353971788,2026-08-25 00:20,aa2fbfdd-c17f-5e1b-a04e-8567e1c45d5e,패배,2/7/6
#8353971788,2026-08-25 00:20,b5380629-d74b-5796-8e72-98a060d864de,패배,5/10/4
#8353971788,2026-08-25 00:20,a2cff7d6-9172-5eb9-aa2d-56c3f2b0182f,패배,4/10/3
#8353971788,2026-08-25 00:20,015afc84-5281-50ca-bbd0-3773fe9d3b2f,패배,1/7/3
#8353971788,2026-08-25 00:20,38fbcc23-1703-519b-bc1f-07be1d00c74a,패배,1/8/5
#8353970785,2026-08-25 00:26,1b9aa7ca-461b-5d31-8834-7816dd82589b,승리,1/8/23
#8353970785,2026-08-25 00:26,af3c1609-d379-52f6-98b7-fe36b0ce25ea,패배,6/5/4
#8353970785,2026-08-25 00:26,606f28cb-0a7f-5055-937b-038613f448a9,패배,9/6/4
#8353970785,2026-08-25 00:26,0a7b4119-42e6-502f-afa3-80e33dde1025,패배,2/7/4
#8353970785,2026-08-25 00:26,aa91628d-1def-593d-862a-968b8287a439,패배,5/11/6
#8353970785,2026-08-25 00:26,3189601c-1e82-5dbd-b304-d034803ccfa2,패배,2/8/13
#8353970785,2026-08-25 00:26,3712c3ab-a24a-5bf1-85c1-b92c4d68e907,승리,3/5/17
#8353970785,2026-08-25 00:26,8ae70a53-758c-568f-87dd-1f7c60a6b321,승리,11/2/22
#8353970785,2026-08-25 00:26,4f8efa45-702e-52f6-88b5-e6c3859449ef,승리,1/5/9
#8353970785,2026-08-25 00:26,3ecbcaa4-8cf5-5e3f-94c0-89d8af23ee8b,승리,21/4/8
#8354027629,2026-08-25 01:11,0a7b4119-42e6-502f-afa3-80e33dde1025,승리,7/4/12
#8354027629,2026-08-25 01:11,3712c3ab-a24a-5bf1-85c1-b92c4d68e907,승리,3/4/10
#8354027629,2026-08-25 01:11,af3c1609-d379-52f6-98b7-fe36b0ce25ea,승리,12/2/13
#8354027629,2026-08-25 01:11,3e583936-ec9b-5f86-a923-77adcd637241,승리,12/4/4
#8354027629,2026-08-25 01:11,aa91628d-1def-593d-862a-968b8287a439,승리,1/7/22
#8354027629,2026-08-25 01:11,1b9aa7ca-461b-5d31-8834-7816dd82589b,패배,0/6/2
#8354027629,2026-08-25 01:11,8ae70a53-758c-568f-87dd-1f7c60a6b321,패배,5/8/5
#8354027629,2026-08-25 01:11,606f28cb-0a7f-5055-937b-038613f448a9,패배,3/3/7
#8354027629,2026-08-25 01:11,3ecbcaa4-8cf5-5e3f-94c0-89d8af23ee8b,패배,10/10/4
#8354027629,2026-08-25 01:11,3189601c-1e82-5dbd-b304-d034803ccfa2,패배,3/8/11
#8354035865,2026-08-25 01:18,38fbcc23-1703-519b-bc1f-07be1d00c74a,승리,4/2/4
#8354035865,2026-08-25 01:18,b5380629-d74b-5796-8e72-98a060d864de,승리,2/3/7
#8354035865,2026-08-25 01:18,015afc84-5281-50ca-bbd0-3773fe9d3b2f,승리,7/6/6
#8354035865,2026-08-25 01:18,a2cff7d6-9172-5eb9-aa2d-56c3f2b0182f,승리,4/7/6
#8354035865,2026-08-25 01:18,aa2fbfdd-c17f-5e1b-a04e-8567e1c45d5e,승리,3/9/9
#8354035865,2026-08-25 01:18,08cc7879-bd50-5bae-ab79-126ab63b2696,패배,9/5/1
#8354035865,2026-08-25 01:18,571b9bb0-8cd9-5b9e-81e6-814b49141ad4,패배,4/2/12
#8354035865,2026-08-25 01:18,7a8ba539-7e36-5ebc-8c84-affc83acb409,패배,5/4/14
#8354035865,2026-08-25 01:18,dc7ecf5f-0952-573d-9eae-96253295d4c5,패배,9/5/14
#8354035865,2026-08-25 01:18,1f538f56-a518-52c5-bb47-38b1b42846d6,패배,0/4/16
#8354085078,2026-08-25 02:03,0a7b4119-42e6-502f-afa3-80e33dde1025,패배,7/6/1
#8354085078,2026-08-25 02:03,1b9aa7ca-461b-5d31-8834-7816dd82589b,승리,5/1/6
#8354085078,2026-08-25 02:03,8ae70a53-758c-568f-87dd-1f7c60a6b321,승리,5/2/8
#8354085078,2026-08-25 02:03,3e583936-ec9b-5f86-a923-77adcd637241,승리,7/7/8
#8354085078,2026-08-25 02:03,3ecbcaa4-8cf5-5e3f-94c0-89d8af23ee8b,승리,18/1/7
#8354085078,2026-08-25 02:03,aa91628d-1def-593d-862a-968b8287a439,승리,0/1/25
#8354085078,2026-08-25 02:03,3712c3ab-a24a-5bf1-85c1-b92c4d68e907,패배,0/3/1
#8354085078,2026-08-25 02:03,606f28cb-0a7f-5055-937b-038613f448a9,패배,0/8/5
#8354085078,2026-08-25 02:03,af3c1609-d379-52f6-98b7-fe36b0ce25ea,패배,5/8/1
#8354085078,2026-08-25 02:03,3189601c-1e82-5dbd-b304-d034803ccfa2,패배,0/10/6
#8354097745,2026-08-25 02:42,0a7b4119-42e6-502f-afa3-80e33dde1025,승리,8/0/5
#8354097745,2026-08-25 02:42,c0f6a404-6917-50b6-9289-79e4fb83e77e,승리,8/1/1
#8354097745,2026-08-25 02:42,8ae70a53-758c-568f-87dd-1f7c60a6b321,승리,6/1/5
#8354097745,2026-08-25 02:42,3ecbcaa4-8cf5-5e3f-94c0-89d8af23ee8b,승리,7/0/1
#8354097745,2026-08-25 02:42,aa91628d-1def-593d-862a-968b8287a439,승리,1/2/16
#8354097745,2026-08-25 02:42,31e88dc8-bc4a-5b0e-b7f0-9d47bec34024,패배,0/8/1
#8354097745,2026-08-25 02:42,3e583936-ec9b-5f86-a923-77adcd637241,패배,1/4/1
#8354097745,2026-08-25 02:42,af3c1609-d379-52f6-98b7-fe36b0ce25ea,패배,1/4/0
#8354097745,2026-08-25 02:42,1b9aa7ca-461b-5d31-8834-7816dd82589b,패배,0/6/2
#8354097745,2026-08-25 02:42,3189601c-1e82-5dbd-b304-d034803ccfa2,패배,2/8/2
#8354122373,2026-08-25 03:14,0a7b4119-42e6-502f-afa3-80e33dde1025,승리,6/8/10
#8354122373,2026-08-25 03:14,31e88dc8-bc4a-5b0e-b7f0-9d47bec34024,승리,6/8/7
#8354122373,2026-08-25 03:14,8ae70a53-758c-568f-87dd-1f7c60a6b321,승리,14/4/7
#8354122373,2026-08-25 03:14,aa91628d-1def-593d-862a-968b8287a439,승리,9/7/4
#8354122373,2026-08-25 03:14,3189601c-1e82-5dbd-b304-d034803ccfa2,승리,0/6/17
#8354122373,2026-08-25 03:14,c0f6a404-6917-50b6-9289-79e4fb83e77e,패배,15/5/5
#8354122373,2026-08-25 03:14,3e583936-ec9b-5f86-a923-77adcd637241,패배,7/8/5
#8354122373,2026-08-25 03:14,3ecbcaa4-8cf5-5e3f-94c0-89d8af23ee8b,패배,7/9/11
#8354122373,2026-08-25 03:14,af3c1609-d379-52f6-98b7-fe36b0ce25ea,패배,4/9/13
#8354122373,2026-08-25 03:14,1b9aa7ca-461b-5d31-8834-7816dd82589b,패배,0/4/23
#8354589209,2026-08-25 19:08,7e2bfe82-2409-5da9-968b-246723d3b167,승리,6/3/12
#8354589209,2026-08-25 19:08,6a4f5512-0b22-5bd1-ae85-8d8c07d751ab,승리,2/4/19
#8354589209,2026-08-25 19:08,c9456c44-7c1e-5fd7-8907-737737772014,승리,9/8/8
#8354589209,2026-08-25 19:08,a2cff7d6-9172-5eb9-aa2d-56c3f2b0182f,승리,17/7/10
#8354589209,2026-08-25 19:08,aa91628d-1def-593d-862a-968b8287a439,승리,2/4/23
#8354589209,2026-08-25 19:08,3e583936-ec9b-5f86-a923-77adcd637241,패배,5/5/5
#8354589209,2026-08-25 19:08,30b8a5b1-1f16-5bc1-aa73-125e56aa560c,패배,3/9/12
#8354589209,2026-08-25 19:08,fd30acf7-dfb6-55e3-8ee1-8463244a92d5,패배,5/7/14
#8354589209,2026-08-25 19:08,c0f6a404-6917-50b6-9289-79e4fb83e77e,패배,12/6/6
#8354589209,2026-08-25 19:08,bc7d9161-a7d7-559a-9a9f-ac3c63c6e84d,패배,0/9/16
#8354634761,2026-08-25 20:01,7e2bfe82-2409-5da9-968b-246723d3b167,패배,5/11/3
#8354634761,2026-08-25 20:01,f691451d-87d3-5db5-94cf-22971436cf70,패배,3/8/4
#8354634761,2026-08-25 20:01,3e583936-ec9b-5f86-a923-77adcd637241,패배,4/9/8
#8354634761,2026-08-25 20:01,fd30acf7-dfb6-55e3-8ee1-8463244a92d5,패배,9/8/2
#8354634761,2026-08-25 20:01,bc7d9161-a7d7-559a-9a9f-ac3c63c6e84d,패배,0/5/9
#8354634761,2026-08-25 20:01,c9456c44-7c1e-5fd7-8907-737737772014,승리,3/7/10
#8354634761,2026-08-25 20:01,30b8a5b1-1f16-5bc1-aa73-125e56aa560c,승리,12/4/17
#8354634761,2026-08-25 20:01,a2cff7d6-9172-5eb9-aa2d-56c3f2b0182f,승리,12/4/20
#8354634761,2026-08-25 20:01,6a4f5512-0b22-5bd1-ae85-8d8c07d751ab,승리,12/5/14
#8354634761,2026-08-25 20:01,aa91628d-1def-593d-862a-968b8287a439,승리,2/3/22
#8353906699,2026-08-24 23:39,3823a606-856c-5a41-9363-697967ef0d50,패배,6/8/11
#8353906699,2026-08-24 23:39,e25a31d2-835a-56f0-9cce-fd4438f88124,패배,11/7/15
#8353906699,2026-08-24 23:39,dc24227b-dc3a-529b-978f-009b37f19ca0,패배,3/6/14
#8353906699,2026-08-24 23:39,fc0f19c9-c655-5915-ad47-0ef0d2bff998,패배,13/5/11
#8353906699,2026-08-24 23:39,c9372432-0fdc-5fd3-b8e6-cbb273ca03fd,패배,0/6/16
#8353906699,2026-08-24 23:39,31e88dc8-bc4a-5b0e-b7f0-9d47bec34024,승리,16/6/9
#8353906699,2026-08-24 23:39,3e583936-ec9b-5f86-a923-77adcd637241,승리,4/9/19
#8353906699,2026-08-24 23:39,79079bf7-8099-53bc-93f8-ea308ffd9170,승리,8/4/11
#8353906699,2026-08-24 23:39,7194b576-83cd-53a8-bd90-250ef2973cb2,승리,4/7/13
#8353906699,2026-08-24 23:39,78711887-6c86-5f77-bd13-8f3ca34dc66c,승리,0/7/23
#8353840721,2026-08-24 23:01,31e88dc8-bc4a-5b0e-b7f0-9d47bec34024,패배,2/4/0
#8353840721,2026-08-24 23:01,78711887-6c86-5f77-bd13-8f3ca34dc66c,패배,0/5/2
#8353840721,2026-08-24 23:01,79079bf7-8099-53bc-93f8-ea308ffd9170,패배,2/5/1
#8353840721,2026-08-24 23:01,7194b576-83cd-53a8-bd90-250ef2973cb2,패배,1/6/0
#8353840721,2026-08-24 23:01,3e583936-ec9b-5f86-a923-77adcd637241,패배,0/6/0
#8353840721,2026-08-24 23:01,3823a606-856c-5a41-9363-697967ef0d50,승리,5/1/2
#8353840721,2026-08-24 23:01,e25a31d2-835a-56f0-9cce-fd4438f88124,승리,9/0/5
#8353840721,2026-08-24 23:01,dc24227b-dc3a-529b-978f-009b37f19ca0,승리,0/3/11
#8353840721,2026-08-24 23:01,fc0f19c9-c655-5915-ad47-0ef0d2bff998,승리,12/0/3
#8353840721,2026-08-24 23:01,c9372432-0fdc-5fd3-b8e6-cbb273ca03fd,승리,0/1/17
#8353761351,2026-08-24 22:13,31e88dc8-bc4a-5b0e-b7f0-9d47bec34024,승리,4/9/5
#8353761351,2026-08-24 22:13,3e583936-ec9b-5f86-a923-77adcd637241,승리,9/5/8
#8353761351,2026-08-24 22:13,79079bf7-8099-53bc-93f8-ea308ffd9170,승리,9/4/9
#8353761351,2026-08-24 22:13,7194b576-83cd-53a8-bd90-250ef2973cb2,승리,4/4/12
#8353761351,2026-08-24 22:13,78711887-6c86-5f77-bd13-8f3ca34dc66c,승리,2/5/16
#8353761351,2026-08-24 22:13,3823a606-856c-5a41-9363-697967ef0d50,패배,8/6/5
#8353761351,2026-08-24 22:13,e25a31d2-835a-56f0-9cce-fd4438f88124,패배,9/7/6
#8353761351,2026-08-24 22:13,c9372432-0fdc-5fd3-b8e6-cbb273ca03fd,패배,7/4/8
#8353761351,2026-08-24 22:13,fc0f19c9-c655-5915-ad47-0ef0d2bff998,패배,2/5/8
#8353761351,2026-08-24 22:13,dc24227b-dc3a-529b-978f-009b37f19ca0,패배,0/6/10
#8354683186,2026-08-25 20:31,aa2fbfdd-c17f-5e1b-a04e-8567e1c45d5e,승리,9/5/4
#8354683186,2026-08-25 20:31,2988b6ec-4d8c-5cf7-88ea-be08c42a1416,승리,3/5/13
#8354683186,2026-08-25 20:31,79079bf7-8099-53bc-93f8-ea308ffd9170,승리,11/9/6
#8354683186,2026-08-25 20:31,78711887-6c86-5f77-bd13-8f3ca34dc66c,승리,5/4/9
#8354683186,2026-08-25 20:31,1b9aa7ca-461b-5d31-8834-7816dd82589b,승리,3/5/15
#8354683186,2026-08-25 20:31,f5b1b3fc-5819-512f-8fc4-1e3f12e480f4,패배,3/8/5
#8354683186,2026-08-25 20:31,af3c1609-d379-52f6-98b7-fe36b0ce25ea,패배,3/7/9
#8354683186,2026-08-25 20:31,33d4446b-a1b9-5b44-ae8a-2009b77218d4,패배,14/7/2
#8354683186,2026-08-25 20:31,0828921a-6693-576c-b1dd-3f0594bbf637,패배,7/3/4
#8354683186,2026-08-25 20:31,3189601c-1e82-5dbd-b304-d034803ccfa2,패배,1/6/17
#8354704113,2026-08-25 20:43,3e583936-ec9b-5f86-a923-77adcd637241,패배,0/3/6
#8354704113,2026-08-25 20:43,30b8a5b1-1f16-5bc1-aa73-125e56aa560c,패배,7/5/6
#8354704113,2026-08-25 20:43,fd30acf7-dfb6-55e3-8ee1-8463244a92d5,패배,2/4/9
#8354704113,2026-08-25 20:43,f691451d-87d3-5db5-94cf-22971436cf70,패배,9/9/3
#8354704113,2026-08-25 20:43,a2cff7d6-9172-5eb9-aa2d-56c3f2b0182f,패배,4/8/13
#8354704113,2026-08-25 20:43,bc7d9161-a7d7-559a-9a9f-ac3c63c6e84d,승리,2/4/8
#8354704113,2026-08-25 20:43,7e2bfe82-2409-5da9-968b-246723d3b167,승리,5/6/9
#8354704113,2026-08-25 20:43,6a4f5512-0b22-5bd1-ae85-8d8c07d751ab,승리,12/2/8
#8354704113,2026-08-25 20:43,32648f54-7e5b-571b-87d1-ee6ffdc14f5d,승리,7/3/13
#8354704113,2026-08-25 20:43,aa91628d-1def-593d-862a-968b8287a439,승리,3/7/14
#8354763040,2026-08-25 21:21,aa2fbfdd-c17f-5e1b-a04e-8567e1c45d5e,패배,4/2/2
#8354763040,2026-08-25 21:21,1b9aa7ca-461b-5d31-8834-7816dd82589b,패배,6/9/2
#8354763040,2026-08-25 21:21,79079bf7-8099-53bc-93f8-ea308ffd9170,패배,8/7/4
#8354763040,2026-08-25 21:21,af3c1609-d379-52f6-98b7-fe36b0ce25ea,패배,1/5/5
#8354763040,2026-08-25 21:21,78711887-6c86-5f77-bd13-8f3ca34dc66c,패배,1/8/6
#8354763040,2026-08-25 21:21,2988b6ec-4d8c-5cf7-88ea-be08c42a1416,승리,1/6/1
#8354763040,2026-08-25 21:21,33d4446b-a1b9-5b44-ae8a-2009b77218d4,승리,7/3/15
#8354763040,2026-08-25 21:21,f5b1b3fc-5819-512f-8fc4-1e3f12e480f4,승리,8/7/12
#8354763040,2026-08-25 21:21,0828921a-6693-576c-b1dd-3f0594bbf637,승리,15/1/6
#8354763040,2026-08-25 21:21,3189601c-1e82-5dbd-b304-d034803ccfa2,승리,0/3/20
#8354836078,2026-08-25 22:02,aa2fbfdd-c17f-5e1b-a04e-8567e1c45d5e,승리,4/6/15
#8354836078,2026-08-25 22:02,0828921a-6693-576c-b1dd-3f0594bbf637,승리,14/3/12
#8354836078,2026-08-25 22:02,79079bf7-8099-53bc-93f8-ea308ffd9170,승리,12/8/10
#8354836078,2026-08-25 22:02,33d4446b-a1b9-5b44-ae8a-2009b77218d4,승리,8/5/15
#8354836078,2026-08-25 22:02,f5b1b3fc-5819-512f-8fc4-1e3f12e480f4,승리,0/6/22
#8354836078,2026-08-25 22:02,2988b6ec-4d8c-5cf7-88ea-be08c42a1416,패배,7/8/10
#8354836078,2026-08-25 22:02,3e583936-ec9b-5f86-a923-77adcd637241,패배,6/7/8
#8354836078,2026-08-25 22:02,a2cff7d6-9172-5eb9-aa2d-56c3f2b0182f,패배,10/9/8
#8354836078,2026-08-25 22:02,1b9aa7ca-461b-5d31-8834-7816dd82589b,패배,5/6/14
#8354836078,2026-08-25 22:02,3189601c-1e82-5dbd-b304-d034803ccfa2,패배,0/8/17
#8354834825,2026-08-25 22:07,454320a7-8c33-58cc-a8ce-300dd2f3c4b9,패배,6/4/14
#8354834825,2026-08-25 22:07,1a69a4f5-32c7-57f9-be56-fb56bf263513,승리,13/5/7
#8354834825,2026-08-25 22:07,ca35d025-a97f-5e6f-a185-1a3e0bc24c0c,승리,2/6/19
#8354834825,2026-08-25 22:07,c23b7868-d95a-59be-b81b-6cf5103b4827,승리,2/4/13
#8354834825,2026-08-25 22:07,702dbc2f-105c-5ec9-b414-b980ad393153,승리,12/5/9
#8354834825,2026-08-25 22:07,bc7d9161-a7d7-559a-9a9f-ac3c63c6e84d,승리,2/6/15
#8354834825,2026-08-25 22:07,77bb09d0-2c95-596d-885a-3be23112cc76,패배,2/10/6
#8354834825,2026-08-25 22:07,30b8a5b1-1f16-5bc1-aa73-125e56aa560c,패배,11/7/7
#8354834825,2026-08-25 22:07,3ecbcaa4-8cf5-5e3f-94c0-89d8af23ee8b,패배,6/7/11
#8354834825,2026-08-25 22:07,cac75d28-bc8f-535a-9cba-80d88502dbd1,패배,1/3/14
#8354834784,2026-08-25 22:10,6a4f5512-0b22-5bd1-ae85-8d8c07d751ab,승리,8/1/6
#8354834784,2026-08-25 22:10,f691451d-87d3-5db5-94cf-22971436cf70,승리,9/3/9
#8354834784,2026-08-25 22:10,c0a4bb50-24f8-5d32-b20b-3e2a730399e7,승리,7/1/14
#8354834784,2026-08-25 22:10,1d7539b5-5566-57d4-b9cd-5158923a589d,승리,7/5/4
#8354834784,2026-08-25 22:10,9cf20ad8-ea37-5c6b-a6f7-3b5d69dce526,승리,2/5/17
#8354834784,2026-08-25 22:10,08cc7879-bd50-5bae-ab79-126ab63b2696,패배,5/5/3
#8354834784,2026-08-25 22:10,571b9bb0-8cd9-5b9e-81e6-814b49141ad4,패배,3/7/3
#8354834784,2026-08-25 22:10,7a8ba539-7e36-5ebc-8c84-affc83acb409,패배,1/5/5
#8354834784,2026-08-25 22:10,dc7ecf5f-0952-573d-9eae-96253295d4c5,패배,3/10/5
#8354834784,2026-08-25 22:10,1f538f56-a518-52c5-bb47-38b1b42846d6,패배,3/6/10
#8354860595,2026-08-25 22:13,97e307f3-f84d-5b46-9ac5-b8edba86bfa5,패배,1/5/5
#8354860595,2026-08-25 22:13,fa6d5ea3-c57a-500a-9f4d-c2c1e9265684,패배,5/8/5
#8354860595,2026-08-25 22:13,f6913164-7a0a-5d4f-a898-54665431820b,패배,8/4/8
#8354860595,2026-08-25 22:13,5b3bf88d-076a-5339-9317-e6e1ba821cad,패배,5/8/3
#8354860595,2026-08-25 22:13,73291f2a-d93a-59c4-8627-10679a8932a6,패배,1/9/9
#8354860595,2026-08-25 22:13,898843b8-3f65-555f-9dcb-d566ebcd206e,승리,6/3/13
#8354860595,2026-08-25 22:13,671680a6-c5c8-5457-a92b-91f0c83bfb91,승리,4/4/18
#8354860595,2026-08-25 22:13,7e2bfe82-2409-5da9-968b-246723d3b167,승리,15/6/11
#8354860595,2026-08-25 22:13,47807318-74f3-5694-81af-6511b4e32f33,승리,9/5/9
#8354860595,2026-08-25 22:13,dd48b93f-132a-56f2-aa29-95bddefc4a53,승리,0/2/26
#8354867155,2026-08-25 22:14,d4ed9d18-939c-549c-92bc-c2accb63a5f0,승리,3/4/7
#8354867155,2026-08-25 22:14,c9456c44-7c1e-5fd7-8907-737737772014,승리,5/4/9
#8354867155,2026-08-25 22:14,fd30acf7-dfb6-55e3-8ee1-8463244a92d5,승리,10/1/4
#8354867155,2026-08-25 22:14,48a9676c-6f4a-5dfb-9a36-fca24b95153a,승리,1/4/7
#8354867155,2026-08-25 22:14,b1f4307a-346f-574a-8484-c48200a43a21,승리,0/5/13
#8354867155,2026-08-25 22:14,3823a606-856c-5a41-9363-697967ef0d50,패배,0/6/13
#8354867155,2026-08-25 22:14,e25a31d2-835a-56f0-9cce-fd4438f88124,패배,5/3/7
#8354867155,2026-08-25 22:14,dc24227b-dc3a-529b-978f-009b37f19ca0,패배,4/6/9
#8354867155,2026-08-25 22:14,fc0f19c9-c655-5915-ad47-0ef0d2bff998,패배,8/1/2
#8354867155,2026-08-25 22:14,c9372432-0fdc-5fd3-b8e6-cbb273ca03fd,패배,1/3/12
#8354930396,2026-08-25 22:55,0a7b4119-42e6-502f-afa3-80e33dde1025,승리,5/4/18
#8354930396,2026-08-25 22:55,aa2fbfdd-c17f-5e1b-a04e-8567e1c45d5e,승리,5/5/12
#8354930396,2026-08-25 22:55,3712c3ab-a24a-5bf1-85c1-b92c4d68e907,승리,12/4/11
#8354930396,2026-08-25 22:55,79079bf7-8099-53bc-93f8-ea308ffd9170,승리,7/9/14
#8354930396,2026-08-25 22:55,32648f54-7e5b-571b-87d1-ee6ffdc14f5d,승리,12/7/15
#8354930396,2026-08-25 22:55,77a65121-6eb2-5e4a-af35-c55ad40ec191,패배,4/7/1
#8354930396,2026-08-25 22:55,3e583936-ec9b-5f86-a923-77adcd637241,패배,7/7/9
#8354930396,2026-08-25 22:55,a2cff7d6-9172-5eb9-aa2d-56c3f2b0182f,패배,10/9/10
#8354930396,2026-08-25 22:55,33d4446b-a1b9-5b44-ae8a-2009b77218d4,패배,7/8/9
#8354930396,2026-08-25 22:55,f5b1b3fc-5819-512f-8fc4-1e3f12e480f4,패배,1/10/12
#8354922802,2026-08-25 22:56,454320a7-8c33-58cc-a8ce-300dd2f3c4b9,승리,1/2/6
#8354922802,2026-08-25 22:56,77bb09d0-2c95-596d-885a-3be23112cc76,승리,5/1/2
#8354922802,2026-08-25 22:56,30b8a5b1-1f16-5bc1-aa73-125e56aa560c,승리,8/2/7
#8354922802,2026-08-25 22:56,3ecbcaa4-8cf5-5e3f-94c0-89d8af23ee8b,승리,9/5/6
#8354922802,2026-08-25 22:56,cac75d28-bc8f-535a-9cba-80d88502dbd1,승리,1/1/17
#8354922802,2026-08-25 22:56,1a69a4f5-32c7-57f9-be56-fb56bf263513,패배,1/5/0
#8354922802,2026-08-25 22:56,ca35d025-a97f-5e6f-a185-1a3e0bc24c0c,패배,6/5/0
#8354922802,2026-08-25 22:56,c23b7868-d95a-59be-b81b-6cf5103b4827,패배,2/4/2
#8354922802,2026-08-25 22:56,702dbc2f-105c-5ec9-b414-b980ad393153,패배,1/6/4
#8354922802,2026-08-25 22:56,bc7d9161-a7d7-559a-9a9f-ac3c63c6e84d,패배,1/5/6
#8354934404,2026-08-25 23:00,08cc7879-bd50-5bae-ab79-126ab63b2696,패배,2/6/1
#8354934404,2026-08-25 23:00,571b9bb0-8cd9-5b9e-81e6-814b49141ad4,패배,6/6/2
#8354934404,2026-08-25 23:00,7a8ba539-7e36-5ebc-8c84-affc83acb409,패배,1/6/7
#8354934404,2026-08-25 23:00,dc7ecf5f-0952-573d-9eae-96253295d4c5,패배,2/7/1
#8354934404,2026-08-25 23:00,1f538f56-a518-52c5-bb47-38b1b42846d6,패배,0/8/4
#8354934404,2026-08-25 23:00,6a4f5512-0b22-5bd1-ae85-8d8c07d751ab,승리,2/2/12
#8354934404,2026-08-25 23:00,f691451d-87d3-5db5-94cf-22971436cf70,승리,21/2/6
#8354934404,2026-08-25 23:00,c0a4bb50-24f8-5d32-b20b-3e2a730399e7,승리,2/5/12
#8354934404,2026-08-25 23:00,1d7539b5-5566-57d4-b9cd-5158923a589d,승리,8/1/14
#8354934404,2026-08-25 23:00,9cf20ad8-ea37-5c6b-a6f7-3b5d69dce526,승리,0/1/24
#8354964460,2026-08-25 23:11,3823a606-856c-5a41-9363-697967ef0d50,패배,2/6/3
#8354964460,2026-08-25 23:11,e25a31d2-835a-56f0-9cce-fd4438f88124,패배,5/8/2
#8354964460,2026-08-25 23:11,dc24227b-dc3a-529b-978f-009b37f19ca0,패배,1/4/4
#8354964460,2026-08-25 23:11,fc0f19c9-c655-5915-ad47-0ef0d2bff998,패배,6/5/1
#8354964460,2026-08-25 23:11,c9372432-0fdc-5fd3-b8e6-cbb273ca03fd,패배,0/3/8
#8354964460,2026-08-25 23:11,d4ed9d18-939c-549c-92bc-c2accb63a5f0,승리,9/5/5
#8354964460,2026-08-25 23:11,c9456c44-7c1e-5fd7-8907-737737772014,승리,6/4/10
#8354964460,2026-08-25 23:11,fd30acf7-dfb6-55e3-8ee1-8463244a92d5,승리,6/1/6
#8354964460,2026-08-25 23:11,48a9676c-6f4a-5dfb-9a36-fca24b95153a,승리,4/2/4
#8354964460,2026-08-25 23:11,b1f4307a-346f-574a-8484-c48200a43a21,승리,0/3/12
#8354969413,2026-08-25 23:12,898843b8-3f65-555f-9dcb-d566ebcd206e,승리,7/3/8
#8354969413,2026-08-25 23:12,671680a6-c5c8-5457-a92b-91f0c83bfb91,승리,8/4/10
#8354969413,2026-08-25 23:12,7e2bfe82-2409-5da9-968b-246723d3b167,승리,4/4/8
#8354969413,2026-08-25 23:12,47807318-74f3-5694-81af-6511b4e32f33,승리,9/2/11
#8354969413,2026-08-25 23:12,dd48b93f-132a-56f2-aa29-95bddefc4a53,승리,0/3/18
#8354969413,2026-08-25 23:12,97e307f3-f84d-5b46-9ac5-b8edba86bfa5,패배,3/5/3
#8354969413,2026-08-25 23:12,fa6d5ea3-c57a-500a-9f4d-c2c1e9265684,패배,8/5/4
#8354969413,2026-08-25 23:12,f6913164-7a0a-5d4f-a898-54665431820b,패배,2/5/5
#8354969413,2026-08-25 23:12,5b3bf88d-076a-5339-9317-e6e1ba821cad,패배,2/6/5
#8354969413,2026-08-25 23:12,73291f2a-d93a-59c4-8627-10679a8932a6,패배,1/7/7
#8354991556,2026-08-25 23:33,454320a7-8c33-58cc-a8ce-300dd2f3c4b9,패배,3/2/0
#8354991556,2026-08-25 23:33,77bb09d0-2c95-596d-885a-3be23112cc76,패배,0/8/1
#8354991556,2026-08-25 23:33,30b8a5b1-1f16-5bc1-aa73-125e56aa560c,패배,1/5/2
#8354991556,2026-08-25 23:33,3ecbcaa4-8cf5-5e3f-94c0-89d8af23ee8b,패배,3/5/4
#8354991556,2026-08-25 23:33,cac75d28-bc8f-535a-9cba-80d88502dbd1,패배,1/4/5
#8354991556,2026-08-25 23:33,1a69a4f5-32c7-57f9-be56-fb56bf263513,승리,8/0/12
#8354991556,2026-08-25 23:33,ca35d025-a97f-5e6f-a185-1a3e0bc24c0c,승리,6/1/9
#8354991556,2026-08-25 23:33,c23b7868-d95a-59be-b81b-6cf5103b4827,승리,9/2/6
#8354991556,2026-08-25 23:33,702dbc2f-105c-5ec9-b414-b980ad393153,승리,1/2/7
#8354991556,2026-08-25 23:33,bc7d9161-a7d7-559a-9a9f-ac3c63c6e84d,승리,0/3/13
#8355017727,2026-08-25 23:50,1d7539b5-5566-57d4-b9cd-5158923a589d,패배,3/9/22
#8355017727,2026-08-25 23:50,3e583936-ec9b-5f86-a923-77adcd637241,패배,2/5/7
#8355017727,2026-08-25 23:50,f5b1b3fc-5819-512f-8fc4-1e3f12e480f4,패배,5/9/9
#8355017727,2026-08-25 23:50,79079bf7-8099-53bc-93f8-ea308ffd9170,패배,9/9/8
#8355017727,2026-08-25 23:50,32648f54-7e5b-571b-87d1-ee6ffdc14f5d,패배,13/10/7
#8355017727,2026-08-25 23:50,aa2fbfdd-c17f-5e1b-a04e-8567e1c45d5e,승리,9/3/9
#8355017727,2026-08-25 23:50,3712c3ab-a24a-5bf1-85c1-b92c4d68e907,승리,8/4/20
#8355017727,2026-08-25 23:50,a2cff7d6-9172-5eb9-aa2d-56c3f2b0182f,승리,11/6/16
#8355017727,2026-08-25 23:50,0a7b4119-42e6-502f-afa3-80e33dde1025,승리,9/9/16
#8355017727,2026-08-25 23:50,9698fdaf-6098-5b6c-80f4-e1b06071009c,승리,5/10/13
#8355038167,2026-08-25 23:52,d4ed9d18-939c-549c-92bc-c2accb63a5f0,승리,7/1/3
#8355038167,2026-08-25 23:52,c9456c44-7c1e-5fd7-8907-737737772014,승리,8/2/10
#8355038167,2026-08-25 23:52,fd30acf7-dfb6-55e3-8ee1-8463244a92d5,승리,6/0/9
#8355038167,2026-08-25 23:52,48a9676c-6f4a-5dfb-9a36-fca24b95153a,승리,2/3/9
#8355038167,2026-08-25 23:52,b1f4307a-346f-574a-8484-c48200a43a21,승리,1/0/15
#8355038167,2026-08-25 23:52,3823a606-856c-5a41-9363-697967ef0d50,패배,3/5/1
#8355038167,2026-08-25 23:52,e25a31d2-835a-56f0-9cce-fd4438f88124,패배,2/5/0
#8355038167,2026-08-25 23:52,dc24227b-dc3a-529b-978f-009b37f19ca0,패배,0/6/2
#8355038167,2026-08-25 23:52,fc0f19c9-c655-5915-ad47-0ef0d2bff998,패배,1/5/1
#8355038167,2026-08-25 23:52,c9372432-0fdc-5fd3-b8e6-cbb273ca03fd,패배,0/3/4
#8355061939,2026-08-26 00:24,454320a7-8c33-58cc-a8ce-300dd2f3c4b9,승리,6/3/10
#8355061939,2026-08-26 00:24,77bb09d0-2c95-596d-885a-3be23112cc76,승리,6/1/5
#8355061939,2026-08-26 00:24,30b8a5b1-1f16-5bc1-aa73-125e56aa560c,승리,3/1/10
#8355061939,2026-08-26 00:24,04bae512-786a-57b8-9080-f818034e533f,승리,7/5/9
#8355061939,2026-08-26 00:24,cac75d28-bc8f-535a-9cba-80d88502dbd1,승리,1/2/16
#8355061939,2026-08-26 00:24,f6913164-7a0a-5d4f-a898-54665431820b,패배,2/5/1
#8355061939,2026-08-26 00:24,fa6d5ea3-c57a-500a-9f4d-c2c1e9265684,패배,7/5/2
#8355061939,2026-08-26 00:24,5b3bf88d-076a-5339-9317-e6e1ba821cad,패배,1/5/6
#8355061939,2026-08-26 00:24,97e307f3-f84d-5b46-9ac5-b8edba86bfa5,패배,2/3/5
#8355061939,2026-08-26 00:24,73291f2a-d93a-59c4-8627-10679a8932a6,패배,0/5/5
#8355073000,2026-08-26 00:36,0a7b4119-42e6-502f-afa3-80e33dde1025,승리,12/8/19
#8355073000,2026-08-26 00:36,aa2fbfdd-c17f-5e1b-a04e-8567e1c45d5e,승리,13/3/15
#8355073000,2026-08-26 00:36,f5b1b3fc-5819-512f-8fc4-1e3f12e480f4,승리,14/13/15
#8355073000,2026-08-26 00:36,32648f54-7e5b-571b-87d1-ee6ffdc14f5d,승리,16/13/12
#8355073000,2026-08-26 00:36,1d7539b5-5566-57d4-b9cd-5158923a589d,승리,2/8/38
#8355073000,2026-08-26 00:36,3e583936-ec9b-5f86-a923-77adcd637241,패배,5/7/7
#8355073000,2026-08-26 00:36,3712c3ab-a24a-5bf1-85c1-b92c4d68e907,패배,9/9/16
#8355073000,2026-08-26 00:36,a2cff7d6-9172-5eb9-aa2d-56c3f2b0182f,패배,15/15/10
#8355073000,2026-08-26 00:36,9698fdaf-6098-5b6c-80f4-e1b06071009c,패배,4/9/24
#8355073000,2026-08-26 00:36,79079bf7-8099-53bc-93f8-ea308ffd9170,패배,12/17/18
#8355118741,2026-08-26 01:09,454320a7-8c33-58cc-a8ce-300dd2f3c4b9,승리,9/3/9
#8355118741,2026-08-26 01:09,5b3bf88d-076a-5339-9317-e6e1ba821cad,패배,6/4/4
#8355118741,2026-08-26 01:09,fa6d5ea3-c57a-500a-9f4d-c2c1e9265684,패배,7/5/8
#8355118741,2026-08-26 01:09,f6913164-7a0a-5d4f-a898-54665431820b,패배,4/5/8
#8355118741,2026-08-26 01:09,97e307f3-f84d-5b46-9ac5-b8edba86bfa5,패배,1/6/4
#8355118741,2026-08-26 01:09,73291f2a-d93a-59c4-8627-10679a8932a6,패배,1/5/13
#8355118741,2026-08-26 01:09,77bb09d0-2c95-596d-885a-3be23112cc76,승리,3/4/5
#8355118741,2026-08-26 01:09,30b8a5b1-1f16-5bc1-aa73-125e56aa560c,승리,3/4/15
#8355118741,2026-08-26 01:09,04bae512-786a-57b8-9080-f818034e533f,승리,9/3/5
#8355118741,2026-08-26 01:09,cac75d28-bc8f-535a-9cba-80d88502dbd1,승리,1/5/13
#8355154035,2026-08-26 01:33,0a7b4119-42e6-502f-afa3-80e33dde1025,패배,5/5/7
#8355154035,2026-08-26 01:33,c9372432-0fdc-5fd3-b8e6-cbb273ca03fd,패배,3/7/6
#8355154035,2026-08-26 01:33,3e583936-ec9b-5f86-a923-77adcd637241,패배,0/7/9
#8355154035,2026-08-26 01:33,32648f54-7e5b-571b-87d1-ee6ffdc14f5d,패배,9/5/3
#8355154035,2026-08-26 01:33,c0f6a404-6917-50b6-9289-79e4fb83e77e,패배,3/2/9
#8355154035,2026-08-26 01:33,aa2fbfdd-c17f-5e1b-a04e-8567e1c45d5e,승리,4/3/12
#8355154035,2026-08-26 01:33,3712c3ab-a24a-5bf1-85c1-b92c4d68e907,승리,0/3/9
#8355154035,2026-08-26 01:33,79079bf7-8099-53bc-93f8-ea308ffd9170,승리,8/4/10
#8355154035,2026-08-26 01:33,9698fdaf-6098-5b6c-80f4-e1b06071009c,승리,5/3/3
#8355154035,2026-08-26 01:33,a2cff7d6-9172-5eb9-aa2d-56c3f2b0182f,승리,9/7/8
#8355120183,2026-08-26 01:00,abf24069-d878-5584-a722-42c3ed48ac26,승리,1/2/2
#8355120183,2026-08-26 01:00,2bcbb662-920f-5295-b1dd-0afeb6607d02,승리,9/1/7
#8355120183,2026-08-26 01:00,a8a9e4df-d50d-5f47-89fd-9afd78b36fae,승리,3/0/6
#8355120183,2026-08-26 01:00,987d254d-aaa5-5133-a88b-57adee48cf07,승리,6/1/14
#8355120183,2026-08-26 01:00,b472137d-2ede-545b-ac35-ff2dd0869fa6,승리,2/2/16
#8355120183,2026-08-26 01:00,08cc7879-bd50-5bae-ab79-126ab63b2696,패배,1/2/2
#8355120183,2026-08-26 01:00,571b9bb0-8cd9-5b9e-81e6-814b49141ad4,패배,2/3/0
#8355120183,2026-08-26 01:00,7a8ba539-7e36-5ebc-8c84-affc83acb409,패배,1/1/1
#8355120183,2026-08-26 01:00,dc7ecf5f-0952-573d-9eae-96253295d4c5,패배,0/8/3
#8355120183,2026-08-26 01:00,1f538f56-a518-52c5-bb47-38b1b42846d6,패배,2/7/3
#8355066412,2026-08-26 00:21,08cc7879-bd50-5bae-ab79-126ab63b2696,패배,2/7/0
#8355066412,2026-08-26 00:21,571b9bb0-8cd9-5b9e-81e6-814b49141ad4,패배,0/5/3
#8355066412,2026-08-26 00:21,7a8ba539-7e36-5ebc-8c84-affc83acb409,패배,0/4/2
#8355066412,2026-08-26 00:21,dc7ecf5f-0952-573d-9eae-96253295d4c5,패배,4/7/2
#8355066412,2026-08-26 00:21,1f538f56-a518-52c5-bb47-38b1b42846d6,패배,0/5/6
#8355066412,2026-08-26 00:21,abf24069-d878-5584-a722-42c3ed48ac26,승리,4/1/9
#8355066412,2026-08-26 00:21,2bcbb662-920f-5295-b1dd-0afeb6607d02,승리,12/0/9
#8355066412,2026-08-26 00:21,a8a9e4df-d50d-5f47-89fd-9afd78b36fae,승리,3/1/9
#8355066412,2026-08-26 00:21,987d254d-aaa5-5133-a88b-57adee48cf07,승리,6/2/7
#8355066412,2026-08-26 00:21,b472137d-2ede-545b-ac35-ff2dd0869fa6,승리,3/2/10
#8354644532,2026-08-25 20:06,104ab614-031d-521e-8212-311a40904f87,승리,19/11/18
#8354644532,2026-08-25 20:06,fbef96bd-48dc-53cd-90bd-bb905b3cca7a,승리,13/5/22
#8354644532,2026-08-25 20:06,6565c6e0-da02-543d-ab11-19e68fd6b526,승리,12/8/24
#8354644532,2026-08-25 20:06,a4b27f00-ae5b-5ec5-8814-5ec451a6267a,승리,7/7/19
#8354644532,2026-08-25 20:06,62a177f9-e70b-5776-acd7-4b9e900dd4ac,승리,3/2/29
#8354644532,2026-08-25 20:06,08cc7879-bd50-5bae-ab79-126ab63b2696,패배,6/14/7
#8354644532,2026-08-25 20:06,571b9bb0-8cd9-5b9e-81e6-814b49141ad4,패배,8/10/12
#8354644532,2026-08-25 20:06,7a8ba539-7e36-5ebc-8c84-affc83acb409,패배,5/11/11
#8354644532,2026-08-25 20:06,dc7ecf5f-0952-573d-9eae-96253295d4c5,패배,13/9/8
#8354644532,2026-08-25 20:06,1f538f56-a518-52c5-bb47-38b1b42846d6,패배,1/10/16
#8354586710,2026-08-25 19:15,08cc7879-bd50-5bae-ab79-126ab63b2696,패배,11/5/5
#8354586710,2026-08-25 19:15,571b9bb0-8cd9-5b9e-81e6-814b49141ad4,패배,6/9/10
#8354586710,2026-08-25 19:15,7a8ba539-7e36-5ebc-8c84-affc83acb409,패배,7/7/13
#8354586710,2026-08-25 19:15,dc7ecf5f-0952-573d-9eae-96253295d4c5,패배,4/8/12
#8354586710,2026-08-25 19:15,1f538f56-a518-52c5-bb47-38b1b42846d6,패배,0/9/14
#8354586710,2026-08-25 19:15,104ab614-031d-521e-8212-311a40904f87,승리,10/7/8
#8354586710,2026-08-25 19:15,fbef96bd-48dc-53cd-90bd-bb905b3cca7a,승리,14/1/17
#8354586710,2026-08-25 19:15,6565c6e0-da02-543d-ab11-19e68fd6b526,승리,10/7/16
#8354586710,2026-08-25 19:15,a4b27f00-ae5b-5ec5-8814-5ec451a6267a,승리,3/8/11
#8354586710,2026-08-25 19:15,62a177f9-e70b-5776-acd7-4b9e900dd4ac,승리,1/5/24
#8355739072,2026-08-26 19:20,4f8efa45-702e-52f6-88b5-e6c3859449ef,승리,2/3/9
#8355739072,2026-08-26 19:20,f691451d-87d3-5db5-94cf-22971436cf70,승리,12/3/9
#8355739072,2026-08-26 19:20,c0a4bb50-24f8-5d32-b20b-3e2a730399e7,승리,1/2/17
#8355739072,2026-08-26 19:20,1d7539b5-5566-57d4-b9cd-5158923a589d,승리,7/1/12
#8355739072,2026-08-26 19:20,9cf20ad8-ea37-5c6b-a6f7-3b5d69dce526,승리,5/5/16
#8355739072,2026-08-26 19:20,d6d70091-191c-5bef-88a6-4491615f37a0,패배,1/3/4
#8355739072,2026-08-26 19:20,42ecfd46-079f-5fbe-a9ee-fa32b2c7c65c,패배,3/7/8
#8355739072,2026-08-26 19:20,cd0c52e8-998a-5584-8ace-eb2d68d955f7,패배,4/4/7
#8355739072,2026-08-26 19:20,594ded25-40cd-5c32-af93-55db75d947c0,패배,5/6/3
#8355739072,2026-08-26 19:20,41063315-3fb9-5be9-8e14-0a8c4d80aee8,패배,1/7/9
#8355798408,2026-08-26 20:11,4f8efa45-702e-52f6-88b5-e6c3859449ef,승리,0/2/7
#8355798408,2026-08-26 20:11,f691451d-87d3-5db5-94cf-22971436cf70,승리,15/4/5
#8355798408,2026-08-26 20:11,c0a4bb50-24f8-5d32-b20b-3e2a730399e7,승리,2/6/13
#8355798408,2026-08-26 20:11,1d7539b5-5566-57d4-b9cd-5158923a589d,승리,8/4/10
#8355798408,2026-08-26 20:11,9cf20ad8-ea37-5c6b-a6f7-3b5d69dce526,승리,4/2/18
#8355798408,2026-08-26 20:11,d6d70091-191c-5bef-88a6-4491615f37a0,패배,2/4/3
#8355798408,2026-08-26 20:11,42ecfd46-079f-5fbe-a9ee-fa32b2c7c65c,패배,5/6/3
#8355798408,2026-08-26 20:11,cd0c52e8-998a-5584-8ace-eb2d68d955f7,패배,6/7/6
#8355798408,2026-08-26 20:11,594ded25-40cd-5c32-af93-55db75d947c0,패배,4/3/7
#8355798408,2026-08-26 20:11,41063315-3fb9-5be9-8e14-0a8c4d80aee8,패배,1/9/11
#8355797432,2026-08-26 20:12,bc7d9161-a7d7-559a-9a9f-ac3c63c6e84d,승리,2/1/15
#8355797432,2026-08-26 20:12,1071f259-aebe-57bc-8b7a-09f3b28bd46f,패배,0/3/0
#8355797432,2026-08-26 20:12,5ecc0163-ba2a-5b6a-a9a9-511023a23272,패배,1/6/3
#8355797432,2026-08-26 20:12,2f464baa-41b9-57f2-8ab0-010c290d1999,패배,1/3/2
#8355797432,2026-08-26 20:12,7200b6cf-36ba-5670-8497-1f1acd01abab,패배,5/6/0
#8355797432,2026-08-26 20:12,74811ba2-97e0-5a95-b4a4-2de44b7a7d34,패배,0/7/4
#8355797432,2026-08-26 20:12,1a69a4f5-32c7-57f9-be56-fb56bf263513,승리,0/0/11
#8355797432,2026-08-26 20:12,ca35d025-a97f-5e6f-a185-1a3e0bc24c0c,승리,6/0/13
#8355797432,2026-08-26 20:12,6e830ebb-9cb1-55c8-be98-9487f04dcca0,승리,4/3/3
#8355797432,2026-08-26 20:12,702dbc2f-105c-5ec9-b414-b980ad393153,승리,13/3/4
#8355851618,2026-08-26 20:45,1a69a4f5-32c7-57f9-be56-fb56bf263513,승리,9/1/4
#8355851618,2026-08-26 20:45,ca35d025-a97f-5e6f-a185-1a3e0bc24c0c,승리,3/1/14
#8355851618,2026-08-26 20:45,6e830ebb-9cb1-55c8-be98-9487f04dcca0,승리,12/2/11
#8355851618,2026-08-26 20:45,702dbc2f-105c-5ec9-b414-b980ad393153,승리,6/6/12
#8355851618,2026-08-26 20:45,bc7d9161-a7d7-559a-9a9f-ac3c63c6e84d,승리,2/3/23
#8355851618,2026-08-26 20:45,1071f259-aebe-57bc-8b7a-09f3b28bd46f,패배,5/5/0
#8355851618,2026-08-26 20:45,5ecc0163-ba2a-5b6a-a9a9-511023a23272,패배,2/4/3
#8355851618,2026-08-26 20:45,2f464baa-41b9-57f2-8ab0-010c290d1999,패배,2/9/5
#8355851618,2026-08-26 20:45,7200b6cf-36ba-5670-8497-1f1acd01abab,패배,3/9/7
#8355851618,2026-08-26 20:45,74811ba2-97e0-5a95-b4a4-2de44b7a7d34,패배,1/5/8
#8355856606,2026-08-26 20:51,4f8efa45-702e-52f6-88b5-e6c3859449ef,승리,1/0/12
#8355856606,2026-08-26 20:51,f691451d-87d3-5db5-94cf-22971436cf70,승리,13/3/7
#8355856606,2026-08-26 20:51,c0a4bb50-24f8-5d32-b20b-3e2a730399e7,승리,6/5/9
#8355856606,2026-08-26 20:51,1d7539b5-5566-57d4-b9cd-5158923a589d,승리,12/7/9
#8355856606,2026-08-26 20:51,9cf20ad8-ea37-5c6b-a6f7-3b5d69dce526,승리,1/2/24
#8355856606,2026-08-26 20:51,d6d70091-191c-5bef-88a6-4491615f37a0,패배,2/3/3
#8355856606,2026-08-26 20:51,42ecfd46-079f-5fbe-a9ee-fa32b2c7c65c,패배,4/8/8
#8355856606,2026-08-26 20:51,cd0c52e8-998a-5584-8ace-eb2d68d955f7,패배,8/6/3
#8355856606,2026-08-26 20:51,594ded25-40cd-5c32-af93-55db75d947c0,패배,3/10/7
#8355856606,2026-08-26 20:51,41063315-3fb9-5be9-8e14-0a8c4d80aee8,패배,0/6/8
#8355878700,2026-08-26 21:04,77a65121-6eb2-5e4a-af35-c55ad40ec191,승리,5/3/1
#8355878700,2026-08-26 21:04,4aa66eba-e75c-5e2e-8981-3451f6f89d18,승리,13/3/11
#8355878700,2026-08-26 21:04,a7fe1bb4-32ca-51b2-9048-183e2cb1cce7,승리,10/2/6
#8355878700,2026-08-26 21:04,3ecbcaa4-8cf5-5e3f-94c0-89d8af23ee8b,승리,10/5/13
#8355878700,2026-08-26 21:04,aa91628d-1def-593d-862a-968b8287a439,승리,0/1/23
#8355878700,2026-08-26 21:04,bdfa77c0-0e9f-5baa-8914-dcac1d5a50ba,패배,4/7/1
#8355878700,2026-08-26 21:04,5098cfea-b02e-5d73-98b4-2abd2563d4ad,패배,4/9/4
#8355878700,2026-08-26 21:04,33603794-2567-5f1f-a12f-4aed15c94678,패배,0/9/1
#8355878700,2026-08-26 21:04,aa104d90-3de6-5add-926f-407ade23eeb7,패배,6/7/3
#8355878700,2026-08-26 21:04,e82a47bc-9662-5e98-8027-47e38234dd71,패배,0/7/8
#8355807244,2026-08-26 20:11,bdfa77c0-0e9f-5baa-8914-dcac1d5a50ba,패배,5/7/9
#8355807244,2026-08-26 20:11,5098cfea-b02e-5d73-98b4-2abd2563d4ad,패배,3/10/14
#8355807244,2026-08-26 20:11,33603794-2567-5f1f-a12f-4aed15c94678,패배,11/11/6
#8355807244,2026-08-26 20:11,aa104d90-3de6-5add-926f-407ade23eeb7,패배,6/10/9
#8355807244,2026-08-26 20:11,e82a47bc-9662-5e98-8027-47e38234dd71,패배,0/3/18
#8355807244,2026-08-26 20:11,77a65121-6eb2-5e4a-af35-c55ad40ec191,승리,2/6/14
#8355807244,2026-08-26 20:11,4aa66eba-e75c-5e2e-8981-3451f6f89d18,승리,14/5/19
#8355807244,2026-08-26 20:11,a7fe1bb4-32ca-51b2-9048-183e2cb1cce7,승리,10/6/18
#8355807244,2026-08-26 20:11,3ecbcaa4-8cf5-5e3f-94c0-89d8af23ee8b,승리,10/5/19
#8355807244,2026-08-26 20:11,aa91628d-1def-593d-862a-968b8287a439,승리,5/3/26
#8355719823,2026-08-26 19:13,77a65121-6eb2-5e4a-af35-c55ad40ec191,패배,1/3/15
#8355719823,2026-08-26 19:13,4aa66eba-e75c-5e2e-8981-3451f6f89d18,패배,4/7/16
#8355719823,2026-08-26 19:13,a7fe1bb4-32ca-51b2-9048-183e2cb1cce7,패배,10/6/5
#8355719823,2026-08-26 19:13,3ecbcaa4-8cf5-5e3f-94c0-89d8af23ee8b,패배,5/7/16
#8355719823,2026-08-26 19:13,aa91628d-1def-593d-862a-968b8287a439,패배,9/9/17
#8355719823,2026-08-26 19:13,bdfa77c0-0e9f-5baa-8914-dcac1d5a50ba,승리,2/5/11
#8355719823,2026-08-26 19:13,5098cfea-b02e-5d73-98b4-2abd2563d4ad,승리,3/7/17
#8355719823,2026-08-26 19:13,33603794-2567-5f1f-a12f-4aed15c94678,승리,16/6/12
#8355719823,2026-08-26 19:13,aa104d90-3de6-5add-926f-407ade23eeb7,승리,9/5/13
#8355719823,2026-08-26 19:13,e82a47bc-9662-5e98-8027-47e38234dd71,승리,2/6/21
#8356060232,2026-08-26 22:28,aa2fbfdd-c17f-5e1b-a04e-8567e1c45d5e,승리,1/4/14
#8356060232,2026-08-26 22:28,b5380629-d74b-5796-8e72-98a060d864de,승리,10/3/18
#8356060232,2026-08-26 22:28,a2cff7d6-9172-5eb9-aa2d-56c3f2b0182f,승리,9/5/10
#8356060232,2026-08-26 22:28,015afc84-5281-50ca-bbd0-3773fe9d3b2f,승리,8/7/10
#8356060232,2026-08-26 22:28,4f8efa45-702e-52f6-88b5-e6c3859449ef,승리,2/8/20
#8356060232,2026-08-26 22:28,77a65121-6eb2-5e4a-af35-c55ad40ec191,패배,5/7/2
#8356060232,2026-08-26 22:28,4aa66eba-e75c-5e2e-8981-3451f6f89d18,패배,5/7/12
#8356060232,2026-08-26 22:28,a7fe1bb4-32ca-51b2-9048-183e2cb1cce7,패배,7/3/14
#8356060232,2026-08-26 22:28,3ecbcaa4-8cf5-5e3f-94c0-89d8af23ee8b,패배,10/4/11
#8356060232,2026-08-26 22:28,aa91628d-1def-593d-862a-968b8287a439,패배,0/9/23
#8356068996,2026-08-26 22:44,7e2bfe82-2409-5da9-968b-246723d3b167,패배,6/6/1
#8356068996,2026-08-26 22:44,7db3e54c-aa59-5892-84c8-ec824259ce3d,패배,1/7/2
#8356068996,2026-08-26 22:44,108ad62e-8642-5e2e-88b4-f0cc8b19efa4,패배,0/4/4
#8356068996,2026-08-26 22:44,ee518a69-d821-5732-b8a7-455b20154db9,패배,3/9/3
#8356068996,2026-08-26 22:44,8e87f864-2cec-5bd9-a4b7-d1eea157bd42,패배,0/5/6
#8356068996,2026-08-26 22:44,1a69a4f5-32c7-57f9-be56-fb56bf263513,승리,8/2/6
#8356068996,2026-08-26 22:44,ca35d025-a97f-5e6f-a185-1a3e0bc24c0c,승리,1/1/18
#8356068996,2026-08-26 22:44,6e830ebb-9cb1-55c8-be98-9487f04dcca0,승리,13/4/6
#8356068996,2026-08-26 22:44,702dbc2f-105c-5ec9-b414-b980ad393153,승리,7/2/16
#8356068996,2026-08-26 22:44,bc7d9161-a7d7-559a-9a9f-ac3c63c6e84d,승리,2/1/20
#8356088882,2026-08-26 22:46,1f538f56-a518-52c5-bb47-38b1b42846d6,승리,2/6/24
#8356088882,2026-08-26 22:46,3712c3ab-a24a-5bf1-85c1-b92c4d68e907,승리,9/4/11
#8356088882,2026-08-26 22:46,571b9bb0-8cd9-5b9e-81e6-814b49141ad4,승리,1/8/16
#8356088882,2026-08-26 22:46,7a8ba539-7e36-5ebc-8c84-affc83acb409,승리,12/4/14
#8356088882,2026-08-26 22:46,dc7ecf5f-0952-573d-9eae-96253295d4c5,승리,10/6/8
#8356088882,2026-08-26 22:46,d4ed9d18-939c-549c-92bc-c2accb63a5f0,패배,5/10/1
#8356088882,2026-08-26 22:46,c9456c44-7c1e-5fd7-8907-737737772014,패배,8/6/12
#8356088882,2026-08-26 22:46,fd30acf7-dfb6-55e3-8ee1-8463244a92d5,패배,7/6/16
#8356088882,2026-08-26 22:46,48a9676c-6f4a-5dfb-9a36-fca24b95153a,패배,7/6/9
#8356088882,2026-08-26 22:46,f5b1b3fc-5819-512f-8fc4-1e3f12e480f4,패배,1/6/19
#8356175688,2026-08-26 23:31,77a65121-6eb2-5e4a-af35-c55ad40ec191,승리,9/5/9
#8356175688,2026-08-26 23:31,4aa66eba-e75c-5e2e-8981-3451f6f89d18,승리,5/7/11
#8356175688,2026-08-26 23:31,a7fe1bb4-32ca-51b2-9048-183e2cb1cce7,승리,6/1/15
#8356175688,2026-08-26 23:31,3ecbcaa4-8cf5-5e3f-94c0-89d8af23ee8b,승리,7/5/11
#8356175688,2026-08-26 23:31,aa91628d-1def-593d-862a-968b8287a439,승리,1/4/21
#8356175688,2026-08-26 23:31,aa2fbfdd-c17f-5e1b-a04e-8567e1c45d5e,패배,5/6/7
#8356175688,2026-08-26 23:31,b5380629-d74b-5796-8e72-98a060d864de,패배,1/8/11
#8356175688,2026-08-26 23:31,a2cff7d6-9172-5eb9-aa2d-56c3f2b0182f,패배,10/2/3
#8356175688,2026-08-26 23:31,015afc84-5281-50ca-bbd0-3773fe9d3b2f,패배,5/6/13
#8356175688,2026-08-26 23:31,4f8efa45-702e-52f6-88b5-e6c3859449ef,패배,1/6/16
#8356159956,2026-08-26 23:36,7e2bfe82-2409-5da9-968b-246723d3b167,승리,12/4/9
#8356159956,2026-08-26 23:36,1a69a4f5-32c7-57f9-be56-fb56bf263513,패배,3/7/4
#8356159956,2026-08-26 23:36,ca35d025-a97f-5e6f-a185-1a3e0bc24c0c,패배,4/5/5
#8356159956,2026-08-26 23:36,6e830ebb-9cb1-55c8-be98-9487f04dcca0,패배,3/6/2
#8356159956,2026-08-26 23:36,702dbc2f-105c-5ec9-b414-b980ad393153,패배,3/5/1
#8356159956,2026-08-26 23:36,1d7539b5-5566-57d4-b9cd-5158923a589d,패배,1/2/7
#8356159956,2026-08-26 23:36,7db3e54c-aa59-5892-84c8-ec824259ce3d,승리,3/2/17
#8356159956,2026-08-26 23:36,108ad62e-8642-5e2e-88b4-f0cc8b19efa4,승리,2/3/6
#8356159956,2026-08-26 23:36,ee518a69-d821-5732-b8a7-455b20154db9,승리,5/2/8
#8356159956,2026-08-26 23:36,dd292162-22fe-59b5-9f3e-7dc56a96567d,승리,3/3/14
#8356180758,2026-08-26 23:37,1f538f56-a518-52c5-bb47-38b1b42846d6,패배,0/3/3
#8356180758,2026-08-26 23:37,d4ed9d18-939c-549c-92bc-c2accb63a5f0,승리,5/1/6
#8356180758,2026-08-26 23:37,c9456c44-7c1e-5fd7-8907-737737772014,승리,5/0/6
#8356180758,2026-08-26 23:37,fd30acf7-dfb6-55e3-8ee1-8463244a92d5,승리,6/0/4
#8356180758,2026-08-26 23:37,48a9676c-6f4a-5dfb-9a36-fca24b95153a,승리,4/1/8
#8356180758,2026-08-26 23:37,f5b1b3fc-5819-512f-8fc4-1e3f12e480f4,승리,1/2/11
#8356180758,2026-08-26 23:37,3712c3ab-a24a-5bf1-85c1-b92c4d68e907,패배,1/5/3
#8356180758,2026-08-26 23:37,571b9bb0-8cd9-5b9e-81e6-814b49141ad4,패배,1/3/2
#8356180758,2026-08-26 23:37,7a8ba539-7e36-5ebc-8c84-affc83acb409,패배,1/5/1
#8356180758,2026-08-26 23:37,dc7ecf5f-0952-573d-9eae-96253295d4c5,패배,1/5/2
#8356252758,2026-08-27 00:21,3712c3ab-a24a-5bf1-85c1-b92c4d68e907,패배,2/3/3
#8356252758,2026-08-27 00:21,571b9bb0-8cd9-5b9e-81e6-814b49141ad4,패배,4/2/3
#8356252758,2026-08-27 00:21,7a8ba539-7e36-5ebc-8c84-affc83acb409,패배,0/5/1
#8356252758,2026-08-27 00:21,dc7ecf5f-0952-573d-9eae-96253295d4c5,패배,5/5/2
#8356252758,2026-08-27 00:21,1f538f56-a518-52c5-bb47-38b1b42846d6,패배,1/4/6
#8356252758,2026-08-27 00:21,d4ed9d18-939c-549c-92bc-c2accb63a5f0,승리,7/2/5
#8356252758,2026-08-27 00:21,c9456c44-7c1e-5fd7-8907-737737772014,승리,4/1/8
#8356252758,2026-08-27 00:21,fd30acf7-dfb6-55e3-8ee1-8463244a92d5,승리,4/2/6
#8356252758,2026-08-27 00:21,48a9676c-6f4a-5dfb-9a36-fca24b95153a,승리,3/2/10
#8356252758,2026-08-27 00:21,f5b1b3fc-5819-512f-8fc4-1e3f12e480f4,승리,1/5/14
#8356263122,2026-08-27 00:28,7e2bfe82-2409-5da9-968b-246723d3b167,패배,2/3/2
#8356263122,2026-08-27 00:28,7db3e54c-aa59-5892-84c8-ec824259ce3d,패배,0/2/4
#8356263122,2026-08-27 00:28,108ad62e-8642-5e2e-88b4-f0cc8b19efa4,패배,3/2/5
#8356263122,2026-08-27 00:28,ee518a69-d821-5732-b8a7-455b20154db9,패배,3/7/7
#8356263122,2026-08-27 00:28,dd292162-22fe-59b5-9f3e-7dc56a96567d,패배,2/5/7
#8356263122,2026-08-27 00:28,1a69a4f5-32c7-57f9-be56-fb56bf263513,승리,1/0/5
#8356263122,2026-08-27 00:28,ca35d025-a97f-5e6f-a185-1a3e0bc24c0c,승리,2/2/6
#8356263122,2026-08-27 00:28,6e830ebb-9cb1-55c8-be98-9487f04dcca0,승리,2/4/7
#8356263122,2026-08-27 00:28,702dbc2f-105c-5ec9-b414-b980ad393153,승리,13/3/2
#8356263122,2026-08-27 00:28,1d7539b5-5566-57d4-b9cd-5158923a589d,승리,1/2/17
#8356382181,2026-08-27 02:28,0a7b4119-42e6-502f-afa3-80e33dde1025,승리,13/9/12
#8356382181,2026-08-27 02:28,3e583936-ec9b-5f86-a923-77adcd637241,패배,3/8/15
#8356382181,2026-08-27 02:28,a7fe1bb4-32ca-51b2-9048-183e2cb1cce7,패배,11/5/13
#8356382181,2026-08-27 02:28,6a4f5512-0b22-5bd1-ae85-8d8c07d751ab,패배,3/8/13
#8356382181,2026-08-27 02:28,3ecbcaa4-8cf5-5e3f-94c0-89d8af23ee8b,패배,19/9/1
#8356382181,2026-08-27 02:28,aa91628d-1def-593d-862a-968b8287a439,패배,0/9/21
#8356382181,2026-08-27 02:28,c0a4bb50-24f8-5d32-b20b-3e2a730399e7,승리,8/5/14
#8356382181,2026-08-27 02:28,7e2bfe82-2409-5da9-968b-246723d3b167,승리,9/7/14
#8356382181,2026-08-27 02:28,454320a7-8c33-58cc-a8ce-300dd2f3c4b9,승리,9/4/19
#8356382181,2026-08-27 02:28,1d7539b5-5566-57d4-b9cd-5158923a589d,승리,0/11/28
#8356416381,2026-08-27 03:36,0a7b4119-42e6-502f-afa3-80e33dde1025,승리,10/1/14
#8356416381,2026-08-27 03:36,6a4f5512-0b22-5bd1-ae85-8d8c07d751ab,승리,3/5/16
#8356416381,2026-08-27 03:36,3ecbcaa4-8cf5-5e3f-94c0-89d8af23ee8b,승리,11/2/13
#8356416381,2026-08-27 03:36,aa91628d-1def-593d-862a-968b8287a439,승리,6/5/13
#8356416381,2026-08-27 03:36,9045a0a5-c836-5c5e-baeb-a879ec639cf4,승리,0/3/24
#8356416381,2026-08-27 03:36,3e583936-ec9b-5f86-a923-77adcd637241,패배,1/6/5
#8356416381,2026-08-27 03:36,a7fe1bb4-32ca-51b2-9048-183e2cb1cce7,패배,1/4/8
#8356416381,2026-08-27 03:36,7e2bfe82-2409-5da9-968b-246723d3b167,패배,6/9/3
#8356416381,2026-08-27 03:36,454320a7-8c33-58cc-a8ce-300dd2f3c4b9,패배,7/6/4
#8356416381,2026-08-27 03:36,1f538f56-a518-52c5-bb47-38b1b42846d6,패배,1/5/10
#8356942427,2026-08-27 19:12,7e2bfe82-2409-5da9-968b-246723d3b167,승리,7/0/7
#8356942427,2026-08-27 19:12,aa2fbfdd-c17f-5e1b-a04e-8567e1c45d5e,패배,3/2/6
#8356942427,2026-08-27 19:12,c9456c44-7c1e-5fd7-8907-737737772014,패배,2/4/10
#8356942427,2026-08-27 19:12,fd30acf7-dfb6-55e3-8ee1-8463244a92d5,패배,4/5/7
#8356942427,2026-08-27 19:12,ee518a69-d821-5732-b8a7-455b20154db9,패배,7/7/9
#8356942427,2026-08-27 19:12,bc7d9161-a7d7-559a-9a9f-ac3c63c6e84d,패배,4/9/11
#8356942427,2026-08-27 19:12,3712c3ab-a24a-5bf1-85c1-b92c4d68e907,승리,1/5/11
#8356942427,2026-08-27 19:12,3e583936-ec9b-5f86-a923-77adcd637241,승리,1/3/6
#8356942427,2026-08-27 19:12,aa91628d-1def-593d-862a-968b8287a439,승리,17/4/7
#8356942427,2026-08-27 19:12,dd48b93f-132a-56f2-aa29-95bddefc4a53,승리,1/8/21
#8356953079,2026-08-27 19:13,52653ec9-0a4f-5d6c-ad83-e4b1a157b52c,패배,1/4/4
#8356953079,2026-08-27 19:13,e5a01a9b-a9d2-5241-9201-1966ac33e1e8,패배,4/7/5
#8356953079,2026-08-27 19:13,b54b672d-c9e2-548b-b824-480530c28387,패배,5/4/6
#8356953079,2026-08-27 19:13,98bcdeb7-a40e-5a26-a259-491d2fc2ae60,패배,7/3/3
#8356953079,2026-08-27 19:13,e07d404e-1c9f-5bcc-9036-8d16da7604b3,패배,2/5/8
#8356953079,2026-08-27 19:13,4f8efa45-702e-52f6-88b5-e6c3859449ef,승리,4/1/4
#8356953079,2026-08-27 19:13,f691451d-87d3-5db5-94cf-22971436cf70,승리,4/4/12
#8356953079,2026-08-27 19:13,c0a4bb50-24f8-5d32-b20b-3e2a730399e7,승리,2/7/6
#8356953079,2026-08-27 19:13,1d7539b5-5566-57d4-b9cd-5158923a589d,승리,4/5/5
#8356953079,2026-08-27 19:13,94923fe7-4521-52ed-b143-ee509e386b2b,승리,9/2/10
#8356989966,2026-08-27 19:55,c0a4bb50-24f8-5d32-b20b-3e2a730399e7,패배,8/6/4
#8356989966,2026-08-27 19:55,4f8efa45-702e-52f6-88b5-e6c3859449ef,패배,1/4/0
#8356989966,2026-08-27 19:55,f691451d-87d3-5db5-94cf-22971436cf70,패배,5/9/6
#8356989966,2026-08-27 19:55,1d7539b5-5566-57d4-b9cd-5158923a589d,패배,4/2/8
#8356989966,2026-08-27 19:55,94923fe7-4521-52ed-b143-ee509e386b2b,패배,0/6/11
#8356989966,2026-08-27 19:55,52653ec9-0a4f-5d6c-ad83-e4b1a157b52c,승리,6/1/9
#8356989966,2026-08-27 19:55,e5a01a9b-a9d2-5241-9201-1966ac33e1e8,승리,6/6/17
#8356989966,2026-08-27 19:55,b54b672d-c9e2-548b-b824-480530c28387,승리,8/2/11
#8356989966,2026-08-27 19:55,98bcdeb7-a40e-5a26-a259-491d2fc2ae60,승리,2/5/14
#8356989966,2026-08-27 19:55,e07d404e-1c9f-5bcc-9036-8d16da7604b3,승리,5/4/17
#8356992880,2026-08-27 19:56,7e2bfe82-2409-5da9-968b-246723d3b167,승리,13/4/19
#8356992880,2026-08-27 19:56,aa2fbfdd-c17f-5e1b-a04e-8567e1c45d5e,패배,2/4/14
#8356992880,2026-08-27 19:56,c9456c44-7c1e-5fd7-8907-737737772014,패배,9/7/9
#8356992880,2026-08-27 19:56,fd30acf7-dfb6-55e3-8ee1-8463244a92d5,패배,6/6/10
#8356992880,2026-08-27 19:56,aa91628d-1def-593d-862a-968b8287a439,패배,10/8/5
#8356992880,2026-08-27 19:56,bc7d9161-a7d7-559a-9a9f-ac3c63c6e84d,패배,0/7/18
#8356992880,2026-08-27 19:56,3712c3ab-a24a-5bf1-85c1-b92c4d68e907,승리,9/5/11
#8356992880,2026-08-27 19:56,3e583936-ec9b-5f86-a923-77adcd637241,승리,5/4/13
#8356992880,2026-08-27 19:56,ee518a69-d821-5732-b8a7-455b20154db9,승리,5/6/17
#8356992880,2026-08-27 19:56,dd48b93f-132a-56f2-aa29-95bddefc4a53,승리,0/8/23
#8357070686,2026-08-27 20:41,4f8efa45-702e-52f6-88b5-e6c3859449ef,패배,2/4/9
#8357070686,2026-08-27 20:41,f691451d-87d3-5db5-94cf-22971436cf70,패배,6/3/15
#8357070686,2026-08-27 20:41,c0a4bb50-24f8-5d32-b20b-3e2a730399e7,패배,12/7/6
#8357070686,2026-08-27 20:41,1d7539b5-5566-57d4-b9cd-5158923a589d,패배,1/7/12
#8357070686,2026-08-27 20:41,94923fe7-4521-52ed-b143-ee509e386b2b,패배,5/11/11
#8357070686,2026-08-27 20:41,52653ec9-0a4f-5d6c-ad83-e4b1a157b52c,승리,12/4/3
#8357070686,2026-08-27 20:41,e5a01a9b-a9d2-5241-9201-1966ac33e1e8,승리,3/3/20
#8357070686,2026-08-27 20:41,b54b672d-c9e2-548b-b824-480530c28387,승리,9/6/10
#8357070686,2026-08-27 20:41,98bcdeb7-a40e-5a26-a259-491d2fc2ae60,승리,5/8/18
#8357070686,2026-08-27 20:41,e07d404e-1c9f-5bcc-9036-8d16da7604b3,승리,3/5/18
#8357082352,2026-08-27 20:52,7e2bfe82-2409-5da9-968b-246723d3b167,승리,10/4/7
#8357082352,2026-08-27 20:52,aa2fbfdd-c17f-5e1b-a04e-8567e1c45d5e,패배,2/6/4
#8357082352,2026-08-27 20:52,c9456c44-7c1e-5fd7-8907-737737772014,패배,2/6/7
#8357082352,2026-08-27 20:52,3712c3ab-a24a-5bf1-85c1-b92c4d68e907,패배,4/1/4
#8357082352,2026-08-27 20:52,ee518a69-d821-5732-b8a7-455b20154db9,패배,5/8/6
#8357082352,2026-08-27 20:52,aa91628d-1def-593d-862a-968b8287a439,패배,4/7/9
#8357082352,2026-08-27 20:52,3e583936-ec9b-5f86-a923-77adcd637241,승리,3/6/8
#8357082352,2026-08-27 20:52,bc7d9161-a7d7-559a-9a9f-ac3c63c6e84d,승리,7/2/9
#8357082352,2026-08-27 20:52,fd30acf7-dfb6-55e3-8ee1-8463244a92d5,승리,7/0/7
#8357082352,2026-08-27 20:52,fc0f19c9-c655-5915-ad47-0ef0d2bff998,승리,1/5/16
#8356088950,2026-08-26 22:53,97e307f3-f84d-5b46-9ac5-b8edba86bfa5,승리,2/1/1
#8356088950,2026-08-26 22:53,fa6d5ea3-c57a-500a-9f4d-c2c1e9265684,승리,8/0/1
#8356088950,2026-08-26 22:53,f6913164-7a0a-5d4f-a898-54665431820b,승리,3/1/4
#8356088950,2026-08-26 22:53,5b3bf88d-076a-5339-9317-e6e1ba821cad,승리,7/0/2
#8356088950,2026-08-26 22:53,73291f2a-d93a-59c4-8627-10679a8932a6,승리,0/0/10
#8356088950,2026-08-26 22:53,31e88dc8-bc4a-5b0e-b7f0-9d47bec34024,패배,0/4/1
#8356088950,2026-08-26 22:53,b374355f-b65d-52fe-990b-5e6accd3ae9c,패배,2/4/0
#8356088950,2026-08-26 22:53,79079bf7-8099-53bc-93f8-ea308ffd9170,패배,0/5/0
#8356088950,2026-08-26 22:53,454320a7-8c33-58cc-a8ce-300dd2f3c4b9,패배,0/4/0
#8356088950,2026-08-26 22:53,78711887-6c86-5f77-bd13-8f3ca34dc66c,패배,0/3/0
#8356024023,2026-08-26 22:11,97e307f3-f84d-5b46-9ac5-b8edba86bfa5,승리,3/2/11
#8356024023,2026-08-26 22:11,fa6d5ea3-c57a-500a-9f4d-c2c1e9265684,승리,9/2/10
#8356024023,2026-08-26 22:11,f6913164-7a0a-5d4f-a898-54665431820b,승리,7/2/10
#8356024023,2026-08-26 22:11,5b3bf88d-076a-5339-9317-e6e1ba821cad,승리,2/4/8
#8356024023,2026-08-26 22:11,73291f2a-d93a-59c4-8627-10679a8932a6,승리,0/4/14
#8356024023,2026-08-26 22:11,31e88dc8-bc4a-5b0e-b7f0-9d47bec34024,패배,2/5/5
#8356024023,2026-08-26 22:11,b374355f-b65d-52fe-990b-5e6accd3ae9c,패배,5/5/2
#8356024023,2026-08-26 22:11,79079bf7-8099-53bc-93f8-ea308ffd9170,패배,3/4/6
#8356024023,2026-08-26 22:11,454320a7-8c33-58cc-a8ce-300dd2f3c4b9,패배,1/4/7
#8356024023,2026-08-26 22:11,78711887-6c86-5f77-bd13-8f3ca34dc66c,패배,2/3/8
#8357237340,2026-08-27 22:07,454320a7-8c33-58cc-a8ce-300dd2f3c4b9,패배,1/3/0
#8357237340,2026-08-27 22:07,d4ed9d18-939c-549c-92bc-c2accb63a5f0,승리,5/1/5
#8357237340,2026-08-27 22:07,c9456c44-7c1e-5fd7-8907-737737772014,승리,11/2/8
#8357237340,2026-08-27 22:07,fd30acf7-dfb6-55e3-8ee1-8463244a92d5,승리,6/0/5
#8357237340,2026-08-27 22:07,48a9676c-6f4a-5dfb-9a36-fca24b95153a,승리,3/1/7
#8357237340,2026-08-27 22:07,b1f4307a-346f-574a-8484-c48200a43a21,승리,0/0/12
#8357237340,2026-08-27 22:07,77bb09d0-2c95-596d-885a-3be23112cc76,패배,0/5/0
#8357237340,2026-08-27 22:07,30b8a5b1-1f16-5bc1-aa73-125e56aa560c,패배,0/8/2
#8357237340,2026-08-27 22:07,04bae512-786a-57b8-9080-f818034e533f,패배,2/6/0
#8357237340,2026-08-27 22:07,cac75d28-bc8f-535a-9cba-80d88502dbd1,패배,0/3/2
#8357238141,2026-08-27 22:10,bc7d9161-a7d7-559a-9a9f-ac3c63c6e84d,승리,1/4/8
#8357238141,2026-08-27 22:10,4f8efa45-702e-52f6-88b5-e6c3859449ef,패배,1/3/7
#8357238141,2026-08-27 22:10,f691451d-87d3-5db5-94cf-22971436cf70,패배,5/3/2
#8357238141,2026-08-27 22:10,c0a4bb50-24f8-5d32-b20b-3e2a730399e7,패배,2/5/7
#8357238141,2026-08-27 22:10,1d7539b5-5566-57d4-b9cd-5158923a589d,패배,5/2/5
#8357238141,2026-08-27 22:10,9cf20ad8-ea37-5c6b-a6f7-3b5d69dce526,패배,1/2/9
#8357238141,2026-08-27 22:10,1a69a4f5-32c7-57f9-be56-fb56bf263513,승리,5/0/7
#8357238141,2026-08-27 22:10,ca35d025-a97f-5e6f-a185-1a3e0bc24c0c,승리,3/3/10
#8357238141,2026-08-27 22:10,6e830ebb-9cb1-55c8-be98-9487f04dcca0,승리,5/3/5
#8357238141,2026-08-27 22:10,702dbc2f-105c-5ec9-b414-b980ad393153,승리,1/4/3
#8357230636,2026-08-27 22:12,898843b8-3f65-555f-9dcb-d566ebcd206e,승리,2/3/14
#8357230636,2026-08-27 22:12,671680a6-c5c8-5457-a92b-91f0c83bfb91,승리,9/1/12
#8357230636,2026-08-27 22:12,e310dfda-ef55-5307-be03-e59c780ddb2f,승리,6/0/10
#8357230636,2026-08-27 22:12,47807318-74f3-5694-81af-6511b4e32f33,승리,7/3/9
#8357230636,2026-08-27 22:12,dd48b93f-132a-56f2-aa29-95bddefc4a53,승리,1/2/16
#8357230636,2026-08-27 22:12,7db3e54c-aa59-5892-84c8-ec824259ce3d,패배,0/5/4
#8357230636,2026-08-27 22:12,108ad62e-8642-5e2e-88b4-f0cc8b19efa4,패배,3/7/5
#8357230636,2026-08-27 22:12,7e2bfe82-2409-5da9-968b-246723d3b167,패배,5/2/2
#8357230636,2026-08-27 22:12,ee518a69-d821-5732-b8a7-455b20154db9,패배,1/6/3
#8357230636,2026-08-27 22:12,aeae46fe-2d38-56d8-ac4a-fcb48eb4a13a,패배,0/5/5
#8357255932,2026-08-27 22:20,77a65121-6eb2-5e4a-af35-c55ad40ec191,승리,1/0/13
#8357255932,2026-08-27 22:20,4aa66eba-e75c-5e2e-8981-3451f6f89d18,승리,11/1/6
#8357255932,2026-08-27 22:20,3ecbcaa4-8cf5-5e3f-94c0-89d8af23ee8b,승리,8/4/6
#8357255932,2026-08-27 22:20,a7fe1bb4-32ca-51b2-9048-183e2cb1cce7,승리,4/3/15
#8357255932,2026-08-27 22:20,aa91628d-1def-593d-862a-968b8287a439,승리,2/1/21
#8357255932,2026-08-27 22:20,015afc84-5281-50ca-bbd0-3773fe9d3b2f,패배,1/5/2
#8357255932,2026-08-27 22:20,e25a31d2-835a-56f0-9cce-fd4438f88124,패배,0/9/6
#8357255932,2026-08-27 22:20,dc24227b-dc3a-529b-978f-009b37f19ca0,패배,3/3/2
#8357255932,2026-08-27 22:20,fc0f19c9-c655-5915-ad47-0ef0d2bff998,패배,3/3/3
#8357255932,2026-08-27 22:20,c9372432-0fdc-5fd3-b8e6-cbb273ca03fd,패배,2/6/4
#8357304339,2026-08-27 22:42,454320a7-8c33-58cc-a8ce-300dd2f3c4b9,승리,9/6/18
#8357304339,2026-08-27 22:42,d4ed9d18-939c-549c-92bc-c2accb63a5f0,패배,13/9/4
#8357304339,2026-08-27 22:42,c9456c44-7c1e-5fd7-8907-737737772014,패배,2/7/12
#8357304339,2026-08-27 22:42,fd30acf7-dfb6-55e3-8ee1-8463244a92d5,패배,2/8/9
#8357304339,2026-08-27 22:42,48a9676c-6f4a-5dfb-9a36-fca24b95153a,패배,8/7/5
#8357304339,2026-08-27 22:42,b1f4307a-346f-574a-8484-c48200a43a21,패배,1/7/11
#8357304339,2026-08-27 22:42,77bb09d0-2c95-596d-885a-3be23112cc76,승리,6/7/18
#8357304339,2026-08-27 22:42,30b8a5b1-1f16-5bc1-aa73-125e56aa560c,승리,14/7/7
#8357304339,2026-08-27 22:42,04bae512-786a-57b8-9080-f818034e533f,승리,8/4/17
#8357304339,2026-08-27 22:42,cac75d28-bc8f-535a-9cba-80d88502dbd1,승리,1/2/25
#8357306997,2026-08-27 22:53,1a69a4f5-32c7-57f9-be56-fb56bf263513,승리,1/1/0
#8357306997,2026-08-27 22:53,ca35d025-a97f-5e6f-a185-1a3e0bc24c0c,승리,4/1/5
#8357306997,2026-08-27 22:53,6e830ebb-9cb1-55c8-be98-9487f04dcca0,승리,4/0/2
#8357306997,2026-08-27 22:53,702dbc2f-105c-5ec9-b414-b980ad393153,승리,3/1/6
#8357306997,2026-08-27 22:53,bc7d9161-a7d7-559a-9a9f-ac3c63c6e84d,승리,4/0/7
#8357306997,2026-08-27 22:53,4f8efa45-702e-52f6-88b5-e6c3859449ef,패배,0/0/1
#8357306997,2026-08-27 22:53,f691451d-87d3-5db5-94cf-22971436cf70,패배,1/4/1
#8357306997,2026-08-27 22:53,c0a4bb50-24f8-5d32-b20b-3e2a730399e7,패배,1/2/0
#8357306997,2026-08-27 22:53,1d7539b5-5566-57d4-b9cd-5158923a589d,패배,1/6/0
#8357306997,2026-08-27 22:53,9cf20ad8-ea37-5c6b-a6f7-3b5d69dce526,패배,0/4/2
#8357314830,2026-08-27 22:53,7db3e54c-aa59-5892-84c8-ec824259ce3d,승리,3/2/7
#8357314830,2026-08-27 22:53,108ad62e-8642-5e2e-88b4-f0cc8b19efa4,승리,5/1/9
#8357314830,2026-08-27 22:53,7e2bfe82-2409-5da9-968b-246723d3b167,승리,15/1/6
#8357314830,2026-08-27 22:53,ee518a69-d821-5732-b8a7-455b20154db9,승리,6/2/9
#8357314830,2026-08-27 22:53,aeae46fe-2d38-56d8-ac4a-fcb48eb4a13a,승리,1/2/12
#8357314830,2026-08-27 22:53,898843b8-3f65-555f-9dcb-d566ebcd206e,패배,1/8/3
#8357314830,2026-08-27 22:53,671680a6-c5c8-5457-a92b-91f0c83bfb91,패배,4/6/3
#8357314830,2026-08-27 22:53,e310dfda-ef55-5307-be03-e59c780ddb2f,패배,2/5/3
#8357314830,2026-08-27 22:53,47807318-74f3-5694-81af-6511b4e32f33,패배,1/7/3
#8357314830,2026-08-27 22:53,dd48b93f-132a-56f2-aa29-95bddefc4a53,패배,0/4/6
#8357366030,2026-08-27 23:07,015afc84-5281-50ca-bbd0-3773fe9d3b2f,승리,2/1/5
#8357366030,2026-08-27 23:07,dc24227b-dc3a-529b-978f-009b37f19ca0,승리,3/1/8
#8357366030,2026-08-27 23:07,e25a31d2-835a-56f0-9cce-fd4438f88124,승리,5/0/9
#8357366030,2026-08-27 23:07,fc0f19c9-c655-5915-ad47-0ef0d2bff998,승리,5/2/2
#8357366030,2026-08-27 23:07,c9372432-0fdc-5fd3-b8e6-cbb273ca03fd,승리,0/2/8
#8357366030,2026-08-27 23:07,77a65121-6eb2-5e4a-af35-c55ad40ec191,패배,0/2/1
#8357366030,2026-08-27 23:07,a7fe1bb4-32ca-51b2-9048-183e2cb1cce7,패배,2/2/0
#8357366030,2026-08-27 23:07,4aa66eba-e75c-5e2e-8981-3451f6f89d18,패배,0/4/2
#8357366030,2026-08-27 23:07,3ecbcaa4-8cf5-5e3f-94c0-89d8af23ee8b,패배,4/3/0
#8357366030,2026-08-27 23:07,aa91628d-1def-593d-862a-968b8287a439,패배,0/4/4
#8357396283,2026-08-27 23:28,454320a7-8c33-58cc-a8ce-300dd2f3c4b9,승리,6/0/6
#8357396283,2026-08-27 23:28,d4ed9d18-939c-549c-92bc-c2accb63a5f0,패배,2/6/1
#8357396283,2026-08-27 23:28,c9456c44-7c1e-5fd7-8907-737737772014,패배,1/4/0
#8357396283,2026-08-27 23:28,fd30acf7-dfb6-55e3-8ee1-8463244a92d5,패배,0/0/1
#8357396283,2026-08-27 23:28,48a9676c-6f4a-5dfb-9a36-fca24b95153a,패배,1/3/0
#8357396283,2026-08-27 23:28,b1f4307a-346f-574a-8484-c48200a43a21,패배,0/5/1
#8357396283,2026-08-27 23:28,77bb09d0-2c95-596d-885a-3be23112cc76,승리,4/3/2
#8357396283,2026-08-27 23:28,30b8a5b1-1f16-5bc1-aa73-125e56aa560c,승리,5/1/7
#8357396283,2026-08-27 23:28,04bae512-786a-57b8-9080-f818034e533f,승리,3/0/6
#8357396283,2026-08-27 23:28,cac75d28-bc8f-535a-9cba-80d88502dbd1,승리,0/0/11
#8357430283,2026-08-27 23:44,77a65121-6eb2-5e4a-af35-c55ad40ec191,패배,0/8/3
#8357430283,2026-08-27 23:44,4aa66eba-e75c-5e2e-8981-3451f6f89d18,패배,3/5/6
#8357430283,2026-08-27 23:44,a7fe1bb4-32ca-51b2-9048-183e2cb1cce7,패배,4/5/1
#8357430283,2026-08-27 23:44,3ecbcaa4-8cf5-5e3f-94c0-89d8af23ee8b,패배,0/7/6
#8357430283,2026-08-27 23:44,aa91628d-1def-593d-862a-968b8287a439,패배,4/6/4
#8357430283,2026-08-27 23:44,015afc84-5281-50ca-bbd0-3773fe9d3b2f,승리,3/1/15
#8357430283,2026-08-27 23:44,e25a31d2-835a-56f0-9cce-fd4438f88124,승리,10/2/12
#8357430283,2026-08-27 23:44,dc24227b-dc3a-529b-978f-009b37f19ca0,승리,2/3/15
#8357430283,2026-08-27 23:44,fc0f19c9-c655-5915-ad47-0ef0d2bff998,승리,12/1/13
#8357430283,2026-08-27 23:44,c9372432-0fdc-5fd3-b8e6-cbb273ca03fd,승리,4/4/20
#8358278584,2026-08-28 19:10,0a7b4119-42e6-502f-afa3-80e33dde1025,승리,4/2/3
#8358278584,2026-08-28 19:10,aa2fbfdd-c17f-5e1b-a04e-8567e1c45d5e,승리,1/0/2
#8358278584,2026-08-28 19:10,7e2bfe82-2409-5da9-968b-246723d3b167,승리,4/0/5
#8358278584,2026-08-28 19:10,78b31098-ad76-51b0-afac-616c7086f958,승리,9/0/1
#8358278584,2026-08-28 19:10,f5b1b3fc-5819-512f-8fc4-1e3f12e480f4,승리,1/2/9
#8358278584,2026-08-28 19:10,3e583936-ec9b-5f86-a923-77adcd637241,패배,0/3/0
#8358278584,2026-08-28 19:10,a7fe1bb4-32ca-51b2-9048-183e2cb1cce7,패배,0/4/2
#8358278584,2026-08-28 19:10,33d4446b-a1b9-5b44-ae8a-2009b77218d4,패배,0/5/0
#8358278584,2026-08-28 19:10,f691451d-87d3-5db5-94cf-22971436cf70,패배,4/3/0
#8358278584,2026-08-28 19:10,c4c8cdc0-24db-5def-9120-c0eae39625cb,패배,0/4/3
#8358320861,2026-08-28 19:48,0a7b4119-42e6-502f-afa3-80e33dde1025,패배,8/4/7
#8358320861,2026-08-28 19:48,f691451d-87d3-5db5-94cf-22971436cf70,승리,4/4/4
#8358320861,2026-08-28 19:48,a7fe1bb4-32ca-51b2-9048-183e2cb1cce7,승리,4/7/3
#8358320861,2026-08-28 19:48,33d4446b-a1b9-5b44-ae8a-2009b77218d4,승리,9/10/3
#8358320861,2026-08-28 19:48,3e583936-ec9b-5f86-a923-77adcd637241,승리,4/7/4
#8358320861,2026-08-28 19:48,aa2fbfdd-c17f-5e1b-a04e-8567e1c45d5e,승리,1/6/9
#8358320861,2026-08-28 19:48,c4c8cdc0-24db-5def-9120-c0eae39625cb,패배,2/6/8
#8358320861,2026-08-28 19:48,78b31098-ad76-51b0-afac-616c7086f958,패배,6/4/12
#8358320861,2026-08-28 19:48,d18ec7c7-d61a-58b8-98d9-ee36e9b5ce58,패배,15/3/4
#8358320861,2026-08-28 19:48,7e2bfe82-2409-5da9-968b-246723d3b167,패배,3/5/15
#8358359480,2026-08-28 20:07,d4ed9d18-939c-549c-92bc-c2accb63a5f0,승리,12/5/7
#8358359480,2026-08-28 20:07,c9456c44-7c1e-5fd7-8907-737737772014,승리,4/3/14
#8358359480,2026-08-28 20:07,fd30acf7-dfb6-55e3-8ee1-8463244a92d5,승리,3/2/13
#8358359480,2026-08-28 20:07,48a9676c-6f4a-5dfb-9a36-fca24b95153a,승리,7/2/4
#8358359480,2026-08-28 20:07,f5b1b3fc-5819-512f-8fc4-1e3f12e480f4,승리,1/4/13
#8358359480,2026-08-28 20:07,81f29a69-b8ac-54da-b522-c42a80fd414e,패배,1/8/2
#8358359480,2026-08-28 20:07,b080b5cb-8afb-5615-ae98-8e1949d40324,패배,4/5/2
#8358359480,2026-08-28 20:07,94b44a56-483b-5b39-b142-ad4d8a46b1dc,패배,4/5/6
#8358359480,2026-08-28 20:07,0a1e658e-f87d-5788-824d-1aba57babe83,패배,5/3/4
#8358359480,2026-08-28 20:07,d691c9ba-ea44-5740-a33e-d74edae9650e,패배,2/6/4
#8358395700,2026-08-28 20:35,c4c8cdc0-24db-5def-9120-c0eae39625cb,승리,13/4/6
#8358395700,2026-08-28 20:35,33d4446b-a1b9-5b44-ae8a-2009b77218d4,승리,7/3/15
#8358395700,2026-08-28 20:35,d18ec7c7-d61a-58b8-98d9-ee36e9b5ce58,승리,5/6/16
#8358395700,2026-08-28 20:35,f691451d-87d3-5db5-94cf-22971436cf70,승리,16/3/5
#8358395700,2026-08-28 20:35,aa2fbfdd-c17f-5e1b-a04e-8567e1c45d5e,승리,1/3/20
#8358395700,2026-08-28 20:35,7e2bfe82-2409-5da9-968b-246723d3b167,패배,5/11/2
#8358395700,2026-08-28 20:35,3e583936-ec9b-5f86-a923-77adcd637241,패배,1/6/5
#8358395700,2026-08-28 20:35,78b31098-ad76-51b0-afac-616c7086f958,패배,6/5/3
#8358395700,2026-08-28 20:35,1d7539b5-5566-57d4-b9cd-5158923a589d,패배,3/11/4
#8358395700,2026-08-28 20:35,a7fe1bb4-32ca-51b2-9048-183e2cb1cce7,패배,4/9/3
#8358422193,2026-08-28 20:46,81f29a69-b8ac-54da-b522-c42a80fd414e,승리,3/3/9
#8358422193,2026-08-28 20:46,b080b5cb-8afb-5615-ae98-8e1949d40324,승리,3/0/10
#8358422193,2026-08-28 20:46,94b44a56-483b-5b39-b142-ad4d8a46b1dc,승리,8/0/5
#8358422193,2026-08-28 20:46,0a1e658e-f87d-5788-824d-1aba57babe83,승리,6/1/8
#8358422193,2026-08-28 20:46,d691c9ba-ea44-5740-a33e-d74edae9650e,승리,1/1/15
#8358422193,2026-08-28 20:46,d4ed9d18-939c-549c-92bc-c2accb63a5f0,패배,2/5/0
#8358422193,2026-08-28 20:46,c9456c44-7c1e-5fd7-8907-737737772014,패배,1/4/1
#8358422193,2026-08-28 20:46,fd30acf7-dfb6-55e3-8ee1-8463244a92d5,패배,0/5/2
#8358422193,2026-08-28 20:46,48a9676c-6f4a-5dfb-9a36-fca24b95153a,패배,2/2/1
#8358422193,2026-08-28 20:46,f5b1b3fc-5819-512f-8fc4-1e3f12e480f4,패배,0/5/3
#8358485576,2026-08-28 21:24,d4ed9d18-939c-549c-92bc-c2accb63a5f0,패배,3/5/4
#8358485576,2026-08-28 21:24,c9456c44-7c1e-5fd7-8907-737737772014,패배,3/6/7
#8358485576,2026-08-28 21:24,fd30acf7-dfb6-55e3-8ee1-8463244a92d5,패배,9/4/3
#8358485576,2026-08-28 21:24,48a9676c-6f4a-5dfb-9a36-fca24b95153a,패배,3/3/7
#8358485576,2026-08-28 21:24,f5b1b3fc-5819-512f-8fc4-1e3f12e480f4,패배,1/7/10
#8358485576,2026-08-28 21:24,81f29a69-b8ac-54da-b522-c42a80fd414e,승리,2/5/6
#8358485576,2026-08-28 21:24,b080b5cb-8afb-5615-ae98-8e1949d40324,승리,13/2/9
#8358485576,2026-08-28 21:24,94b44a56-483b-5b39-b142-ad4d8a46b1dc,승리,3/6/13
#8358485576,2026-08-28 21:24,0a1e658e-f87d-5788-824d-1aba57babe83,승리,3/4/12
#8358485576,2026-08-28 21:24,d691c9ba-ea44-5740-a33e-d74edae9650e,승리,4/2/14
#8358590259,2026-08-28 22:12,898843b8-3f65-555f-9dcb-d566ebcd206e,패배,6/6/10
#8358590259,2026-08-28 22:12,671680a6-c5c8-5457-a92b-91f0c83bfb91,패배,6/5/11
#8358590259,2026-08-28 22:12,d18ec7c7-d61a-58b8-98d9-ee36e9b5ce58,패배,7/9/9
#8358590259,2026-08-28 22:12,47807318-74f3-5694-81af-6511b4e32f33,패배,11/8/8
#8358590259,2026-08-28 22:12,dd48b93f-132a-56f2-aa29-95bddefc4a53,패배,0/8/21
#8358590259,2026-08-28 22:12,4f8efa45-702e-52f6-88b5-e6c3859449ef,승리,1/4/10
#8358590259,2026-08-28 22:12,f691451d-87d3-5db5-94cf-22971436cf70,승리,14/6/12
#8358590259,2026-08-28 22:12,c0a4bb50-24f8-5d32-b20b-3e2a730399e7,승리,6/6/15
#8358590259,2026-08-28 22:12,1d7539b5-5566-57d4-b9cd-5158923a589d,승리,13/5/14
#8358590259,2026-08-28 22:12,9cf20ad8-ea37-5c6b-a6f7-3b5d69dce526,승리,2/9/21
#8358614433,2026-08-28 22:16,38fbcc23-1703-519b-bc1f-07be1d00c74a,승리,1/5/13
#8358614433,2026-08-28 22:16,b5380629-d74b-5796-8e72-98a060d864de,승리,11/4/6
#8358614433,2026-08-28 22:16,015afc84-5281-50ca-bbd0-3773fe9d3b2f,승리,9/2/14
#8358614433,2026-08-28 22:16,a2cff7d6-9172-5eb9-aa2d-56c3f2b0182f,승리,11/3/12
#8358614433,2026-08-28 22:16,aa2fbfdd-c17f-5e1b-a04e-8567e1c45d5e,승리,1/3/24
#8358614433,2026-08-28 22:16,7db3e54c-aa59-5892-84c8-ec824259ce3d,패배,4/4/12
#8358614433,2026-08-28 22:16,108ad62e-8642-5e2e-88b4-f0cc8b19efa4,패배,7/6/5
#8358614433,2026-08-28 22:16,7e2bfe82-2409-5da9-968b-246723d3b167,패배,2/5/5
#8358614433,2026-08-28 22:16,92445963-6d92-5657-8339-c44ada50c984,패배,4/9/4
#8358614433,2026-08-28 22:16,dd292162-22fe-59b5-9f3e-7dc56a96567d,패배,0/9/9
#8358620535,2026-08-28 22:26,1f538f56-a518-52c5-bb47-38b1b42846d6,패배,0/5/8
#8358620535,2026-08-28 22:26,3823a606-856c-5a41-9363-697967ef0d50,승리,7/5/10
#8358620535,2026-08-28 22:26,e25a31d2-835a-56f0-9cce-fd4438f88124,승리,4/3/12
#8358620535,2026-08-28 22:26,dc24227b-dc3a-529b-978f-009b37f19ca0,승리,1/2/8
#8358620535,2026-08-28 22:26,fc0f19c9-c655-5915-ad47-0ef0d2bff998,승리,10/4/8
#8358620535,2026-08-28 22:26,c9372432-0fdc-5fd3-b8e6-cbb273ca03fd,승리,1/1/19
#8358620535,2026-08-28 22:26,08cc7879-bd50-5bae-ab79-126ab63b2696,패배,2/2/8
#8358620535,2026-08-28 22:26,571b9bb0-8cd9-5b9e-81e6-814b49141ad4,패배,8/4/4
#8358620535,2026-08-28 22:26,7a8ba539-7e36-5ebc-8c84-affc83acb409,패배,5/5/4
#8358620535,2026-08-28 22:26,dc7ecf5f-0952-573d-9eae-96253295d4c5,패배,0/7/6
#8358701984,2026-08-28 23:04,4f8efa45-702e-52f6-88b5-e6c3859449ef,패배,0/0/0
#8358701984,2026-08-28 23:04,f691451d-87d3-5db5-94cf-22971436cf70,패배,2/3/0
#8358701984,2026-08-28 23:04,c0a4bb50-24f8-5d32-b20b-3e2a730399e7,패배,1/1/1
#8358701984,2026-08-28 23:04,1d7539b5-5566-57d4-b9cd-5158923a589d,패배,1/5/2
#8358701984,2026-08-28 23:04,9cf20ad8-ea37-5c6b-a6f7-3b5d69dce526,패배,0/7/3
#8358701984,2026-08-28 23:04,898843b8-3f65-555f-9dcb-d566ebcd206e,승리,1/0/1
#8358701984,2026-08-28 23:04,671680a6-c5c8-5457-a92b-91f0c83bfb91,승리,4/0/8
#8358701984,2026-08-28 23:04,d18ec7c7-d61a-58b8-98d9-ee36e9b5ce58,승리,3/1/3
#8358701984,2026-08-28 23:04,72e917d7-9f4e-52b2-82ad-8c7d8741ad78,승리,8/1/4
#8358701984,2026-08-28 23:04,dd48b93f-132a-56f2-aa29-95bddefc4a53,승리,0/2/9
#8358728998,2026-08-28 23:14,1f538f56-a518-52c5-bb47-38b1b42846d6,패배,1/5/9
#8358728998,2026-08-28 23:14,08cc7879-bd50-5bae-ab79-126ab63b2696,패배,2/7/3
#8358728998,2026-08-28 23:14,571b9bb0-8cd9-5b9e-81e6-814b49141ad4,패배,1/4/8
#8358728998,2026-08-28 23:14,7a8ba539-7e36-5ebc-8c84-affc83acb409,패배,4/5/5
#8358728998,2026-08-28 23:14,dc7ecf5f-0952-573d-9eae-96253295d4c5,패배,5/5/6
#8358728998,2026-08-28 23:14,3823a606-856c-5a41-9363-697967ef0d50,승리,5/3/4
#8358728998,2026-08-28 23:14,e25a31d2-835a-56f0-9cce-fd4438f88124,승리,8/0/14
#8358728998,2026-08-28 23:14,dc24227b-dc3a-529b-978f-009b37f19ca0,승리,2/5/11
#8358728998,2026-08-28 23:14,fc0f19c9-c655-5915-ad47-0ef0d2bff998,승리,10/3/5
#8358728998,2026-08-28 23:14,c9372432-0fdc-5fd3-b8e6-cbb273ca03fd,승리,1/2/16
#8358761120,2026-08-28 23:17,7db3e54c-aa59-5892-84c8-ec824259ce3d,패배,0/5/3
#8358761120,2026-08-28 23:17,108ad62e-8642-5e2e-88b4-f0cc8b19efa4,패배,2/4/5
#8358761120,2026-08-28 23:17,7e2bfe82-2409-5da9-968b-246723d3b167,패배,7/9/2
#8358761120,2026-08-28 23:17,92445963-6d92-5657-8339-c44ada50c984,패배,5/5/4
#8358761120,2026-08-28 23:17,dd292162-22fe-59b5-9f3e-7dc56a96567d,패배,2/7/8
#8358761120,2026-08-28 23:17,aa2fbfdd-c17f-5e1b-a04e-8567e1c45d5e,승리,2/1/12
#8358761120,2026-08-28 23:17,b5380629-d74b-5796-8e72-98a060d864de,승리,10/3/12
#8358761120,2026-08-28 23:17,a2cff7d6-9172-5eb9-aa2d-56c3f2b0182f,승리,13/3/12
#8358761120,2026-08-28 23:17,015afc84-5281-50ca-bbd0-3773fe9d3b2f,승리,5/3/11
#8358761120,2026-08-28 23:17,38fbcc23-1703-519b-bc1f-07be1d00c74a,승리,0/6/17
#8358724427,2026-08-28 23:03,77a65121-6eb2-5e4a-af35-c55ad40ec191,패배,1/2/6
#8358724427,2026-08-28 23:03,4aa66eba-e75c-5e2e-8981-3451f6f89d18,패배,3/7/9
#8358724427,2026-08-28 23:03,a7fe1bb4-32ca-51b2-9048-183e2cb1cce7,패배,4/5/7
#8358724427,2026-08-28 23:03,3ecbcaa4-8cf5-5e3f-94c0-89d8af23ee8b,패배,13/5/7
#8358724427,2026-08-28 23:03,aa91628d-1def-593d-862a-968b8287a439,패배,2/10/12
#8358724427,2026-08-28 23:03,31e88dc8-bc4a-5b0e-b7f0-9d47bec34024,승리,7/3/1
#8358724427,2026-08-28 23:03,b374355f-b65d-52fe-990b-5e6accd3ae9c,승리,4/3/11
#8358724427,2026-08-28 23:03,79079bf7-8099-53bc-93f8-ea308ffd9170,승리,8/4/15
#8358724427,2026-08-28 23:03,7194b576-83cd-53a8-bd90-250ef2973cb2,승리,10/6/13
#8358724427,2026-08-28 23:03,e9d0d0eb-059e-55a4-8a8a-32d53b61f2fc,승리,0/7/26
#8358629006,2026-08-28 22:19,77a65121-6eb2-5e4a-af35-c55ad40ec191,패배,0/4/8
#8358629006,2026-08-28 22:19,4aa66eba-e75c-5e2e-8981-3451f6f89d18,패배,7/6/3
#8358629006,2026-08-28 22:19,a7fe1bb4-32ca-51b2-9048-183e2cb1cce7,패배,2/3/5
#8358629006,2026-08-28 22:19,3ecbcaa4-8cf5-5e3f-94c0-89d8af23ee8b,패배,3/5/5
#8358629006,2026-08-28 22:19,aa91628d-1def-593d-862a-968b8287a439,패배,0/8/10
#8358629006,2026-08-28 22:19,31e88dc8-bc4a-5b0e-b7f0-9d47bec34024,승리,2/4/5
#8358629006,2026-08-28 22:19,b374355f-b65d-52fe-990b-5e6accd3ae9c,승리,6/3/10
#8358629006,2026-08-28 22:19,79079bf7-8099-53bc-93f8-ea308ffd9170,승리,9/3/13
#8358629006,2026-08-28 22:19,7194b576-83cd-53a8-bd90-250ef2973cb2,승리,8/1/9
#8358629006,2026-08-28 22:19,e9d0d0eb-059e-55a4-8a8a-32d53b61f2fc,승리,1/1/18
#8358843757,2026-08-29 00:02,1f538f56-a518-52c5-bb47-38b1b42846d6,패배,2/7/16
#8358843757,2026-08-29 00:02,3823a606-856c-5a41-9363-697967ef0d50,승리,3/4/9
#8358843757,2026-08-29 00:02,e25a31d2-835a-56f0-9cce-fd4438f88124,승리,12/6/8
#8358843757,2026-08-29 00:02,dc24227b-dc3a-529b-978f-009b37f19ca0,승리,3/3/15
#8358843757,2026-08-29 00:02,fc0f19c9-c655-5915-ad47-0ef0d2bff998,승리,12/6/7
#8358843757,2026-08-29 00:02,c9372432-0fdc-5fd3-b8e6-cbb273ca03fd,승리,2/6/23
#8358843757,2026-08-29 00:02,08cc7879-bd50-5bae-ab79-126ab63b2696,패배,3/6/13
#8358843757,2026-08-29 00:02,571b9bb0-8cd9-5b9e-81e6-814b49141ad4,패배,5/6/12
#8358843757,2026-08-29 00:02,7a8ba539-7e36-5ebc-8c84-affc83acb409,패배,6/4/8
#8358843757,2026-08-29 00:02,dc7ecf5f-0952-573d-9eae-96253295d4c5,패배,9/9/11
#8358959252,2026-08-29 00:52,1f538f56-a518-52c5-bb47-38b1b42846d6,패배,0/7/7
#8358959252,2026-08-29 00:52,08cc7879-bd50-5bae-ab79-126ab63b2696,패배,5/7/0
#8358959252,2026-08-29 00:52,571b9bb0-8cd9-5b9e-81e6-814b49141ad4,패배,2/4/7
#8358959252,2026-08-29 00:52,7a8ba539-7e36-5ebc-8c84-affc83acb409,패배,3/6/6
#8358959252,2026-08-29 00:52,dc7ecf5f-0952-573d-9eae-96253295d4c5,패배,5/5/4
#8358959252,2026-08-29 00:52,3823a606-856c-5a41-9363-697967ef0d50,승리,11/4/6
#8358959252,2026-08-29 00:52,e25a31d2-835a-56f0-9cce-fd4438f88124,승리,9/2/8
#8358959252,2026-08-29 00:52,dc24227b-dc3a-529b-978f-009b37f19ca0,승리,1/3/9
#8358959252,2026-08-29 00:52,fc0f19c9-c655-5915-ad47-0ef0d2bff998,승리,7/2/12
#8358959252,2026-08-29 00:52,c9372432-0fdc-5fd3-b8e6-cbb273ca03fd,승리,1/4/9
#8359028943,2026-08-29 01:40,1f538f56-a518-52c5-bb47-38b1b42846d6,패배,0/10/10
#8359028943,2026-08-29 01:40,3823a606-856c-5a41-9363-697967ef0d50,승리,8/2/14
#8359028943,2026-08-29 01:40,e25a31d2-835a-56f0-9cce-fd4438f88124,승리,13/1/12
#8359028943,2026-08-29 01:40,dc24227b-dc3a-529b-978f-009b37f19ca0,승리,2/5/13
#8359028943,2026-08-29 01:40,fc0f19c9-c655-5915-ad47-0ef0d2bff998,승리,10/5/11
#8359028943,2026-08-29 01:40,c9372432-0fdc-5fd3-b8e6-cbb273ca03fd,승리,5/5/21
#8359028943,2026-08-29 01:40,08cc7879-bd50-5bae-ab79-126ab63b2696,패배,2/11/4
#8359028943,2026-08-29 01:40,571b9bb0-8cd9-5b9e-81e6-814b49141ad4,패배,4/4/7
#8359028943,2026-08-29 01:40,7a8ba539-7e36-5ebc-8c84-affc83acb409,패배,4/5/8
#8359028943,2026-08-29 01:40,dc7ecf5f-0952-573d-9eae-96253295d4c5,패배,8/8/4
#8359093791,2026-08-29 02:25,1f538f56-a518-52c5-bb47-38b1b42846d6,승리,2/3/14
#8359093791,2026-08-29 02:25,08cc7879-bd50-5bae-ab79-126ab63b2696,승리,3/0/3
#8359093791,2026-08-29 02:25,571b9bb0-8cd9-5b9e-81e6-814b49141ad4,승리,8/1/11
#8359093791,2026-08-29 02:25,7a8ba539-7e36-5ebc-8c84-affc83acb409,승리,2/1/14
#8359093791,2026-08-29 02:25,dc7ecf5f-0952-573d-9eae-96253295d4c5,승리,12/4/5
#8359093791,2026-08-29 02:25,3823a606-856c-5a41-9363-697967ef0d50,패배,1/4/2
#8359093791,2026-08-29 02:25,e25a31d2-835a-56f0-9cce-fd4438f88124,패배,1/4/1
#8359093791,2026-08-29 02:25,dc24227b-dc3a-529b-978f-009b37f19ca0,패배,4/5/0
#8359093791,2026-08-29 02:25,fc0f19c9-c655-5915-ad47-0ef0d2bff998,패배,3/5/2
#8359093791,2026-08-29 02:25,c9372432-0fdc-5fd3-b8e6-cbb273ca03fd,패배,0/9/7
#8356314996,2026-08-27 01:21,b18b9ba1-29b5-5192-a690-a7ddd8ee3797,패배,4/9/7
#8356314996,2026-08-27 01:21,3189601c-1e82-5dbd-b304-d034803ccfa2,패배,2/10/6
#8356314996,2026-08-27 01:21,ae21a679-7b1a-56b8-abc6-18cbfa0ed167,패배,6/7/5
#8356314996,2026-08-27 01:21,276613c3-9e05-5979-9d25-6ed3e61ce89e,패배,4/5/4
#8356314996,2026-08-27 01:21,1b9aa7ca-461b-5d31-8834-7816dd82589b,패배,5/10/3
#8356314996,2026-08-27 01:21,61adce67-b6c0-58a6-b44d-01dd553675dc,승리,2/2/11
#8356314996,2026-08-27 01:21,8ae70a53-758c-568f-87dd-1f7c60a6b321,승리,9/5/10
#8356314996,2026-08-27 01:21,1ec6dd23-d28d-55de-89f0-d32946db17d4,승리,9/5/17
#8356314996,2026-08-27 01:21,c7f6875c-fb47-5476-a012-bf4e0e6f8341,승리,9/4/9
#8356314996,2026-08-27 01:21,af3c1609-d379-52f6-98b7-fe36b0ce25ea,승리,11/5/16
#8356276593,2026-08-27 00:42,61adce67-b6c0-58a6-b44d-01dd553675dc,승리,6/10/2
#8356276593,2026-08-27 00:42,8ae70a53-758c-568f-87dd-1f7c60a6b321,승리,6/4/14
#8356276593,2026-08-27 00:42,1ec6dd23-d28d-55de-89f0-d32946db17d4,승리,2/8/12
#8356276593,2026-08-27 00:42,c7f6875c-fb47-5476-a012-bf4e0e6f8341,승리,10/5/9
#8356276593,2026-08-27 00:42,af3c1609-d379-52f6-98b7-fe36b0ce25ea,승리,11/4/10
#8356276593,2026-08-27 00:42,b18b9ba1-29b5-5192-a690-a7ddd8ee3797,패배,11/5/7
#8356276593,2026-08-27 00:42,3189601c-1e82-5dbd-b304-d034803ccfa2,패배,8/8/7
#8356276593,2026-08-27 00:42,ae21a679-7b1a-56b8-abc6-18cbfa0ed167,패배,8/6/6
#8356276593,2026-08-27 00:42,276613c3-9e05-5979-9d25-6ed3e61ce89e,패배,0/7/8
#8356276593,2026-08-27 00:42,1b9aa7ca-461b-5d31-8834-7816dd82589b,패배,4/9/13
#8359147077,2026-08-29 03:06,1b9aa7ca-461b-5d31-8834-7816dd82589b,패배,3/7/7
#8359147077,2026-08-29 03:06,138ebad9-b82c-5d3f-9d20-38bae6126333,승리,2/3/12
#8359147077,2026-08-29 03:06,2988b6ec-4d8c-5cf7-88ea-be08c42a1416,승리,9/0/14
#8359147077,2026-08-29 03:06,606f28cb-0a7f-5055-937b-038613f448a9,승리,9/4/8
#8359147077,2026-08-29 03:06,3ecbcaa4-8cf5-5e3f-94c0-89d8af23ee8b,승리,6/2/11
#8359147077,2026-08-29 03:06,af3c1609-d379-52f6-98b7-fe36b0ce25ea,승리,2/1/19
#8359147077,2026-08-29 03:06,77a65121-6eb2-5e4a-af35-c55ad40ec191,패배,0/5/6
#8359147077,2026-08-29 03:06,a7fe1bb4-32ca-51b2-9048-183e2cb1cce7,패배,2/3/5
#8359147077,2026-08-29 03:06,1d7539b5-5566-57d4-b9cd-5158923a589d,패배,3/8/4
#8359147077,2026-08-29 03:06,aa91628d-1def-593d-862a-968b8287a439,패배,2/5/7
#8359174655,2026-08-29 03:55,1b9aa7ca-461b-5d31-8834-7816dd82589b,승리,6/4/10
#8359174655,2026-08-29 03:55,77a65121-6eb2-5e4a-af35-c55ad40ec191,승리,4/1/12
#8359174655,2026-08-29 03:55,2988b6ec-4d8c-5cf7-88ea-be08c42a1416,승리,7/0/21
#8359174655,2026-08-29 03:55,3ecbcaa4-8cf5-5e3f-94c0-89d8af23ee8b,승리,11/4/13
#8359174655,2026-08-29 03:55,af3c1609-d379-52f6-98b7-fe36b0ce25ea,승리,11/5/18
#8359174655,2026-08-29 03:55,606f28cb-0a7f-5055-937b-038613f448a9,패배,6/6/0
#8359174655,2026-08-29 03:55,3712c3ab-a24a-5bf1-85c1-b92c4d68e907,패배,2/3/6
#8359174655,2026-08-29 03:55,a7fe1bb4-32ca-51b2-9048-183e2cb1cce7,패배,2/10/3
#8359174655,2026-08-29 03:55,1d7539b5-5566-57d4-b9cd-5158923a589d,패배,2/9/5
#8359174655,2026-08-29 03:55,aa91628d-1def-593d-862a-968b8287a439,패배,2/11/7
#8359201342,2026-08-29 04:38,1b9aa7ca-461b-5d31-8834-7816dd82589b,패배,3/8/7
#8359201342,2026-08-29 04:38,77a65121-6eb2-5e4a-af35-c55ad40ec191,승리,6/2/7
#8359201342,2026-08-29 04:38,3712c3ab-a24a-5bf1-85c1-b92c4d68e907,승리,3/2/10
#8359201342,2026-08-29 04:38,af3c1609-d379-52f6-98b7-fe36b0ce25ea,승리,9/2/6
#8359201342,2026-08-29 04:38,3ecbcaa4-8cf5-5e3f-94c0-89d8af23ee8b,승리,11/6/13
#8359201342,2026-08-29 04:38,aa91628d-1def-593d-862a-968b8287a439,승리,4/5/21
#8359201342,2026-08-29 04:38,a7fe1bb4-32ca-51b2-9048-183e2cb1cce7,패배,4/3/4
#8359201342,2026-08-29 04:38,2988b6ec-4d8c-5cf7-88ea-be08c42a1416,패배,3/6/6
#8359201342,2026-08-29 04:38,606f28cb-0a7f-5055-937b-038613f448a9,패배,4/7/3
#8359201342,2026-08-29 04:38,1d7539b5-5566-57d4-b9cd-5158923a589d,패배,3/9/7
#8359973494,2026-08-29 19:00,7e2bfe82-2409-5da9-968b-246723d3b167,패배,3/6/2
#8359973494,2026-08-29 19:00,fd30acf7-dfb6-55e3-8ee1-8463244a92d5,승리,3/0/10
#8359973494,2026-08-29 19:00,c9456c44-7c1e-5fd7-8907-737737772014,승리,4/1/11
#8359973494,2026-08-29 19:00,d4ed9d18-939c-549c-92bc-c2accb63a5f0,승리,8/4/6
#8359973494,2026-08-29 19:00,48a9676c-6f4a-5dfb-9a36-fca24b95153a,승리,4/1/6
#8359973494,2026-08-29 19:00,b1f4307a-346f-574a-8484-c48200a43a21,승리,1/1/14
#8359973494,2026-08-29 19:00,7db3e54c-aa59-5892-84c8-ec824259ce3d,패배,1/4/2
#8359973494,2026-08-29 19:00,108ad62e-8642-5e2e-88b4-f0cc8b19efa4,패배,3/4/2
#8359973494,2026-08-29 19:00,92445963-6d92-5657-8339-c44ada50c984,패배,0/1/3
#8359973494,2026-08-29 19:00,dd292162-22fe-59b5-9f3e-7dc56a96567d,패배,0/5/4
#8359977585,2026-08-29 19:06,aa2fbfdd-c17f-5e1b-a04e-8567e1c45d5e,승리,1/1/9
#8359977585,2026-08-29 19:06,b5380629-d74b-5796-8e72-98a060d864de,승리,9/0/13
#8359977585,2026-08-29 19:06,a2cff7d6-9172-5eb9-aa2d-56c3f2b0182f,승리,9/2/11
#8359977585,2026-08-29 19:06,015afc84-5281-50ca-bbd0-3773fe9d3b2f,승리,7/7/17
#8359977585,2026-08-29 19:06,38fbcc23-1703-519b-bc1f-07be1d00c74a,승리,2/5/20
#8359977585,2026-08-29 19:06,97e307f3-f84d-5b46-9ac5-b8edba86bfa5,패배,2/5/4
#8359977585,2026-08-29 19:06,fa6d5ea3-c57a-500a-9f4d-c2c1e9265684,패배,3/9/5
#8359977585,2026-08-29 19:06,f6913164-7a0a-5d4f-a898-54665431820b,패배,4/3/7
#8359977585,2026-08-29 19:06,5b3bf88d-076a-5339-9317-e6e1ba821cad,패배,4/6/6
#8359977585,2026-08-29 19:06,73291f2a-d93a-59c4-8627-10679a8932a6,패배,1/5/11
#8359977603,2026-08-29 19:07,77bb09d0-2c95-596d-885a-3be23112cc76,승리,6/9/7
#8359977603,2026-08-29 19:07,30b8a5b1-1f16-5bc1-aa73-125e56aa560c,승리,7/5/14
#8359977603,2026-08-29 19:07,454320a7-8c33-58cc-a8ce-300dd2f3c4b9,승리,5/4/16
#8359977603,2026-08-29 19:07,04bae512-786a-57b8-9080-f818034e533f,승리,8/6/14
#8359977603,2026-08-29 19:07,cac75d28-bc8f-535a-9cba-80d88502dbd1,승리,0/4/23
#8359977603,2026-08-29 19:07,3823a606-856c-5a41-9363-697967ef0d50,패배,14/5/11
#8359977603,2026-08-29 19:07,e25a31d2-835a-56f0-9cce-fd4438f88124,패배,6/4/7
#8359977603,2026-08-29 19:07,dc24227b-dc3a-529b-978f-009b37f19ca0,패배,3/6/10
#8359977603,2026-08-29 19:07,fc0f19c9-c655-5915-ad47-0ef0d2bff998,패배,3/3/15
#8359977603,2026-08-29 19:07,c9372432-0fdc-5fd3-b8e6-cbb273ca03fd,패배,2/8/17
#8359968994,2026-08-29 19:07,aa91628d-1def-593d-862a-968b8287a439,패배,0/4/2
#8359968994,2026-08-29 19:07,77a65121-6eb2-5e4a-af35-c55ad40ec191,패배,0/4/2
#8359968994,2026-08-29 19:07,4aa66eba-e75c-5e2e-8981-3451f6f89d18,패배,1/7/1
#8359968994,2026-08-29 19:07,a7fe1bb4-32ca-51b2-9048-183e2cb1cce7,패배,0/3/2
#8359968994,2026-08-29 19:07,3ecbcaa4-8cf5-5e3f-94c0-89d8af23ee8b,패배,1/2/1
#8359968994,2026-08-29 19:07,1a69a4f5-32c7-57f9-be56-fb56bf263513,승리,12/0/5
#8359968994,2026-08-29 19:07,ca35d025-a97f-5e6f-a185-1a3e0bc24c0c,승리,3/0/10
#8359968994,2026-08-29 19:07,c23b7868-d95a-59be-b81b-6cf5103b4827,승리,2/1/8
#8359968994,2026-08-29 19:07,702dbc2f-105c-5ec9-b414-b980ad393153,승리,3/0/8
#8359968994,2026-08-29 19:07,bc7d9161-a7d7-559a-9a9f-ac3c63c6e84d,승리,0/1/14
#8359991170,2026-08-29 19:09,4f8efa45-702e-52f6-88b5-e6c3859449ef,패배,2/9/10
#8359991170,2026-08-29 19:09,f691451d-87d3-5db5-94cf-22971436cf70,패배,6/6/6
#8359991170,2026-08-29 19:09,c0a4bb50-24f8-5d32-b20b-3e2a730399e7,패배,2/6/11
#8359991170,2026-08-29 19:09,1d7539b5-5566-57d4-b9cd-5158923a589d,패배,5/4/8
#8359991170,2026-08-29 19:09,9cf20ad8-ea37-5c6b-a6f7-3b5d69dce526,패배,1/5/11
#8359991170,2026-08-29 19:09,31e88dc8-bc4a-5b0e-b7f0-9d47bec34024,승리,12/4/9
#8359991170,2026-08-29 19:09,b374355f-b65d-52fe-990b-5e6accd3ae9c,승리,2/5/16
#8359991170,2026-08-29 19:09,79079bf7-8099-53bc-93f8-ea308ffd9170,승리,10/5/17
#8359991170,2026-08-29 19:09,7194b576-83cd-53a8-bd90-250ef2973cb2,승리,4/2/7
#8359991170,2026-08-29 19:09,78711887-6c86-5f77-bd13-8f3ca34dc66c,승리,1/0/12
#8360056497,2026-08-29 19:58,77a65121-6eb2-5e4a-af35-c55ad40ec191,승리,4/2/5
#8360056497,2026-08-29 19:58,4aa66eba-e75c-5e2e-8981-3451f6f89d18,승리,12/3/9
#8360056497,2026-08-29 19:58,a7fe1bb4-32ca-51b2-9048-183e2cb1cce7,승리,9/2/11
#8360056497,2026-08-29 19:58,3ecbcaa4-8cf5-5e3f-94c0-89d8af23ee8b,승리,11/6/16
#8360056497,2026-08-29 19:58,aa91628d-1def-593d-862a-968b8287a439,승리,2/2/27
#8360056497,2026-08-29 19:58,08cc7879-bd50-5bae-ab79-126ab63b2696,패배,3/7/3
#8360056497,2026-08-29 19:58,571b9bb0-8cd9-5b9e-81e6-814b49141ad4,패배,3/4/6
#8360056497,2026-08-29 19:58,7a8ba539-7e36-5ebc-8c84-affc83acb409,패배,3/8/4
#8360056497,2026-08-29 19:58,dc7ecf5f-0952-573d-9eae-96253295d4c5,패배,6/11/2
#8360056497,2026-08-29 19:58,1f538f56-a518-52c5-bb47-38b1b42846d6,패배,0/8/7
#8360068511,2026-08-29 20:05,4f8efa45-702e-52f6-88b5-e6c3859449ef,승리,2/4/11
#8360068511,2026-08-29 20:05,f691451d-87d3-5db5-94cf-22971436cf70,승리,12/3/10
#8360068511,2026-08-29 20:05,c0a4bb50-24f8-5d32-b20b-3e2a730399e7,승리,5/3/14
#8360068511,2026-08-29 20:05,1d7539b5-5566-57d4-b9cd-5158923a589d,승리,12/1/10
#8360068511,2026-08-29 20:05,9cf20ad8-ea37-5c6b-a6f7-3b5d69dce526,승리,1/4/17
#8360068511,2026-08-29 20:05,d4ed9d18-939c-549c-92bc-c2accb63a5f0,패배,5/6/3
#8360068511,2026-08-29 20:05,c9456c44-7c1e-5fd7-8907-737737772014,패배,1/9/4
#8360068511,2026-08-29 20:05,fd30acf7-dfb6-55e3-8ee1-8463244a92d5,패배,1/6/5
#8360068511,2026-08-29 20:05,48a9676c-6f4a-5dfb-9a36-fca24b95153a,패배,7/5/4
#8360068511,2026-08-29 20:05,b1f4307a-346f-574a-8484-c48200a43a21,패배,1/6/7
#8360073364,2026-08-29 20:05,7db3e54c-aa59-5892-84c8-ec824259ce3d,승리,9/3/15
#8360073364,2026-08-29 20:05,108ad62e-8642-5e2e-88b4-f0cc8b19efa4,승리,2/10/22
#8360073364,2026-08-29 20:05,7e2bfe82-2409-5da9-968b-246723d3b167,승리,8/4/12
#8360073364,2026-08-29 20:05,92445963-6d92-5657-8339-c44ada50c984,승리,17/5/9
#8360073364,2026-08-29 20:05,dd292162-22fe-59b5-9f3e-7dc56a96567d,승리,1/6/27
#8360073364,2026-08-29 20:05,31e88dc8-bc4a-5b0e-b7f0-9d47bec34024,패배,5/9/4
#8360073364,2026-08-29 20:05,b374355f-b65d-52fe-990b-5e6accd3ae9c,패배,3/8/13
#8360073364,2026-08-29 20:05,79079bf7-8099-53bc-93f8-ea308ffd9170,패배,9/6/10
#8360073364,2026-08-29 20:05,7194b576-83cd-53a8-bd90-250ef2973cb2,패배,8/6/12
#8360073364,2026-08-29 20:05,78711887-6c86-5f77-bd13-8f3ca34dc66c,패배,2/8/19
#8360077859,2026-08-29 20:14,97e307f3-f84d-5b46-9ac5-b8edba86bfa5,패배,2/8/3
#8360077859,2026-08-29 20:14,fa6d5ea3-c57a-500a-9f4d-c2c1e9265684,패배,7/4/5
#8360077859,2026-08-29 20:14,f6913164-7a0a-5d4f-a898-54665431820b,패배,1/5/8
#8360077859,2026-08-29 20:14,5b3bf88d-076a-5339-9317-e6e1ba821cad,패배,1/5/1
#8360077859,2026-08-29 20:14,73291f2a-d93a-59c4-8627-10679a8932a6,패배,1/7/6
#8360077859,2026-08-29 20:14,77bb09d0-2c95-596d-885a-3be23112cc76,승리,8/0/10
#8360077859,2026-08-29 20:14,30b8a5b1-1f16-5bc1-aa73-125e56aa560c,승리,6/4/14
#8360077859,2026-08-29 20:14,454320a7-8c33-58cc-a8ce-300dd2f3c4b9,승리,4/6/9
#8360077859,2026-08-29 20:14,04bae512-786a-57b8-9080-f818034e533f,승리,11/1/11
#8360077859,2026-08-29 20:14,cac75d28-bc8f-535a-9cba-80d88502dbd1,승리,0/1/25
#8360099474,2026-08-29 20:23,a2cff7d6-9172-5eb9-aa2d-56c3f2b0182f,패배,4/7/13
#8360099474,2026-08-29 20:23,3823a606-856c-5a41-9363-697967ef0d50,승리,11/4/15
#8360099474,2026-08-29 20:23,e25a31d2-835a-56f0-9cce-fd4438f88124,승리,8/7/9
#8360099474,2026-08-29 20:23,dc24227b-dc3a-529b-978f-009b37f19ca0,승리,7/4/14
#8360099474,2026-08-29 20:23,fc0f19c9-c655-5915-ad47-0ef0d2bff998,승리,10/5/15
#8360099474,2026-08-29 20:23,c9372432-0fdc-5fd3-b8e6-cbb273ca03fd,승리,2/5/27
#8360099474,2026-08-29 20:23,aa2fbfdd-c17f-5e1b-a04e-8567e1c45d5e,패배,5/7/11
#8360099474,2026-08-29 20:23,b5380629-d74b-5796-8e72-98a060d864de,패배,9/7/14
#8360099474,2026-08-29 20:23,015afc84-5281-50ca-bbd0-3773fe9d3b2f,패배,6/7/13
#8360099474,2026-08-29 20:23,38fbcc23-1703-519b-bc1f-07be1d00c74a,패배,1/10/18
#8360148000,2026-08-29 20:57,77a65121-6eb2-5e4a-af35-c55ad40ec191,패배,1/8/1
#8360148000,2026-08-29 20:57,4aa66eba-e75c-5e2e-8981-3451f6f89d18,패배,2/4/9
#8360148000,2026-08-29 20:57,a7fe1bb4-32ca-51b2-9048-183e2cb1cce7,패배,6/3/3
#8360148000,2026-08-29 20:57,3ecbcaa4-8cf5-5e3f-94c0-89d8af23ee8b,패배,7/5/4
#8360148000,2026-08-29 20:57,aa91628d-1def-593d-862a-968b8287a439,패배,0/5/13
#8360148000,2026-08-29 20:57,898843b8-3f65-555f-9dcb-d566ebcd206e,승리,4/2/12
#8360148000,2026-08-29 20:57,671680a6-c5c8-5457-a92b-91f0c83bfb91,승리,6/2/10
#8360148000,2026-08-29 20:57,d18ec7c7-d61a-58b8-98d9-ee36e9b5ce58,승리,11/1/11
#8360148000,2026-08-29 20:57,47807318-74f3-5694-81af-6511b4e32f33,승리,3/7/10
#8360148000,2026-08-29 20:57,dd48b93f-132a-56f2-aa29-95bddefc4a53,승리,1/4/15
#8360167324,2026-08-29 21:01,7db3e54c-aa59-5892-84c8-ec824259ce3d,승리,9/1/12
#8360167324,2026-08-29 21:01,108ad62e-8642-5e2e-88b4-f0cc8b19efa4,승리,3/4/14
#8360167324,2026-08-29 21:01,7e2bfe82-2409-5da9-968b-246723d3b167,승리,11/3/17
#8360167324,2026-08-29 21:01,92445963-6d92-5657-8339-c44ada50c984,승리,6/5/16
#8360167324,2026-08-29 21:01,dd292162-22fe-59b5-9f3e-7dc56a96567d,승리,0/5/21
#8360167324,2026-08-29 21:01,4f8efa45-702e-52f6-88b5-e6c3859449ef,패배,3/6/0
#8360167324,2026-08-29 21:01,f691451d-87d3-5db5-94cf-22971436cf70,패배,6/7/7
#8360167324,2026-08-29 21:01,c0a4bb50-24f8-5d32-b20b-3e2a730399e7,패배,2/6/10
#8360167324,2026-08-29 21:01,1d7539b5-5566-57d4-b9cd-5158923a589d,패배,6/6/5
#8360167324,2026-08-29 21:01,9cf20ad8-ea37-5c6b-a6f7-3b5d69dce526,패배,1/4/14
#8360156933,2026-08-29 21:02,d4ed9d18-939c-549c-92bc-c2accb63a5f0,승리,2/5/4
#8360156933,2026-08-29 21:02,c9456c44-7c1e-5fd7-8907-737737772014,승리,12/1/7
#8360156933,2026-08-29 21:02,fd30acf7-dfb6-55e3-8ee1-8463244a92d5,승리,9/1/5
#8360156933,2026-08-29 21:02,48a9676c-6f4a-5dfb-9a36-fca24b95153a,승리,2/1/10
#8360156933,2026-08-29 21:02,b1f4307a-346f-574a-8484-c48200a43a21,승리,1/1/8
#8360156933,2026-08-29 21:02,31e88dc8-bc4a-5b0e-b7f0-9d47bec34024,패배,5/5/1
#8360156933,2026-08-29 21:02,b374355f-b65d-52fe-990b-5e6accd3ae9c,패배,1/6/4
#8360156933,2026-08-29 21:02,79079bf7-8099-53bc-93f8-ea308ffd9170,패배,2/4/2
#8360156933,2026-08-29 21:02,7194b576-83cd-53a8-bd90-250ef2973cb2,패배,1/6/1
#8360156933,2026-08-29 21:02,78711887-6c86-5f77-bd13-8f3ca34dc66c,패배,0/5/2
#8360211202,2026-08-29 21:23,77bb09d0-2c95-596d-885a-3be23112cc76,승리,1/3/6
#8360211202,2026-08-29 21:23,30b8a5b1-1f16-5bc1-aa73-125e56aa560c,승리,15/1/4
#8360211202,2026-08-29 21:23,454320a7-8c33-58cc-a8ce-300dd2f3c4b9,승리,4/1/9
#8360211202,2026-08-29 21:23,04bae512-786a-57b8-9080-f818034e533f,승리,11/3/6
#8360211202,2026-08-29 21:23,cac75d28-bc8f-535a-9cba-80d88502dbd1,승리,0/5/20
#8360211202,2026-08-29 21:23,38fbcc23-1703-519b-bc1f-07be1d00c74a,패배,2/2/1
#8360211202,2026-08-29 21:23,b5380629-d74b-5796-8e72-98a060d864de,패배,5/6/6
#8360211202,2026-08-29 21:23,a2cff7d6-9172-5eb9-aa2d-56c3f2b0182f,패배,3/7/0
#8360211202,2026-08-29 21:23,015afc84-5281-50ca-bbd0-3773fe9d3b2f,패배,2/6/7
#8360211202,2026-08-29 21:23,aa2fbfdd-c17f-5e1b-a04e-8567e1c45d5e,패배,1/10/8
#8360282997,2026-08-29 22:04,7e2bfe82-2409-5da9-968b-246723d3b167,패배,15/3/5
#8360282997,2026-08-29 22:04,1a69a4f5-32c7-57f9-be56-fb56bf263513,승리,9/2/13
#8360282997,2026-08-29 22:04,ca35d025-a97f-5e6f-a185-1a3e0bc24c0c,승리,4/3/21
#8360282997,2026-08-29 22:04,c23b7868-d95a-59be-b81b-6cf5103b4827,승리,4/6/14
#8360282997,2026-08-29 22:04,702dbc2f-105c-5ec9-b414-b980ad393153,승리,12/6/13
#8360282997,2026-08-29 22:04,bc7d9161-a7d7-559a-9a9f-ac3c63c6e84d,승리,0/7/26
#8360282997,2026-08-29 22:04,7db3e54c-aa59-5892-84c8-ec824259ce3d,패배,0/8/14
#8360282997,2026-08-29 22:04,108ad62e-8642-5e2e-88b4-f0cc8b19efa4,패배,3/5/15
#8360282997,2026-08-29 22:04,92445963-6d92-5657-8339-c44ada50c984,패배,6/5/8
#8360282997,2026-08-29 22:04,dd292162-22fe-59b5-9f3e-7dc56a96567d,패배,0/8/18
#8360317424,2026-08-29 22:14,77bb09d0-2c95-596d-885a-3be23112cc76,승리,7/0/6
#8360317424,2026-08-29 22:14,30b8a5b1-1f16-5bc1-aa73-125e56aa560c,승리,1/2/13
#8360317424,2026-08-29 22:14,454320a7-8c33-58cc-a8ce-300dd2f3c4b9,승리,3/3/10
#8360317424,2026-08-29 22:14,04bae512-786a-57b8-9080-f818034e533f,승리,12/1/5
#8360317424,2026-08-29 22:14,cac75d28-bc8f-535a-9cba-80d88502dbd1,승리,0/5/13
#8360317424,2026-08-29 22:14,5b3bf88d-076a-5339-9317-e6e1ba821cad,패배,1/5/3
#8360317424,2026-08-29 22:14,fa6d5ea3-c57a-500a-9f4d-c2c1e9265684,패배,3/5/3
#8360317424,2026-08-29 22:14,f6913164-7a0a-5d4f-a898-54665431820b,패배,3/4/4
#8360317424,2026-08-29 22:14,97e307f3-f84d-5b46-9ac5-b8edba86bfa5,패배,4/4/4
#8360317424,2026-08-29 22:14,73291f2a-d93a-59c4-8627-10679a8932a6,패배,0/5/10
#8360324756,2026-08-29 22:19,aa2fbfdd-c17f-5e1b-a04e-8567e1c45d5e,승리,3/2/10
#8360324756,2026-08-29 22:19,b5380629-d74b-5796-8e72-98a060d864de,승리,7/0/5
#8360324756,2026-08-29 22:19,a2cff7d6-9172-5eb9-aa2d-56c3f2b0182f,승리,3/0/8
#8360324756,2026-08-29 22:19,015afc84-5281-50ca-bbd0-3773fe9d3b2f,승리,7/2/9
#8360324756,2026-08-29 22:19,38fbcc23-1703-519b-bc1f-07be1d00c74a,승리,1/5/17
#8360324756,2026-08-29 22:19,4f8efa45-702e-52f6-88b5-e6c3859449ef,패배,1/4/3
#8360324756,2026-08-29 22:19,f691451d-87d3-5db5-94cf-22971436cf70,패배,0/3/4
#8360324756,2026-08-29 22:19,c0a4bb50-24f8-5d32-b20b-3e2a730399e7,패배,4/4/2
#8360324756,2026-08-29 22:19,1d7539b5-5566-57d4-b9cd-5158923a589d,패배,4/4/3
#8360324756,2026-08-29 22:19,9cf20ad8-ea37-5c6b-a6f7-3b5d69dce526,패배,0/6/8
#8360330873,2026-08-29 22:23,d4ed9d18-939c-549c-92bc-c2accb63a5f0,승리,6/5/12
#8360330873,2026-08-29 22:23,c9456c44-7c1e-5fd7-8907-737737772014,승리,1/5/17
#8360330873,2026-08-29 22:23,fd30acf7-dfb6-55e3-8ee1-8463244a92d5,승리,13/4/6
#8360330873,2026-08-29 22:23,48a9676c-6f4a-5dfb-9a36-fca24b95153a,승리,3/6/8
#8360330873,2026-08-29 22:23,b1f4307a-346f-574a-8484-c48200a43a21,승리,3/4/15
#8360330873,2026-08-29 22:23,898843b8-3f65-555f-9dcb-d566ebcd206e,패배,5/5/11
#8360330873,2026-08-29 22:23,671680a6-c5c8-5457-a92b-91f0c83bfb91,패배,7/4/13
#8360330873,2026-08-29 22:23,d18ec7c7-d61a-58b8-98d9-ee36e9b5ce58,패배,4/7/6
#8360330873,2026-08-29 22:23,47807318-74f3-5694-81af-6511b4e32f33,패배,8/5/7
#8360330873,2026-08-29 22:23,dd48b93f-132a-56f2-aa29-95bddefc4a53,패배,0/5/16
#8360432281,2026-08-29 23:00,aa2fbfdd-c17f-5e1b-a04e-8567e1c45d5e,패배,1/5/3
#8360432281,2026-08-29 23:00,b5380629-d74b-5796-8e72-98a060d864de,패배,9/5/5
#8360432281,2026-08-29 23:00,a2cff7d6-9172-5eb9-aa2d-56c3f2b0182f,패배,3/3/3
#8360432281,2026-08-29 23:00,015afc84-5281-50ca-bbd0-3773fe9d3b2f,패배,4/10/9
#8360432281,2026-08-29 23:00,38fbcc23-1703-519b-bc1f-07be1d00c74a,패배,2/9/13
#8360432281,2026-08-29 23:00,4f8efa45-702e-52f6-88b5-e6c3859449ef,승리,4/2/8
#8360432281,2026-08-29 23:00,f691451d-87d3-5db5-94cf-22971436cf70,승리,6/3/10
#8360432281,2026-08-29 23:00,c0a4bb50-24f8-5d32-b20b-3e2a730399e7,승리,7/2/8
#8360432281,2026-08-29 23:00,1d7539b5-5566-57d4-b9cd-5158923a589d,승리,11/6/10
#8360432281,2026-08-29 23:00,9cf20ad8-ea37-5c6b-a6f7-3b5d69dce526,승리,3/6/25
#8360421772,2026-08-29 23:01,5b3bf88d-076a-5339-9317-e6e1ba821cad,승리,12/7/8
#8360421772,2026-08-29 23:01,fa6d5ea3-c57a-500a-9f4d-c2c1e9265684,승리,5/4/9
#8360421772,2026-08-29 23:01,f6913164-7a0a-5d4f-a898-54665431820b,승리,5/7/8
#8360421772,2026-08-29 23:01,97e307f3-f84d-5b46-9ac5-b8edba86bfa5,승리,7/4/12
#8360421772,2026-08-29 23:01,73291f2a-d93a-59c4-8627-10679a8932a6,승리,2/5/18
#8360421772,2026-08-29 23:01,77bb09d0-2c95-596d-885a-3be23112cc76,패배,1/6/6
#8360421772,2026-08-29 23:01,30b8a5b1-1f16-5bc1-aa73-125e56aa560c,패배,11/8/9
#8360421772,2026-08-29 23:01,454320a7-8c33-58cc-a8ce-300dd2f3c4b9,패배,3/7/9
#8360421772,2026-08-29 23:01,04bae512-786a-57b8-9080-f818034e533f,패배,12/5/7
#8360421772,2026-08-29 23:01,cac75d28-bc8f-535a-9cba-80d88502dbd1,패배,0/5/13
#8360440206,2026-08-29 23:04,7e2bfe82-2409-5da9-968b-246723d3b167,패배,5/3/5
#8360440206,2026-08-29 23:04,1a69a4f5-32c7-57f9-be56-fb56bf263513,승리,7/4/2
#8360440206,2026-08-29 23:04,ca35d025-a97f-5e6f-a185-1a3e0bc24c0c,승리,3/0/12
#8360440206,2026-08-29 23:04,c23b7868-d95a-59be-b81b-6cf5103b4827,승리,6/5/7
#8360440206,2026-08-29 23:04,702dbc2f-105c-5ec9-b414-b980ad393153,승리,11/2/5
#8360440206,2026-08-29 23:04,bc7d9161-a7d7-559a-9a9f-ac3c63c6e84d,승리,0/3/18
#8360440206,2026-08-29 23:04,7db3e54c-aa59-5892-84c8-ec824259ce3d,패배,4/5/7
#8360440206,2026-08-29 23:04,108ad62e-8642-5e2e-88b4-f0cc8b19efa4,패배,3/9/7
#8360440206,2026-08-29 23:04,92445963-6d92-5657-8339-c44ada50c984,패배,2/6/6
#8360440206,2026-08-29 23:04,dd292162-22fe-59b5-9f3e-7dc56a96567d,패배,0/4/8
#8360443531,2026-08-29 23:09,d4ed9d18-939c-549c-92bc-c2accb63a5f0,패배,10/7/12
#8360443531,2026-08-29 23:09,c9456c44-7c1e-5fd7-8907-737737772014,패배,4/8/15
#8360443531,2026-08-29 23:09,fd30acf7-dfb6-55e3-8ee1-8463244a92d5,패배,10/8/9
#8360443531,2026-08-29 23:09,48a9676c-6f4a-5dfb-9a36-fca24b95153a,패배,7/6/8
#8360443531,2026-08-29 23:09,b1f4307a-346f-574a-8484-c48200a43a21,패배,0/11/17
#8360443531,2026-08-29 23:09,898843b8-3f65-555f-9dcb-d566ebcd206e,승리,3/7/15
#8360443531,2026-08-29 23:09,671680a6-c5c8-5457-a92b-91f0c83bfb91,승리,10/6/20
#8360443531,2026-08-29 23:09,d18ec7c7-d61a-58b8-98d9-ee36e9b5ce58,승리,15/7/15
#8360443531,2026-08-29 23:09,47807318-74f3-5694-81af-6511b4e32f33,승리,11/2/13
#8360443531,2026-08-29 23:09,dd48b93f-132a-56f2-aa29-95bddefc4a53,승리,1/9/25
#8360556103,2026-08-29 23:51,77bb09d0-2c95-596d-885a-3be23112cc76,패배,1/4/0
#8360556103,2026-08-29 23:51,30b8a5b1-1f16-5bc1-aa73-125e56aa560c,패배,1/5/1
#8360556103,2026-08-29 23:51,454320a7-8c33-58cc-a8ce-300dd2f3c4b9,패배,1/3/2
#8360556103,2026-08-29 23:51,04bae512-786a-57b8-9080-f818034e533f,패배,1/6/2
#8360556103,2026-08-29 23:51,cac75d28-bc8f-535a-9cba-80d88502dbd1,패배,0/4/4
#8360556103,2026-08-29 23:51,5b3bf88d-076a-5339-9317-e6e1ba821cad,승리,3/0/8
#8360556103,2026-08-29 23:51,fa6d5ea3-c57a-500a-9f4d-c2c1e9265684,승리,10/1/5
#8360556103,2026-08-29 23:51,f6913164-7a0a-5d4f-a898-54665431820b,승리,4/1/15
#8360556103,2026-08-29 23:51,97e307f3-f84d-5b46-9ac5-b8edba86bfa5,승리,5/1/11
#8360556103,2026-08-29 23:51,73291f2a-d93a-59c4-8627-10679a8932a6,승리,0/1/12
#8360559689,2026-08-29 23:57,38fbcc23-1703-519b-bc1f-07be1d00c74a,패배,0/4/1
#8360559689,2026-08-29 23:57,b5380629-d74b-5796-8e72-98a060d864de,패배,2/4/1
#8360559689,2026-08-29 23:57,015afc84-5281-50ca-bbd0-3773fe9d3b2f,패배,2/3/1
#8360559689,2026-08-29 23:57,a2cff7d6-9172-5eb9-aa2d-56c3f2b0182f,패배,1/4/3
#8360559689,2026-08-29 23:57,aa2fbfdd-c17f-5e1b-a04e-8567e1c45d5e,패배,0/4/2
#8360559689,2026-08-29 23:57,4f8efa45-702e-52f6-88b5-e6c3859449ef,승리,4/0/6
#8360559689,2026-08-29 23:57,f691451d-87d3-5db5-94cf-22971436cf70,승리,6/0/9
#8360559689,2026-08-29 23:57,c0a4bb50-24f8-5d32-b20b-3e2a730399e7,승리,4/3/8
#8360559689,2026-08-29 23:57,1d7539b5-5566-57d4-b9cd-5158923a589d,승리,4/1/10
#8360559689,2026-08-29 23:57,9cf20ad8-ea37-5c6b-a6f7-3b5d69dce526,승리,1/1/16
#8360578958,2026-08-30 00:09,fd30acf7-dfb6-55e3-8ee1-8463244a92d5,승리,7/5/13
#8360578958,2026-08-30 00:09,c9456c44-7c1e-5fd7-8907-737737772014,승리,10/5/16
#8360578958,2026-08-30 00:09,d4ed9d18-939c-549c-92bc-c2accb63a5f0,승리,17/4/3
#8360578958,2026-08-30 00:09,48a9676c-6f4a-5dfb-9a36-fca24b95153a,승리,4/4/20
#8360578958,2026-08-30 00:09,b1f4307a-346f-574a-8484-c48200a43a21,승리,1/8/24
#8360578958,2026-08-30 00:09,898843b8-3f65-555f-9dcb-d566ebcd206e,패배,6/8/5
#8360578958,2026-08-30 00:09,671680a6-c5c8-5457-a92b-91f0c83bfb91,패배,6/7/13
#8360578958,2026-08-30 00:09,d18ec7c7-d61a-58b8-98d9-ee36e9b5ce58,패배,9/7/11
#8360578958,2026-08-30 00:09,47807318-74f3-5694-81af-6511b4e32f33,패배,3/7/13
#8360578958,2026-08-30 00:09,dd48b93f-132a-56f2-aa29-95bddefc4a53,패배,2/10/15
#8360580474,2026-08-30 00:12,33d4446b-a1b9-5b44-ae8a-2009b77218d4,승리,1/9/10
#8360580474,2026-08-30 00:12,a7fe1bb4-32ca-51b2-9048-183e2cb1cce7,승리,5/5/14
#8360580474,2026-08-30 00:12,dc7ecf5f-0952-573d-9eae-96253295d4c5,승리,8/9/11
#8360580474,2026-08-30 00:12,aa91628d-1def-593d-862a-968b8287a439,승리,15/5/9
#8360580474,2026-08-30 00:12,1f538f56-a518-52c5-bb47-38b1b42846d6,승리,0/4/23
#8360580474,2026-08-30 00:12,31e88dc8-bc4a-5b0e-b7f0-9d47bec34024,패배,7/6/5
#8360580474,2026-08-30 00:12,3712c3ab-a24a-5bf1-85c1-b92c4d68e907,패배,3/6/12
#8360580474,2026-08-30 00:12,7e2bfe82-2409-5da9-968b-246723d3b167,패배,18/6/6
#8360580474,2026-08-30 00:12,fc0f19c9-c655-5915-ad47-0ef0d2bff998,패배,4/7/7
#8360580474,2026-08-30 00:12,f16dd14b-4d23-5799-b821-a3bc8ca71761,패배,0/4/16
#8360684704,2026-08-30 01:04,3ecbcaa4-8cf5-5e3f-94c0-89d8af23ee8b,승리,10/6/11
#8360684704,2026-08-30 01:04,a7fe1bb4-32ca-51b2-9048-183e2cb1cce7,승리,8/1/7
#8360684704,2026-08-30 01:04,dc7ecf5f-0952-573d-9eae-96253295d4c5,승리,10/3/16
#8360684704,2026-08-30 01:04,7e2bfe82-2409-5da9-968b-246723d3b167,승리,10/6/4
#8360684704,2026-08-30 01:04,f16dd14b-4d23-5799-b821-a3bc8ca71761,승리,1/5/25
#8360684704,2026-08-30 01:04,31e88dc8-bc4a-5b0e-b7f0-9d47bec34024,패배,2/14/3
#8360684704,2026-08-30 01:04,33d4446b-a1b9-5b44-ae8a-2009b77218d4,패배,5/6/7
#8360684704,2026-08-30 01:04,fc0f19c9-c655-5915-ad47-0ef0d2bff998,패배,6/4/4
#8360684704,2026-08-30 01:04,aa91628d-1def-593d-862a-968b8287a439,패배,5/6/8
#8360684704,2026-08-30 01:04,3712c3ab-a24a-5bf1-85c1-b92c4d68e907,패배,3/9/12
#8360781563,2026-08-30 01:58,a7fe1bb4-32ca-51b2-9048-183e2cb1cce7,승리,7/2/14
#8360781563,2026-08-30 01:58,dc7ecf5f-0952-573d-9eae-96253295d4c5,승리,9/4/16
#8360781563,2026-08-30 01:58,7e2bfe82-2409-5da9-968b-246723d3b167,승리,11/5/9
#8360781563,2026-08-30 01:58,fc0f19c9-c655-5915-ad47-0ef0d2bff998,승리,11/3/9
#8360781563,2026-08-30 01:58,aa91628d-1def-593d-862a-968b8287a439,승리,1/6/20
#8360781563,2026-08-30 01:58,31e88dc8-bc4a-5b0e-b7f0-9d47bec34024,패배,2/7/5
#8360781563,2026-08-30 01:58,33d4446b-a1b9-5b44-ae8a-2009b77218d4,패배,5/5/9
#8360781563,2026-08-30 01:58,3712c3ab-a24a-5bf1-85c1-b92c4d68e907,패배,3/7/6
#8360781563,2026-08-30 01:58,3ecbcaa4-8cf5-5e3f-94c0-89d8af23ee8b,패배,10/10/3
#8360781563,2026-08-30 01:58,f16dd14b-4d23-5799-b821-a3bc8ca71761,패배,0/10/13
#8360844311,2026-08-30 02:44,7e2bfe82-2409-5da9-968b-246723d3b167,패배,6/6/2
#8360844311,2026-08-30 02:44,31e88dc8-bc4a-5b0e-b7f0-9d47bec34024,패배,0/5/3
#8360844311,2026-08-30 02:44,a7fe1bb4-32ca-51b2-9048-183e2cb1cce7,패배,3/3/1
#8360844311,2026-08-30 02:44,3ecbcaa4-8cf5-5e3f-94c0-89d8af23ee8b,패배,2/7/3
#8360844311,2026-08-30 02:44,aa91628d-1def-593d-862a-968b8287a439,패배,0/5/7
#8360844311,2026-08-30 02:44,cac75d28-bc8f-535a-9cba-80d88502dbd1,승리,4/2/7
#8360844311,2026-08-30 02:44,dc7ecf5f-0952-573d-9eae-96253295d4c5,승리,3/4/13
#8360844311,2026-08-30 02:44,fc0f19c9-c655-5915-ad47-0ef0d2bff998,승리,6/2/5
#8360844311,2026-08-30 02:44,f32b7e39-e110-5981-824f-907aa25cf6cc,승리,9/2/9
#8360844311,2026-08-30 02:44,f16dd14b-4d23-5799-b821-a3bc8ca71761,승리,4/1/17
#8360885596,2026-08-30 03:33,7e2bfe82-2409-5da9-968b-246723d3b167,패배,5/5/1
#8360885596,2026-08-30 03:33,a7fe1bb4-32ca-51b2-9048-183e2cb1cce7,패배,3/2/4
#8360885596,2026-08-30 03:33,fc0f19c9-c655-5915-ad47-0ef0d2bff998,패배,2/6/3
#8360885596,2026-08-30 03:33,aa91628d-1def-593d-862a-968b8287a439,패배,2/6/3
#8360885596,2026-08-30 03:33,12e4fa1c-6a14-5524-bbbb-e115cc63eb29,패배,1/4/6
#8360885596,2026-08-30 03:33,c9456c44-7c1e-5fd7-8907-737737772014,승리,7/8/2
#8360885596,2026-08-30 03:33,dc7ecf5f-0952-573d-9eae-96253295d4c5,승리,7/1/7
#8360885596,2026-08-30 03:33,f16dd14b-4d23-5799-b821-a3bc8ca71761,승리,4/2/5
#8360885596,2026-08-30 03:33,f32b7e39-e110-5981-824f-907aa25cf6cc,승리,4/1/8
#8360885596,2026-08-30 03:33,cac75d28-bc8f-535a-9cba-80d88502dbd1,승리,1/1/12
#8360928147,2026-08-30 04:18,aa91628d-1def-593d-862a-968b8287a439,승리,15/3/9
#8360928147,2026-08-30 04:18,c9456c44-7c1e-5fd7-8907-737737772014,패배,5/7/1
#8360928147,2026-08-30 04:18,dc7ecf5f-0952-573d-9eae-96253295d4c5,패배,3/3/4
#8360928147,2026-08-30 04:18,a7fe1bb4-32ca-51b2-9048-183e2cb1cce7,패배,2/5/4
#8360928147,2026-08-30 04:18,015afc84-5281-50ca-bbd0-3773fe9d3b2f,패배,7/7/2
#8360928147,2026-08-30 04:18,f16dd14b-4d23-5799-b821-a3bc8ca71761,패배,0/4/8
#8360928147,2026-08-30 04:18,af3c1609-d379-52f6-98b7-fe36b0ce25ea,승리,3/6/10
#8360928147,2026-08-30 04:18,cac75d28-bc8f-535a-9cba-80d88502dbd1,승리,5/3/13
#8360928147,2026-08-30 04:18,fc0f19c9-c655-5915-ad47-0ef0d2bff998,승리,0/2/15
#8360928147,2026-08-30 04:18,12e4fa1c-6a14-5524-bbbb-e115cc63eb29,승리,3/3/22
#8360209224,2026-08-29 21:21,97e307f3-f84d-5b46-9ac5-b8edba86bfa5,승리,3/1/10
#8360209224,2026-08-29 21:21,fa6d5ea3-c57a-500a-9f4d-c2c1e9265684,승리,13/1/13
#8360209224,2026-08-29 21:21,f6913164-7a0a-5d4f-a898-54665431820b,승리,6/1/18
#8360209224,2026-08-29 21:21,5b3bf88d-076a-5339-9317-e6e1ba821cad,승리,7/2/10
#8360209224,2026-08-29 21:21,73291f2a-d93a-59c4-8627-10679a8932a6,승리,2/2/20
#8360209224,2026-08-29 21:21,3823a606-856c-5a41-9363-697967ef0d50,패배,1/4/3
#8360209224,2026-08-29 21:21,e25a31d2-835a-56f0-9cce-fd4438f88124,패배,1/8/1
#8360209224,2026-08-29 21:21,dc24227b-dc3a-529b-978f-009b37f19ca0,패배,2/9/1
#8360209224,2026-08-29 21:21,fc0f19c9-c655-5915-ad47-0ef0d2bff998,패배,1/3/5
#8360209224,2026-08-29 21:21,c9372432-0fdc-5fd3-b8e6-cbb273ca03fd,패배,2/7/3
#8360946266,2026-08-30 05:04,015afc84-5281-50ca-bbd0-3773fe9d3b2f,패배,5/3/4
#8360946266,2026-08-30 05:04,571b9bb0-8cd9-5b9e-81e6-814b49141ad4,패배,6/5/8
#8360946266,2026-08-30 05:04,d18ec7c7-d61a-58b8-98d9-ee36e9b5ce58,패배,4/8/8
#8360946266,2026-08-30 05:04,af3c1609-d379-52f6-98b7-fe36b0ce25ea,패배,6/6/3
#8360946266,2026-08-30 05:04,12e4fa1c-6a14-5524-bbbb-e115cc63eb29,패배,1/4/12
#8360946266,2026-08-30 05:04,a7fe1bb4-32ca-51b2-9048-183e2cb1cce7,승리,5/3/4
#8360946266,2026-08-30 05:04,dc7ecf5f-0952-573d-9eae-96253295d4c5,승리,4/8/12
#8360946266,2026-08-30 05:04,fc0f19c9-c655-5915-ad47-0ef0d2bff998,승리,7/4/11
#8360946266,2026-08-30 05:04,aa91628d-1def-593d-862a-968b8287a439,승리,9/3/8
#8360946266,2026-08-30 05:04,f16dd14b-4d23-5799-b821-a3bc8ca71761,승리,1/5/16
#8361496480,2026-08-30 16:23,fd30acf7-dfb6-55e3-8ee1-8463244a92d5,승리,4/1/9
#8361496480,2026-08-30 16:23,c9456c44-7c1e-5fd7-8907-737737772014,승리,6/4/7
#8361496480,2026-08-30 16:23,d4ed9d18-939c-549c-92bc-c2accb63a5f0,승리,10/2/8
#8361496480,2026-08-30 16:23,48a9676c-6f4a-5dfb-9a36-fca24b95153a,승리,3/1/3
#8361496480,2026-08-30 16:23,b1f4307a-346f-574a-8484-c48200a43a21,승리,0/0/16
#8361496480,2026-08-30 16:23,4f8efa45-702e-52f6-88b5-e6c3859449ef,패배,2/3/1
#8361496480,2026-08-30 16:23,f691451d-87d3-5db5-94cf-22971436cf70,패배,1/5/4
#8361496480,2026-08-30 16:23,c0a4bb50-24f8-5d32-b20b-3e2a730399e7,패배,3/6/1
#8361496480,2026-08-30 16:23,1d7539b5-5566-57d4-b9cd-5158923a589d,패배,2/3/2
#8361496480,2026-08-30 16:23,9cf20ad8-ea37-5c6b-a6f7-3b5d69dce526,패배,0/6/3
#8361592230,2026-08-30 17:12,4f8efa45-702e-52f6-88b5-e6c3859449ef,승리,3/4/5
#8361592230,2026-08-30 17:12,f691451d-87d3-5db5-94cf-22971436cf70,승리,4/7/15
#8361592230,2026-08-30 17:12,c0a4bb50-24f8-5d32-b20b-3e2a730399e7,승리,6/2/9
#8361592230,2026-08-30 17:12,1d7539b5-5566-57d4-b9cd-5158923a589d,승리,13/2/11
#8361592230,2026-08-30 17:12,9cf20ad8-ea37-5c6b-a6f7-3b5d69dce526,승리,3/9/18
#8361592230,2026-08-30 17:12,d4ed9d18-939c-549c-92bc-c2accb63a5f0,패배,6/5/8
#8361592230,2026-08-30 17:12,c9456c44-7c1e-5fd7-8907-737737772014,패배,11/6/8
#8361592230,2026-08-30 17:12,fd30acf7-dfb6-55e3-8ee1-8463244a92d5,패배,1/6/12
#8361592230,2026-08-30 17:12,48a9676c-6f4a-5dfb-9a36-fca24b95153a,패배,6/4/9
#8361592230,2026-08-30 17:12,b1f4307a-346f-574a-8484-c48200a43a21,패배,0/8/14
#8361655389,2026-08-30 17:56,5b3bf88d-076a-5339-9317-e6e1ba821cad,패배,3/8/9
#8361655389,2026-08-30 17:56,fa6d5ea3-c57a-500a-9f4d-c2c1e9265684,패배,5/7/10
#8361655389,2026-08-30 17:56,f6913164-7a0a-5d4f-a898-54665431820b,패배,3/4/11
#8361655389,2026-08-30 17:56,97e307f3-f84d-5b46-9ac5-b8edba86bfa5,패배,7/4/11
#8361655389,2026-08-30 17:56,73291f2a-d93a-59c4-8627-10679a8932a6,패배,1/13/11
#8361655389,2026-08-30 17:56,1a69a4f5-32c7-57f9-be56-fb56bf263513,승리,12/1/16
#8361655389,2026-08-30 17:56,ca35d025-a97f-5e6f-a185-1a3e0bc24c0c,승리,6/3/19
#8361655389,2026-08-30 17:56,c23b7868-d95a-59be-b81b-6cf5103b4827,승리,6/6/15
#8361655389,2026-08-30 17:56,702dbc2f-105c-5ec9-b414-b980ad393153,승리,11/3/11
#8361655389,2026-08-30 17:56,bc7d9161-a7d7-559a-9a9f-ac3c63c6e84d,승리,1/6/21
#8361675135,2026-08-30 18:00,fd30acf7-dfb6-55e3-8ee1-8463244a92d5,승리,5/2/7
#8361675135,2026-08-30 18:00,c9456c44-7c1e-5fd7-8907-737737772014,승리,5/1/14
#8361675135,2026-08-30 18:00,d4ed9d18-939c-549c-92bc-c2accb63a5f0,승리,5/3/11
#8361675135,2026-08-30 18:00,48a9676c-6f4a-5dfb-9a36-fca24b95153a,승리,7/4/12
#8361675135,2026-08-30 18:00,b1f4307a-346f-574a-8484-c48200a43a21,승리,1/5/17
#8361675135,2026-08-30 18:00,4f8efa45-702e-52f6-88b5-e6c3859449ef,패배,2/4/5
#8361675135,2026-08-30 18:00,f691451d-87d3-5db5-94cf-22971436cf70,패배,3/5/7
#8361675135,2026-08-30 18:00,c0a4bb50-24f8-5d32-b20b-3e2a730399e7,패배,1/4/9
#8361675135,2026-08-30 18:00,1d7539b5-5566-57d4-b9cd-5158923a589d,패배,7/4/4
#8361675135,2026-08-30 18:00,9cf20ad8-ea37-5c6b-a6f7-3b5d69dce526,패배,1/6/9
#8361774702,2026-08-30 19:08,fd30acf7-dfb6-55e3-8ee1-8463244a92d5,패배,6/10/4
#8361774702,2026-08-30 19:08,1a69a4f5-32c7-57f9-be56-fb56bf263513,승리,11/5/8
#8361774702,2026-08-30 19:08,ca35d025-a97f-5e6f-a185-1a3e0bc24c0c,승리,2/4/18
#8361774702,2026-08-30 19:08,c23b7868-d95a-59be-b81b-6cf5103b4827,승리,11/8/6
#8361774702,2026-08-30 19:08,702dbc2f-105c-5ec9-b414-b980ad393153,승리,9/6/7
#8361774702,2026-08-30 19:08,bc7d9161-a7d7-559a-9a9f-ac3c63c6e84d,승리,0/6/20
#8361774702,2026-08-30 19:08,c9456c44-7c1e-5fd7-8907-737737772014,패배,9/6/7
#8361774702,2026-08-30 19:08,d4ed9d18-939c-549c-92bc-c2accb63a5f0,패배,5/9/12
#8361774702,2026-08-30 19:08,48a9676c-6f4a-5dfb-9a36-fca24b95153a,패배,6/6/7
#8361774702,2026-08-30 19:08,b1f4307a-346f-574a-8484-c48200a43a21,패배,3/2/16
#8361889060,2026-08-30 20:04,fd30acf7-dfb6-55e3-8ee1-8463244a92d5,패배,1/7/5
#8361889060,2026-08-30 20:04,1a69a4f5-32c7-57f9-be56-fb56bf263513,승리,10/3/8
#8361889060,2026-08-30 20:04,ca35d025-a97f-5e6f-a185-1a3e0bc24c0c,승리,3/3/14
#8361889060,2026-08-30 20:04,c23b7868-d95a-59be-b81b-6cf5103b4827,승리,7/3/14
#8361889060,2026-08-30 20:04,702dbc2f-105c-5ec9-b414-b980ad393153,승리,9/1/7
#8361889060,2026-08-30 20:04,bc7d9161-a7d7-559a-9a9f-ac3c63c6e84d,승리,2/3/21
#8361889060,2026-08-30 20:04,d4ed9d18-939c-549c-92bc-c2accb63a5f0,패배,4/7/2
#8361889060,2026-08-30 20:04,c9456c44-7c1e-5fd7-8907-737737772014,패배,5/7/6
#8361889060,2026-08-30 20:04,48a9676c-6f4a-5dfb-9a36-fca24b95153a,패배,2/3/3
#8361889060,2026-08-30 20:04,b1f4307a-346f-574a-8484-c48200a43a21,패배,1/7/4
#8361968613,2026-08-30 20:48,1a69a4f5-32c7-57f9-be56-fb56bf263513,패배,0/3/2
#8361968613,2026-08-30 20:48,ca35d025-a97f-5e6f-a185-1a3e0bc24c0c,패배,1/6/1
#8361968613,2026-08-30 20:48,c23b7868-d95a-59be-b81b-6cf5103b4827,패배,3/5/0
#8361968613,2026-08-30 20:48,702dbc2f-105c-5ec9-b414-b980ad393153,패배,0/4/1
#8361968613,2026-08-30 20:48,bc7d9161-a7d7-559a-9a9f-ac3c63c6e84d,패배,0/4/2
#8361968613,2026-08-30 20:48,d4ed9d18-939c-549c-92bc-c2accb63a5f0,승리,4/2/10
#8361968613,2026-08-30 20:48,c9456c44-7c1e-5fd7-8907-737737772014,승리,5/0/11
#8361968613,2026-08-30 20:48,fd30acf7-dfb6-55e3-8ee1-8463244a92d5,승리,5/0/12
#8361968613,2026-08-30 20:48,48a9676c-6f4a-5dfb-9a36-fca24b95153a,승리,8/1/3
#8361968613,2026-08-30 20:48,b1f4307a-346f-574a-8484-c48200a43a21,승리,0/1/13
#8362062601,2026-08-30 21:30,d4ed9d18-939c-549c-92bc-c2accb63a5f0,승리,8/2/11
#8362062601,2026-08-30 21:30,c9456c44-7c1e-5fd7-8907-737737772014,승리,4/2/10
#8362062601,2026-08-30 21:30,fd30acf7-dfb6-55e3-8ee1-8463244a92d5,승리,13/2/6
#8362062601,2026-08-30 21:30,48a9676c-6f4a-5dfb-9a36-fca24b95153a,승리,5/1/5
#8362062601,2026-08-30 21:30,b1f4307a-346f-574a-8484-c48200a43a21,승리,2/4/12
#8362062601,2026-08-30 21:30,1a69a4f5-32c7-57f9-be56-fb56bf263513,패배,2/5/4
#8362062601,2026-08-30 21:30,ca35d025-a97f-5e6f-a185-1a3e0bc24c0c,패배,0/7/4
#8362062601,2026-08-30 21:30,c23b7868-d95a-59be-b81b-6cf5103b4827,패배,7/9/1
#8362062601,2026-08-30 21:30,702dbc2f-105c-5ec9-b414-b980ad393153,패배,2/5/4
#8362062601,2026-08-30 21:30,bc7d9161-a7d7-559a-9a9f-ac3c63c6e84d,패배,0/6/7
#8360147021,2026-08-29 20:45,08cc7879-bd50-5bae-ab79-126ab63b2696,패배,0/3/0
#8360147021,2026-08-29 20:45,571b9bb0-8cd9-5b9e-81e6-814b49141ad4,패배,3/5/2
#8360147021,2026-08-29 20:45,7a8ba539-7e36-5ebc-8c84-affc83acb409,패배,1/6/4
#8360147021,2026-08-29 20:45,dc7ecf5f-0952-573d-9eae-96253295d4c5,패배,3/4/3
#8360147021,2026-08-29 20:45,1f538f56-a518-52c5-bb47-38b1b42846d6,패배,1/6/4
#8360147021,2026-08-29 20:45,1a69a4f5-32c7-57f9-be56-fb56bf263513,승리,3/1/7
#8360147021,2026-08-29 20:45,ca35d025-a97f-5e6f-a185-1a3e0bc24c0c,승리,8/0/7
#8360147021,2026-08-29 20:45,c23b7868-d95a-59be-b81b-6cf5103b4827,승리,6/3/13
#8360147021,2026-08-29 20:45,702dbc2f-105c-5ec9-b414-b980ad393153,승리,6/3/7
#8360147021,2026-08-29 20:45,bc7d9161-a7d7-559a-9a9f-ac3c63c6e84d,승리,1/2/19
#8359989361,2026-08-29 19:11,898843b8-3f65-555f-9dcb-d566ebcd206e,승리,1/1/6
#8359989361,2026-08-29 19:11,671680a6-c5c8-5457-a92b-91f0c83bfb91,승리,8/1/8
#8359989361,2026-08-29 19:11,d18ec7c7-d61a-58b8-98d9-ee36e9b5ce58,승리,8/1/13
#8359989361,2026-08-29 19:11,47807318-74f3-5694-81af-6511b4e32f33,승리,6/2/11
#8359989361,2026-08-29 19:11,dd48b93f-132a-56f2-aa29-95bddefc4a53,승리,0/3/14
#8359989361,2026-08-29 19:11,08cc7879-bd50-5bae-ab79-126ab63b2696,패배,1/4/1
#8359989361,2026-08-29 19:11,571b9bb0-8cd9-5b9e-81e6-814b49141ad4,패배,2/5/2
#8359989361,2026-08-29 19:11,7a8ba539-7e36-5ebc-8c84-affc83acb409,패배,1/6/1
#8359989361,2026-08-29 19:11,dc7ecf5f-0952-573d-9eae-96253295d4c5,패배,3/2/3
#8359989361,2026-08-29 19:11,1f538f56-a518-52c5-bb47-38b1b42846d6,패배,1/6/4
#8362168159,2026-08-30 22:11,d4ed9d18-939c-549c-92bc-c2accb63a5f0,승리,5/4/9
#8362168159,2026-08-30 22:11,c9456c44-7c1e-5fd7-8907-737737772014,승리,4/2/11
#8362168159,2026-08-30 22:11,fd30acf7-dfb6-55e3-8ee1-8463244a92d5,승리,13/1/7
#8362168159,2026-08-30 22:11,48a9676c-6f4a-5dfb-9a36-fca24b95153a,승리,0/2/9
#8362168159,2026-08-30 22:11,b1f4307a-346f-574a-8484-c48200a43a21,승리,0/4/17
#8362168159,2026-08-30 22:11,1a69a4f5-32c7-57f9-be56-fb56bf263513,패배,3/5/4
#8362168159,2026-08-30 22:11,ca35d025-a97f-5e6f-a185-1a3e0bc24c0c,패배,3/5/8
#8362168159,2026-08-30 22:11,c23b7868-d95a-59be-b81b-6cf5103b4827,패배,2/5/5
#8362168159,2026-08-30 22:11,702dbc2f-105c-5ec9-b414-b980ad393153,패배,3/2/2
#8362168159,2026-08-30 22:11,bc7d9161-a7d7-559a-9a9f-ac3c63c6e84d,패배,1/5/9
#8361563750,2026-08-30 17:04,1a69a4f5-32c7-57f9-be56-fb56bf263513,패배,6/7/1
#8361563750,2026-08-30 17:04,ca35d025-a97f-5e6f-a185-1a3e0bc24c0c,패배,1/7/8
#8361563750,2026-08-30 17:04,c23b7868-d95a-59be-b81b-6cf5103b4827,패배,1/4/6
#8361563750,2026-08-30 17:04,702dbc2f-105c-5ec9-b414-b980ad393153,패배,5/3/5
#8361563750,2026-08-30 17:04,bc7d9161-a7d7-559a-9a9f-ac3c63c6e84d,패배,2/11/10
#8361563750,2026-08-30 17:04,5b3bf88d-076a-5339-9317-e6e1ba821cad,승리,11/3/5
#8361563750,2026-08-30 17:04,fa6d5ea3-c57a-500a-9f4d-c2c1e9265684,승리,14/3/10
#8361563750,2026-08-30 17:04,f6913164-7a0a-5d4f-a898-54665431820b,승리,5/4/13
#8361563750,2026-08-30 17:04,97e307f3-f84d-5b46-9ac5-b8edba86bfa5,승리,1/2/18
#8361563750,2026-08-30 17:04,73291f2a-d93a-59c4-8627-10679a8932a6,승리,1/3/20
#8361460869,2026-08-30 16:07,97e307f3-f84d-5b46-9ac5-b8edba86bfa5,패배,1/2/1
#8361460869,2026-08-30 16:07,fa6d5ea3-c57a-500a-9f4d-c2c1e9265684,패배,2/5/1
#8361460869,2026-08-30 16:07,f6913164-7a0a-5d4f-a898-54665431820b,패배,1/1/3
#8361460869,2026-08-30 16:07,5b3bf88d-076a-5339-9317-e6e1ba821cad,패배,2/6/1
#8361460869,2026-08-30 16:07,73291f2a-d93a-59c4-8627-10679a8932a6,패배,0/5/4
#8361460869,2026-08-30 16:07,1a69a4f5-32c7-57f9-be56-fb56bf263513,승리,5/1/3
#8361460869,2026-08-30 16:07,ca35d025-a97f-5e6f-a185-1a3e0bc24c0c,승리,0/1/8
#8361460869,2026-08-30 16:07,c23b7868-d95a-59be-b81b-6cf5103b4827,승리,3/2/10
#8361460869,2026-08-30 16:07,702dbc2f-105c-5ec9-b414-b980ad393153,승리,10/1/4
#8361460869,2026-08-30 16:07,bc7d9161-a7d7-559a-9a9f-ac3c63c6e84d,승리,1/1/13
#8362256762,2026-08-30 23:00,1d7539b5-5566-57d4-b9cd-5158923a589d,승리,17/5/8
#8362256762,2026-08-30 23:00,676f3610-d9c9-5727-a5bd-d93aac82cad2,승리,7/5/12
#8362256762,2026-08-30 23:00,571b9bb0-8cd9-5b9e-81e6-814b49141ad4,승리,5/3/15
#8362256762,2026-08-30 23:00,c0f6a404-6917-50b6-9289-79e4fb83e77e,승리,5/4/15
#8362256762,2026-08-30 23:00,15e34f7e-6eb9-5638-b11d-47284ddad510,승리,4/5/27
#8362256762,2026-08-30 23:00,3823a606-856c-5a41-9363-697967ef0d50,패배,3/8/8
#8362256762,2026-08-30 23:00,fa6d5ea3-c57a-500a-9f4d-c2c1e9265684,패배,9/4/5
#8362256762,2026-08-30 23:00,7e2bfe82-2409-5da9-968b-246723d3b167,패배,2/7/6
#8362256762,2026-08-30 23:00,aa91628d-1def-593d-862a-968b8287a439,패배,7/9/7
#8362256762,2026-08-30 23:00,3e583936-ec9b-5f86-a923-77adcd637241,패배,1/10/11
#8354691841,2026-08-25 20:44,97e307f3-f84d-5b46-9ac5-b8edba86bfa5,패배,0/4/8
#8354691841,2026-08-25 20:44,fa6d5ea3-c57a-500a-9f4d-c2c1e9265684,패배,6/7/8
#8354691841,2026-08-25 20:44,f6913164-7a0a-5d4f-a898-54665431820b,패배,5/6/6
#8354691841,2026-08-25 20:44,5b3bf88d-076a-5339-9317-e6e1ba821cad,패배,6/8/3
#8354691841,2026-08-25 20:44,73291f2a-d93a-59c4-8627-10679a8932a6,패배,0/7/13
#8354691841,2026-08-25 20:44,4cd8d659-674b-54cf-a277-b1c8d9f8c982,승리,6/2/5
#8354691841,2026-08-25 20:44,ee3c2ce7-47d9-50a4-a503-9334b192fa97,승리,8/4/16
#8354691841,2026-08-25 20:44,2caa6406-abce-59bb-8dbe-1b0ae4339600,승리,5/3/12
#8354691841,2026-08-25 20:44,00fe8c06-324b-52a8-b848-493448796d39,승리,9/4/7
#8354691841,2026-08-25 20:44,1181f801-e4d1-5e18-8621-6d9ef0705974,승리,4/4/13
#8354632669,2026-08-25 19:57,97e307f3-f84d-5b46-9ac5-b8edba86bfa5,패배,0/7/3
#8354632669,2026-08-25 19:57,fa6d5ea3-c57a-500a-9f4d-c2c1e9265684,패배,5/10/5
#8354632669,2026-08-25 19:57,f6913164-7a0a-5d4f-a898-54665431820b,패배,3/5/4
#8354632669,2026-08-25 19:57,5b3bf88d-076a-5339-9317-e6e1ba821cad,패배,6/8/5
#8354632669,2026-08-25 19:57,73291f2a-d93a-59c4-8627-10679a8932a6,패배,0/8/12
#8354632669,2026-08-25 19:57,4cd8d659-674b-54cf-a277-b1c8d9f8c982,승리,8/1/2
#8354632669,2026-08-25 19:57,ee3c2ce7-47d9-50a4-a503-9334b192fa97,승리,13/3/12
#8354632669,2026-08-25 19:57,2caa6406-abce-59bb-8dbe-1b0ae4339600,승리,10/1/9
#8354632669,2026-08-25 19:57,00fe8c06-324b-52a8-b848-493448796d39,승리,7/5/12
#8354632669,2026-08-25 19:57,1181f801-e4d1-5e18-8621-6d9ef0705974,승리,0/4/26
#8354583833,2026-08-25 19:16,4cd8d659-674b-54cf-a277-b1c8d9f8c982,패배,2/6/1
#8354583833,2026-08-25 19:16,ee3c2ce7-47d9-50a4-a503-9334b192fa97,패배,4/13/3
#8354583833,2026-08-25 19:16,2caa6406-abce-59bb-8dbe-1b0ae4339600,패배,1/8/4
#8354583833,2026-08-25 19:16,00fe8c06-324b-52a8-b848-493448796d39,패배,3/5/3
#8354583833,2026-08-25 19:16,1181f801-e4d1-5e18-8621-6d9ef0705974,패배,1/6/3
#8354583833,2026-08-25 19:16,97e307f3-f84d-5b46-9ac5-b8edba86bfa5,승리,2/2/10
#8354583833,2026-08-25 19:16,fa6d5ea3-c57a-500a-9f4d-c2c1e9265684,승리,21/1/9
#8354583833,2026-08-25 19:16,f6913164-7a0a-5d4f-a898-54665431820b,승리,10/1/11
#8354583833,2026-08-25 19:16,5b3bf88d-076a-5339-9317-e6e1ba821cad,승리,4/1/8
#8354583833,2026-08-25 19:16,73291f2a-d93a-59c4-8627-10679a8932a6,승리,1/6/16
#8362368136,2026-08-30 23:48,1d7539b5-5566-57d4-b9cd-5158923a589d,승리,3/2/5
#8362368136,2026-08-30 23:48,676f3610-d9c9-5727-a5bd-d93aac82cad2,승리,9/4/5
#8362368136,2026-08-30 23:48,fa6d5ea3-c57a-500a-9f4d-c2c1e9265684,승리,8/6/11
#8362368136,2026-08-30 23:48,c0f6a404-6917-50b6-9289-79e4fb83e77e,승리,4/1/6
#8362368136,2026-08-30 23:48,15e34f7e-6eb9-5638-b11d-47284ddad510,승리,3/1/12
#8362368136,2026-08-30 23:48,3e583936-ec9b-5f86-a923-77adcd637241,패배,6/7/5
#8362368136,2026-08-30 23:48,571b9bb0-8cd9-5b9e-81e6-814b49141ad4,패배,0/6/5
#8362368136,2026-08-30 23:48,7e2bfe82-2409-5da9-968b-246723d3b167,패배,3/4/2
#8362368136,2026-08-30 23:48,3823a606-856c-5a41-9363-697967ef0d50,패배,5/5/1
#8362368136,2026-08-30 23:48,aa91628d-1def-593d-862a-968b8287a439,패배,0/5/7
#8362447323,2026-08-31 00:38,1d7539b5-5566-57d4-b9cd-5158923a589d,패배,0/9/14
#8362447323,2026-08-31 00:38,3712c3ab-a24a-5bf1-85c1-b92c4d68e907,승리,5/4/8
#8362447323,2026-08-31 00:38,fa6d5ea3-c57a-500a-9f4d-c2c1e9265684,승리,8/5/10
#8362447323,2026-08-31 00:38,3823a606-856c-5a41-9363-697967ef0d50,승리,8/5/6
#8362447323,2026-08-31 00:38,c0f6a404-6917-50b6-9289-79e4fb83e77e,승리,14/4/6
#8362447323,2026-08-31 00:38,15e34f7e-6eb9-5638-b11d-47284ddad510,승리,1/5/23
#8362447323,2026-08-31 00:38,3e583936-ec9b-5f86-a923-77adcd637241,패배,0/8/8
#8362447323,2026-08-31 00:38,571b9bb0-8cd9-5b9e-81e6-814b49141ad4,패배,8/2/12
#8362447323,2026-08-31 00:38,7e2bfe82-2409-5da9-968b-246723d3b167,패배,8/8/6
#8362447323,2026-08-31 00:38,454320a7-8c33-58cc-a8ce-300dd2f3c4b9,패배,7/9/8
#8362512501,2026-08-31 01:34,1d7539b5-5566-57d4-b9cd-5158923a589d,패배,9/7/2
#8362512501,2026-08-31 01:34,3823a606-856c-5a41-9363-697967ef0d50,승리,6/5/7
#8362512501,2026-08-31 01:34,571b9bb0-8cd9-5b9e-81e6-814b49141ad4,승리,8/3/6
#8362512501,2026-08-31 01:34,454320a7-8c33-58cc-a8ce-300dd2f3c4b9,승리,4/4/11
#8362512501,2026-08-31 01:34,c0f6a404-6917-50b6-9289-79e4fb83e77e,승리,12/3/3
#8362512501,2026-08-31 01:34,15e34f7e-6eb9-5638-b11d-47284ddad510,승리,0/4/14
#8362512501,2026-08-31 01:34,3e583936-ec9b-5f86-a923-77adcd637241,패배,3/7/6
#8362512501,2026-08-31 01:34,fa6d5ea3-c57a-500a-9f4d-c2c1e9265684,패배,5/3/7
#8362512501,2026-08-31 01:34,7e2bfe82-2409-5da9-968b-246723d3b167,패배,2/5/8
#8362512501,2026-08-31 01:34,3712c3ab-a24a-5bf1-85c1-b92c4d68e907,패배,0/8/10
#8362566040,2026-08-31 02:30,08cc7879-bd50-5bae-ab79-126ab63b2696,패배,4/4/1
#8362566040,2026-08-31 02:30,3e583936-ec9b-5f86-a923-77adcd637241,패배,3/3/4
#8362566040,2026-08-31 02:30,7e2bfe82-2409-5da9-968b-246723d3b167,패배,1/9/4
#8362566040,2026-08-31 02:30,3712c3ab-a24a-5bf1-85c1-b92c4d68e907,패배,6/4/2
#8362566040,2026-08-31 02:30,15e34f7e-6eb9-5638-b11d-47284ddad510,패배,1/5/8
#8362566040,2026-08-31 02:30,c0f6a404-6917-50b6-9289-79e4fb83e77e,승리,3/3/3
#8362566040,2026-08-31 02:30,1f538f56-a518-52c5-bb47-38b1b42846d6,승리,5/2/10
#8362566040,2026-08-31 02:30,454320a7-8c33-58cc-a8ce-300dd2f3c4b9,승리,9/3/8
#8362566040,2026-08-31 02:30,77bb09d0-2c95-596d-885a-3be23112cc76,승리,6/4/3
#8362566040,2026-08-31 02:30,cac75d28-bc8f-535a-9cba-80d88502dbd1,승리,2/3/8
#8360049436,2026-08-29 19:51,898843b8-3f65-555f-9dcb-d566ebcd206e,승리,6/2/17
#8360049436,2026-08-29 19:51,671680a6-c5c8-5457-a92b-91f0c83bfb91,승리,13/5/10
#8360049436,2026-08-29 19:51,d18ec7c7-d61a-58b8-98d9-ee36e9b5ce58,승리,12/5/18
#8360049436,2026-08-29 19:51,47807318-74f3-5694-81af-6511b4e32f33,승리,11/5/12
#8360049436,2026-08-29 19:51,dd48b93f-132a-56f2-aa29-95bddefc4a53,승리,0/4/21
#8360049436,2026-08-29 19:51,1a69a4f5-32c7-57f9-be56-fb56bf263513,패배,7/8/4
#8360049436,2026-08-29 19:51,ca35d025-a97f-5e6f-a185-1a3e0bc24c0c,패배,4/4/9
#8360049436,2026-08-29 19:51,c23b7868-d95a-59be-b81b-6cf5103b4827,패배,6/10/6
#8360049436,2026-08-29 19:51,702dbc2f-105c-5ec9-b414-b980ad393153,패배,3/11/5
#8360049436,2026-08-29 19:51,bc7d9161-a7d7-559a-9a9f-ac3c63c6e84d,패배,1/9/10
#8363246007,2026-08-31 20:10,7e2bfe82-2409-5da9-968b-246723d3b167,승리,13/2/4
#8363246007,2026-08-31 20:10,3e583936-ec9b-5f86-a923-77adcd637241,승리,0/3/1
#8363246007,2026-08-31 20:10,c0a4bb50-24f8-5d32-b20b-3e2a730399e7,승리,6/1/12
#8363246007,2026-08-31 20:10,77bb09d0-2c95-596d-885a-3be23112cc76,승리,5/2/5
#8363246007,2026-08-31 20:10,bc7d9161-a7d7-559a-9a9f-ac3c63c6e84d,승리,0/0/16
#8363246007,2026-08-31 20:10,bca1f7cc-4819-538b-a4d9-9bbcd8a42c51,패배,2/6/0
#8363246007,2026-08-31 20:10,fc0f19c9-c655-5915-ad47-0ef0d2bff998,패배,1/1/3
#8363246007,2026-08-31 20:10,c4c8cdc0-24db-5def-9120-c0eae39625cb,패배,1/8/3
#8363246007,2026-08-31 20:10,702dbc2f-105c-5ec9-b414-b980ad393153,패배,3/4/1
#8363246007,2026-08-31 20:10,f5b1b3fc-5819-512f-8fc4-1e3f12e480f4,패배,1/5/3
#8363294918,2026-08-31 20:47,7e2bfe82-2409-5da9-968b-246723d3b167,승리,20/6/9
#8363294918,2026-08-31 20:47,c0a4bb50-24f8-5d32-b20b-3e2a730399e7,승리,7/7/18
#8363294918,2026-08-31 20:47,3e583936-ec9b-5f86-a923-77adcd637241,승리,8/4/14
#8363294918,2026-08-31 20:47,77bb09d0-2c95-596d-885a-3be23112cc76,승리,4/11/15
#8363294918,2026-08-31 20:47,bc7d9161-a7d7-559a-9a9f-ac3c63c6e84d,승리,2/6/24
#8363294918,2026-08-31 20:47,c4c8cdc0-24db-5def-9120-c0eae39625cb,패배,5/11/13
#8363294918,2026-08-31 20:47,702dbc2f-105c-5ec9-b414-b980ad393153,패배,8/5/16
#8363294918,2026-08-31 20:47,bca1f7cc-4819-538b-a4d9-9bbcd8a42c51,패배,7/10/16
#8363294918,2026-08-31 20:47,fc0f19c9-c655-5915-ad47-0ef0d2bff998,패배,11/10/11
#8363294918,2026-08-31 20:47,f5b1b3fc-5819-512f-8fc4-1e3f12e480f4,패배,3/5/26
#8363396682,2026-08-31 21:37,3e583936-ec9b-5f86-a923-77adcd637241,승리,2/3/19
#8363396682,2026-08-31 21:37,c0a4bb50-24f8-5d32-b20b-3e2a730399e7,승리,5/8/11
#8363396682,2026-08-31 21:37,c4c8cdc0-24db-5def-9120-c0eae39625cb,승리,8/3/11
#8363396682,2026-08-31 21:37,7e2bfe82-2409-5da9-968b-246723d3b167,승리,15/10/10
#8363396682,2026-08-31 21:37,bc7d9161-a7d7-559a-9a9f-ac3c63c6e84d,승리,3/9/26
#8363396682,2026-08-31 21:37,77bb09d0-2c95-596d-885a-3be23112cc76,패배,2/6/6
#8363396682,2026-08-31 21:37,f5b1b3fc-5819-512f-8fc4-1e3f12e480f4,패배,5/6/18
#8363396682,2026-08-31 21:37,a7fe1bb4-32ca-51b2-9048-183e2cb1cce7,패배,7/8/9
#8363396682,2026-08-31 21:37,fc0f19c9-c655-5915-ad47-0ef0d2bff998,패배,15/8/8
#8363396682,2026-08-31 21:37,aa91628d-1def-593d-862a-968b8287a439,패배,4/6/19
#8363502355,2026-08-31 22:28,2988b6ec-4d8c-5cf7-88ea-be08c42a1416,승리,10/4/4
#8363502355,2026-08-31 22:28,f5b1b3fc-5819-512f-8fc4-1e3f12e480f4,승리,6/6/5
#8363502355,2026-08-31 22:28,bc7d9161-a7d7-559a-9a9f-ac3c63c6e84d,승리,5/3/2
#8363502355,2026-08-31 22:28,fc0f19c9-c655-5915-ad47-0ef0d2bff998,승리,2/1/8
#8363502355,2026-08-31 22:28,3189601c-1e82-5dbd-b304-d034803ccfa2,승리,2/4/9
#8363502355,2026-08-31 22:28,7e2bfe82-2409-5da9-968b-246723d3b167,패배,2/9/2
#8363502355,2026-08-31 22:28,a7fe1bb4-32ca-51b2-9048-183e2cb1cce7,패배,7/4/7
#8363502355,2026-08-31 22:28,3e583936-ec9b-5f86-a923-77adcd637241,패배,5/4/2
#8363502355,2026-08-31 22:28,1197e8f5-daec-5145-854e-a6f73237afc8,패배,2/3/5
#8363502355,2026-08-31 22:28,aa91628d-1def-593d-862a-968b8287a439,패배,2/5/9
#8363588059,2026-08-31 23:08,1197e8f5-daec-5145-854e-a6f73237afc8,승리,4/4/6
#8363588059,2026-08-31 23:08,7e2bfe82-2409-5da9-968b-246723d3b167,승리,8/4/10
#8363588059,2026-08-31 23:08,3e583936-ec9b-5f86-a923-77adcd637241,승리,12/4/5
#8363588059,2026-08-31 23:08,8ae70a53-758c-568f-87dd-1f7c60a6b321,승리,5/4/13
#8363588059,2026-08-31 23:08,aa91628d-1def-593d-862a-968b8287a439,승리,2/5/19
#8363588059,2026-08-31 23:08,af3c1609-d379-52f6-98b7-fe36b0ce25ea,패배,2/8/7
#8363588059,2026-08-31 23:08,0828921a-6693-576c-b1dd-3f0594bbf637,패배,6/8/8
#8363588059,2026-08-31 23:08,606f28cb-0a7f-5055-937b-038613f448a9,패배,6/3/8
#8363588059,2026-08-31 23:08,a7fe1bb4-32ca-51b2-9048-183e2cb1cce7,패배,5/3/8
#8363588059,2026-08-31 23:08,3189601c-1e82-5dbd-b304-d034803ccfa2,패배,2/9/13
#8363612538,2026-08-31 23:25,3ee03b31-3cfa-5edc-9b02-a6f089749330,승리,6/1/11
#8363612538,2026-08-31 23:25,5da6f598-fb7f-51f3-98ab-bf2dc8fb1003,승리,7/7/9
#8363612538,2026-08-31 23:25,b0eaa8e9-4c21-5666-83bf-cfbd56778a18,승리,6/3/12
#8363612538,2026-08-31 23:25,ac4b6e6b-7942-51f7-9b5c-7b49798bddab,승리,18/4/9
#8363612538,2026-08-31 23:25,676f3610-d9c9-5727-a5bd-d93aac82cad2,승리,3/6/19
#8363612538,2026-08-31 23:25,31e88dc8-bc4a-5b0e-b7f0-9d47bec34024,패배,3/9/5
#8363612538,2026-08-31 23:25,b11b38c2-a223-5750-bd79-804eb7882764,패배,8/6/2
#8363612538,2026-08-31 23:25,cdbeeaa3-2d54-5732-8cbe-e5643e6561f4,패배,2/5/6
#8363612538,2026-08-31 23:25,dc7ecf5f-0952-573d-9eae-96253295d4c5,패배,7/9/4
#8363612538,2026-08-31 23:25,f5b1b3fc-5819-512f-8fc4-1e3f12e480f4,패배,1/11/10
#8363680596,2026-09-01 00:06,1197e8f5-daec-5145-854e-a6f73237afc8,승리,3/1/1
#8363680596,2026-09-01 00:06,8ae70a53-758c-568f-87dd-1f7c60a6b321,승리,2/0/6
#8363680596,2026-09-01 00:06,7e2bfe82-2409-5da9-968b-246723d3b167,승리,3/0/0
#8363680596,2026-09-01 00:06,606f28cb-0a7f-5055-937b-038613f448a9,승리,4/1/5
#8363680596,2026-09-01 00:06,af3c1609-d379-52f6-98b7-fe36b0ce25ea,승리,2/0/8
#8363680596,2026-09-01 00:06,6a4f5512-0b22-5bd1-ae85-8d8c07d751ab,패배,1/4/0
#8363680596,2026-09-01 00:06,a7fe1bb4-32ca-51b2-9048-183e2cb1cce7,패배,1/0/1
#8363680596,2026-09-01 00:06,3e583936-ec9b-5f86-a923-77adcd637241,패배,0/0/0
#8363680596,2026-09-01 00:06,0828921a-6693-576c-b1dd-3f0594bbf637,패배,0/6/0
#8363680596,2026-09-01 00:06,3189601c-1e82-5dbd-b304-d034803ccfa2,패배,0/4/1
#8363729494,2026-09-01 00:40,a7fe1bb4-32ca-51b2-9048-183e2cb1cce7,패배,2/8/0
#8363729494,2026-09-01 00:40,3e583936-ec9b-5f86-a923-77adcd637241,패배,3/4/0
#8363729494,2026-09-01 00:40,6a4f5512-0b22-5bd1-ae85-8d8c07d751ab,패배,0/0/1
#8363729494,2026-09-01 00:40,7e2bfe82-2409-5da9-968b-246723d3b167,패배,2/5/2
#8363729494,2026-09-01 00:40,af3c1609-d379-52f6-98b7-fe36b0ce25ea,패배,0/4/4
#8363729494,2026-09-01 00:40,fa6d5ea3-c57a-500a-9f4d-c2c1e9265684,승리,11/2/0
#8363729494,2026-09-01 00:40,8ae70a53-758c-568f-87dd-1f7c60a6b321,승리,0/1/5
#8363729494,2026-09-01 00:40,606f28cb-0a7f-5055-937b-038613f448a9,승리,1/0/1
#8363729494,2026-09-01 00:40,1197e8f5-daec-5145-854e-a6f73237afc8,승리,7/3/1
#8363729494,2026-09-01 00:40,0828921a-6693-576c-b1dd-3f0594bbf637,승리,2/1/9
#8363696670,2026-09-01 00:14,ac4b6e6b-7942-51f7-9b5c-7b49798bddab,승리,8/8/10
#8363696670,2026-09-01 00:14,dc7ecf5f-0952-573d-9eae-96253295d4c5,승리,12/3/18
#8363696670,2026-09-01 00:14,d4ed9d18-939c-549c-92bc-c2accb63a5f0,승리,9/3/10
#8363696670,2026-09-01 00:14,b11b38c2-a223-5750-bd79-804eb7882764,승리,9/4/16
#8363696670,2026-09-01 00:14,676f3610-d9c9-5727-a5bd-d93aac82cad2,승리,1/2/29
#8363696670,2026-09-01 00:14,31e88dc8-bc4a-5b0e-b7f0-9d47bec34024,패배,10/5/2
#8363696670,2026-09-01 00:14,5da6f598-fb7f-51f3-98ab-bf2dc8fb1003,패배,3/11/5
#8363696670,2026-09-01 00:14,b0eaa8e9-4c21-5666-83bf-cfbd56778a18,패배,4/9/8
#8363696670,2026-09-01 00:14,f32b7e39-e110-5981-824f-907aa25cf6cc,패배,2/6/7
#8363696670,2026-09-01 00:14,3ee03b31-3cfa-5edc-9b02-a6f089749330,패배,1/8/3
#8363766416,2026-09-01 01:13,606f28cb-0a7f-5055-937b-038613f448a9,승리,6/8/8
#8363766416,2026-09-01 01:13,0828921a-6693-576c-b1dd-3f0594bbf637,승리,9/6/12
#8363766416,2026-09-01 01:13,79079bf7-8099-53bc-93f8-ea308ffd9170,승리,14/4/14
#8363766416,2026-09-01 01:13,48a9676c-6f4a-5dfb-9a36-fca24b95153a,승리,7/10/16
#8363766416,2026-09-01 01:13,af3c1609-d379-52f6-98b7-fe36b0ce25ea,승리,6/10/21
#8363766416,2026-09-01 01:13,3e583936-ec9b-5f86-a923-77adcd637241,패배,9/5/12
#8363766416,2026-09-01 01:13,c0a4bb50-24f8-5d32-b20b-3e2a730399e7,패배,3/15/18
#8363766416,2026-09-01 01:13,fa6d5ea3-c57a-500a-9f4d-c2c1e9265684,패배,12/5/13
#8363766416,2026-09-01 01:13,8ae70a53-758c-568f-87dd-1f7c60a6b321,패배,13/9/13
#8363766416,2026-09-01 01:13,a7fe1bb4-32ca-51b2-9048-183e2cb1cce7,패배,1/8/23
#8363802839,2026-09-01 02:04,31e88dc8-bc4a-5b0e-b7f0-9d47bec34024,패배,3/9/2
#8363802839,2026-09-01 02:04,3e583936-ec9b-5f86-a923-77adcd637241,승리,2/4/7
#8363802839,2026-09-01 02:04,fa6d5ea3-c57a-500a-9f4d-c2c1e9265684,승리,11/1/9
#8363802839,2026-09-01 02:04,79079bf7-8099-53bc-93f8-ea308ffd9170,승리,7/6/6
#8363802839,2026-09-01 02:04,8ae70a53-758c-568f-87dd-1f7c60a6b321,승리,10/2/4
#8363802839,2026-09-01 02:04,af3c1609-d379-52f6-98b7-fe36b0ce25ea,승리,4/2/21
#8363802839,2026-09-01 02:04,0828921a-6693-576c-b1dd-3f0594bbf637,패배,2/5/6
#8363802839,2026-09-01 02:04,e310dfda-ef55-5307-be03-e59c780ddb2f,패배,3/5/7
#8363802839,2026-09-01 02:04,606f28cb-0a7f-5055-937b-038613f448a9,패배,6/6/2
#8363802839,2026-09-01 02:04,a7fe1bb4-32ca-51b2-9048-183e2cb1cce7,패배,1/9/7
#8363834901,2026-09-01 02:49,31e88dc8-bc4a-5b0e-b7f0-9d47bec34024,패배,3/7/0
#8363834901,2026-09-01 02:49,606f28cb-0a7f-5055-937b-038613f448a9,승리,6/3/7
#8363834901,2026-09-01 02:49,fa6d5ea3-c57a-500a-9f4d-c2c1e9265684,승리,13/0/9
#8363834901,2026-09-01 02:49,79079bf7-8099-53bc-93f8-ea308ffd9170,승리,7/4/4
#8363834901,2026-09-01 02:49,8ae70a53-758c-568f-87dd-1f7c60a6b321,승리,3/4/4
#8363834901,2026-09-01 02:49,a7fe1bb4-32ca-51b2-9048-183e2cb1cce7,승리,1/2/10
#8363834901,2026-09-01 02:49,3e583936-ec9b-5f86-a923-77adcd637241,패배,3/10/2
#8363834901,2026-09-01 02:49,e310dfda-ef55-5307-be03-e59c780ddb2f,패배,4/5/0
#8363834901,2026-09-01 02:49,0828921a-6693-576c-b1dd-3f0594bbf637,패배,2/3/3
#8363834901,2026-09-01 02:49,af3c1609-d379-52f6-98b7-fe36b0ce25ea,패배,1/5/3
#8363872042,2026-09-01 03:35,1d7539b5-5566-57d4-b9cd-5158923a589d,패배,6/6/5
#8363872042,2026-09-01 03:35,31e88dc8-bc4a-5b0e-b7f0-9d47bec34024,승리,8/3/9
#8363872042,2026-09-01 03:35,0828921a-6693-576c-b1dd-3f0594bbf637,승리,6/3/11
#8363872042,2026-09-01 03:35,79079bf7-8099-53bc-93f8-ea308ffd9170,승리,18/3/9
#8363872042,2026-09-01 03:35,8ae70a53-758c-568f-87dd-1f7c60a6b321,승리,3/5/8
#8363872042,2026-09-01 03:35,a7fe1bb4-32ca-51b2-9048-183e2cb1cce7,승리,1/2/19
#8363872042,2026-09-01 03:35,3e583936-ec9b-5f86-a923-77adcd637241,패배,0/7/8
#8363872042,2026-09-01 03:35,fa6d5ea3-c57a-500a-9f4d-c2c1e9265684,패배,5/11/5
#8363872042,2026-09-01 03:35,e310dfda-ef55-5307-be03-e59c780ddb2f,패배,5/6/2
#8363872042,2026-09-01 03:35,af3c1609-d379-52f6-98b7-fe36b0ce25ea,패배,0/6/10
#8364440281,2026-09-01 20:08,7e2bfe82-2409-5da9-968b-246723d3b167,패배,7/7/11
#8364440281,2026-09-01 20:08,33d4446b-a1b9-5b44-ae8a-2009b77218d4,패배,8/6/8
#8364440281,2026-09-01 20:08,79079bf7-8099-53bc-93f8-ea308ffd9170,패배,7/6/12
#8364440281,2026-09-01 20:08,f5b1b3fc-5819-512f-8fc4-1e3f12e480f4,패배,8/8/12
#8364440281,2026-09-01 20:08,aeae46fe-2d38-56d8-ac4a-fcb48eb4a13a,패배,2/9/19
#8364440281,2026-09-01 20:08,b374355f-b65d-52fe-990b-5e6accd3ae9c,승리,4/6/8
#8364440281,2026-09-01 20:08,dc7ecf5f-0952-573d-9eae-96253295d4c5,승리,8/6/11
#8364440281,2026-09-01 20:08,3571edf8-7769-519d-8385-8c7cc6f800ed,승리,6/6/7
#8364440281,2026-09-01 20:08,d4ed9d18-939c-549c-92bc-c2accb63a5f0,승리,15/7/11
#8364440281,2026-09-01 20:08,aa2fbfdd-c17f-5e1b-a04e-8567e1c45d5e,승리,3/7/19
#8364440547,2026-09-01 20:12,843f6b49-c018-52aa-932e-14bcba62e0cd,승리,8/3/24
#8364440547,2026-09-01 20:12,c9456c44-7c1e-5fd7-8907-737737772014,승리,14/3/15
#8364440547,2026-09-01 20:12,fd30acf7-dfb6-55e3-8ee1-8463244a92d5,승리,12/8/8
#8364440547,2026-09-01 20:12,b0eaa8e9-4c21-5666-83bf-cfbd56778a18,승리,13/4/17
#8364440547,2026-09-01 20:12,bc7d9161-a7d7-559a-9a9f-ac3c63c6e84d,승리,0/3/30
#8364440547,2026-09-01 20:12,3e583936-ec9b-5f86-a923-77adcd637241,패배,4/9/6
#8364440547,2026-09-01 20:12,5da6f598-fb7f-51f3-98ab-bf2dc8fb1003,패배,6/13/10
#8364440547,2026-09-01 20:12,6a4f5512-0b22-5bd1-ae85-8d8c07d751ab,패배,5/9/8
#8364440547,2026-09-01 20:12,fc0f19c9-c655-5915-ad47-0ef0d2bff998,패배,6/6/5
#8364440547,2026-09-01 20:12,aa91628d-1def-593d-862a-968b8287a439,패배,0/10/13
#8364517206,2026-09-01 20:54,7e2bfe82-2409-5da9-968b-246723d3b167,패배,5/5/9
#8364517206,2026-09-01 20:54,aa2fbfdd-c17f-5e1b-a04e-8567e1c45d5e,패배,2/5/7
#8364517206,2026-09-01 20:54,f5b1b3fc-5819-512f-8fc4-1e3f12e480f4,패배,3/5/6
#8364517206,2026-09-01 20:54,33d4446b-a1b9-5b44-ae8a-2009b77218d4,패배,9/5/1
#8364517206,2026-09-01 20:54,79079bf7-8099-53bc-93f8-ea308ffd9170,패배,4/3/9
#8364517206,2026-09-01 20:54,b374355f-b65d-52fe-990b-5e6accd3ae9c,승리,1/5/10
#8364517206,2026-09-01 20:54,dc7ecf5f-0952-573d-9eae-96253295d4c5,승리,5/3/14
#8364517206,2026-09-01 20:54,3571edf8-7769-519d-8385-8c7cc6f800ed,승리,7/3/11
#8364517206,2026-09-01 20:54,d4ed9d18-939c-549c-92bc-c2accb63a5f0,승리,10/8/7
#8364517206,2026-09-01 20:54,aeae46fe-2d38-56d8-ac4a-fcb48eb4a13a,승리,0/4/19
#8364526116,2026-09-01 20:59,aa91628d-1def-593d-862a-968b8287a439,승리,12/2/10
#8364526116,2026-09-01 20:59,3e583936-ec9b-5f86-a923-77adcd637241,패배,2/5/6
#8364526116,2026-09-01 20:59,c9456c44-7c1e-5fd7-8907-737737772014,패배,8/6/7
#8364526116,2026-09-01 20:59,fd30acf7-dfb6-55e3-8ee1-8463244a92d5,패배,6/6/7
#8364526116,2026-09-01 20:59,fc0f19c9-c655-5915-ad47-0ef0d2bff998,패배,3/6/2
#8364526116,2026-09-01 20:59,6a4f5512-0b22-5bd1-ae85-8d8c07d751ab,패배,0/7/11
#8364526116,2026-09-01 20:59,843f6b49-c018-52aa-932e-14bcba62e0cd,승리,8/4/8
#8364526116,2026-09-01 20:59,5da6f598-fb7f-51f3-98ab-bf2dc8fb1003,승리,2/8/21
#8364526116,2026-09-01 20:59,b0eaa8e9-4c21-5666-83bf-cfbd56778a18,승리,8/2/12
#8364526116,2026-09-01 20:59,bc7d9161-a7d7-559a-9a9f-ac3c63c6e84d,승리,0/3/15
#8364583463,2026-09-01 21:36,7e2bfe82-2409-5da9-968b-246723d3b167,승리,20/3/18
#8364583463,2026-09-01 21:36,aa2fbfdd-c17f-5e1b-a04e-8567e1c45d5e,승리,3/2/15
#8364583463,2026-09-01 21:36,dc7ecf5f-0952-573d-9eae-96253295d4c5,승리,17/4/11
#8364583463,2026-09-01 21:36,3571edf8-7769-519d-8385-8c7cc6f800ed,승리,5/4/16
#8364583463,2026-09-01 21:36,aeae46fe-2d38-56d8-ac4a-fcb48eb4a13a,승리,2/7/18
#8364583463,2026-09-01 21:36,b374355f-b65d-52fe-990b-5e6accd3ae9c,패배,3/11/3
#8364583463,2026-09-01 21:36,33d4446b-a1b9-5b44-ae8a-2009b77218d4,패배,4/5/7
#8364583463,2026-09-01 21:36,79079bf7-8099-53bc-93f8-ea308ffd9170,패배,2/10/3
#8364583463,2026-09-01 21:36,d4ed9d18-939c-549c-92bc-c2accb63a5f0,패배,10/11/4
#8364583463,2026-09-01 21:36,f5b1b3fc-5819-512f-8fc4-1e3f12e480f4,패배,0/10/10
#8364596343,2026-09-01 21:39,3e583936-ec9b-5f86-a923-77adcd637241,패배,0/8/13
#8364596343,2026-09-01 21:39,47807318-74f3-5694-81af-6511b4e32f33,패배,8/5/18
#8364596343,2026-09-01 21:39,843f6b49-c018-52aa-932e-14bcba62e0cd,패배,14/6/8
#8364596343,2026-09-01 21:39,fc0f19c9-c655-5915-ad47-0ef0d2bff998,패배,11/4/15
#8364596343,2026-09-01 21:39,bc7d9161-a7d7-559a-9a9f-ac3c63c6e84d,패배,2/10/24
#8364596343,2026-09-01 21:39,c9456c44-7c1e-5fd7-8907-737737772014,승리,5/7/7
#8364596343,2026-09-01 21:39,5da6f598-fb7f-51f3-98ab-bf2dc8fb1003,승리,6/7/12
#8364596343,2026-09-01 21:39,fd30acf7-dfb6-55e3-8ee1-8463244a92d5,승리,8/5/12
#8364596343,2026-09-01 21:39,aa91628d-1def-593d-862a-968b8287a439,승리,11/7/8
#8364596343,2026-09-01 21:39,6a4f5512-0b22-5bd1-ae85-8d8c07d751ab,승리,3/9/13
#8364681615,2026-09-01 22:28,7e2bfe82-2409-5da9-968b-246723d3b167,패배,5/7/5
#8364681615,2026-09-01 22:28,aa2fbfdd-c17f-5e1b-a04e-8567e1c45d5e,패배,5/5/2
#8364681615,2026-09-01 22:28,dc7ecf5f-0952-573d-9eae-96253295d4c5,패배,7/10/4
#8364681615,2026-09-01 22:28,5e13fc05-ff0c-5435-80dd-63bbd252f467,패배,4/11/6
#8364681615,2026-09-01 22:28,aeae46fe-2d38-56d8-ac4a-fcb48eb4a13a,패배,0/8/14
#8364681615,2026-09-01 22:28,d4ed9d18-939c-549c-92bc-c2accb63a5f0,승리,10/9/6
#8364681615,2026-09-01 22:28,ce01c0d8-8ebf-57c1-b433-88aa89739103,승리,9/1/16
#8364681615,2026-09-01 22:28,79079bf7-8099-53bc-93f8-ea308ffd9170,승리,8/6/9
#8364681615,2026-09-01 22:28,33d4446b-a1b9-5b44-ae8a-2009b77218d4,승리,8/3/16
#8364681615,2026-09-01 22:28,b374355f-b65d-52fe-990b-5e6accd3ae9c,승리,6/2/14
#8364681707,2026-09-01 22:30,2988b6ec-4d8c-5cf7-88ea-be08c42a1416,승리,14/8/6
#8364681707,2026-09-01 22:30,fd30acf7-dfb6-55e3-8ee1-8463244a92d5,승리,10/6/10
#8364681707,2026-09-01 22:30,3e583936-ec9b-5f86-a923-77adcd637241,승리,9/7/18
#8364681707,2026-09-01 22:30,c9456c44-7c1e-5fd7-8907-737737772014,승리,7/10/14
#8364681707,2026-09-01 22:30,aa91628d-1def-593d-862a-968b8287a439,승리,2/4/25
#8364681707,2026-09-01 22:30,6a4f5512-0b22-5bd1-ae85-8d8c07d751ab,패배,7/7/10
#8364681707,2026-09-01 22:30,843f6b49-c018-52aa-932e-14bcba62e0cd,패배,5/5/15
#8364681707,2026-09-01 22:30,47807318-74f3-5694-81af-6511b4e32f33,패배,14/11/6
#8364681707,2026-09-01 22:30,fc0f19c9-c655-5915-ad47-0ef0d2bff998,패배,5/11/10
#8364681707,2026-09-01 22:30,bc7d9161-a7d7-559a-9a9f-ac3c63c6e84d,패배,4/8/13
#8364780883,2026-09-01 23:20,77a65121-6eb2-5e4a-af35-c55ad40ec191,승리,7/4/7
#8364780883,2026-09-01 23:20,ce01c0d8-8ebf-57c1-b433-88aa89739103,승리,8/2/14
#8364780883,2026-09-01 23:20,606f28cb-0a7f-5055-937b-038613f448a9,승리,3/4/17
#8364780883,2026-09-01 23:20,0828921a-6693-576c-b1dd-3f0594bbf637,승리,12/3/6
#8364780883,2026-09-01 23:20,af3c1609-d379-52f6-98b7-fe36b0ce25ea,승리,2/1/24
#8364780883,2026-09-01 23:20,aa2fbfdd-c17f-5e1b-a04e-8567e1c45d5e,패배,1/4/3
#8364780883,2026-09-01 23:20,8ae70a53-758c-568f-87dd-1f7c60a6b321,패배,4/8/6
#8364780883,2026-09-01 23:20,7e2bfe82-2409-5da9-968b-246723d3b167,패배,6/9/3
#8364780883,2026-09-01 23:20,5e13fc05-ff0c-5435-80dd-63bbd252f467,패배,2/7/1
#8364780883,2026-09-01 23:20,3189601c-1e82-5dbd-b304-d034803ccfa2,패배,1/4/4
#8364863567,2026-09-02 00:09,77bb09d0-2c95-596d-885a-3be23112cc76,승리,1/1/5
#8364863567,2026-09-02 00:09,8ae70a53-758c-568f-87dd-1f7c60a6b321,승리,3/1/10
#8364863567,2026-09-02 00:09,7e2bfe82-2409-5da9-968b-246723d3b167,승리,9/2/4
#8364863567,2026-09-02 00:09,5e13fc05-ff0c-5435-80dd-63bbd252f467,승리,9/2/10
#8364863567,2026-09-02 00:09,3189601c-1e82-5dbd-b304-d034803ccfa2,승리,3/2/14
#8364863567,2026-09-02 00:09,af3c1609-d379-52f6-98b7-fe36b0ce25ea,패배,3/5/3
#8364863567,2026-09-02 00:09,0828921a-6693-576c-b1dd-3f0594bbf637,패배,1/4/4
#8364863567,2026-09-02 00:09,606f28cb-0a7f-5055-937b-038613f448a9,패배,1/5/3
#8364863567,2026-09-02 00:09,48a9676c-6f4a-5dfb-9a36-fca24b95153a,패배,2/6/2
#8364863567,2026-09-02 00:09,0b69abc1-a13f-5185-85f8-30968b3f5c08,패배,0/6/6
#8364920064,2026-09-02 00:47,606f28cb-0a7f-5055-937b-038613f448a9,패배,1/9/1
#8364920064,2026-09-02 00:47,8ae70a53-758c-568f-87dd-1f7c60a6b321,패배,4/7/7
#8364920064,2026-09-02 00:47,26583f10-50a4-5f03-b49b-8c3d8acfac5d,패배,2/8/4
#8364920064,2026-09-02 00:47,48a9676c-6f4a-5dfb-9a36-fca24b95153a,패배,9/9/1
#8364920064,2026-09-02 00:47,0828921a-6693-576c-b1dd-3f0594bbf637,패배,1/5/11
#8364920064,2026-09-02 00:47,77bb09d0-2c95-596d-885a-3be23112cc76,승리,13/0/4
#8364920064,2026-09-02 00:47,7e2bfe82-2409-5da9-968b-246723d3b167,승리,12/4/10
#8364920064,2026-09-02 00:47,5e13fc05-ff0c-5435-80dd-63bbd252f467,승리,8/5/11
#8364920064,2026-09-02 00:47,af3c1609-d379-52f6-98b7-fe36b0ce25ea,승리,3/5/8
#8364920064,2026-09-02 00:47,0b69abc1-a13f-5185-85f8-30968b3f5c08,승리,2/3/19
#8364969398,2026-09-02 01:40,5e13fc05-ff0c-5435-80dd-63bbd252f467,승리,0/13/10
#8364969398,2026-09-02 01:40,8ae70a53-758c-568f-87dd-1f7c60a6b321,승리,6/9/15
#8364969398,2026-09-02 01:40,26583f10-50a4-5f03-b49b-8c3d8acfac5d,승리,9/6/13
#8364969398,2026-09-02 01:40,606f28cb-0a7f-5055-937b-038613f448a9,승리,19/6/14
#8364969398,2026-09-02 01:40,af3c1609-d379-52f6-98b7-fe36b0ce25ea,승리,6/4/23
#8364969398,2026-09-02 01:40,77bb09d0-2c95-596d-885a-3be23112cc76,패배,8/5/15
#8364969398,2026-09-02 01:40,3e583936-ec9b-5f86-a923-77adcd637241,패배,5/12/10
#8364969398,2026-09-02 01:40,0828921a-6693-576c-b1dd-3f0594bbf637,패배,11/4/13
#8364969398,2026-09-02 01:40,48a9676c-6f4a-5dfb-9a36-fca24b95153a,패배,12/10/11
#8364969398,2026-09-02 01:40,0b69abc1-a13f-5185-85f8-30968b3f5c08,패배,2/9/24
#8365015575,2026-09-02 02:50,c0a4bb50-24f8-5d32-b20b-3e2a730399e7,승리,2/6/16
#8365015575,2026-09-02 02:50,fa6d5ea3-c57a-500a-9f4d-c2c1e9265684,승리,10/7/11
#8365015575,2026-09-02 02:50,77bb09d0-2c95-596d-885a-3be23112cc76,승리,15/6/7
#8365015575,2026-09-02 02:50,8ae70a53-758c-568f-87dd-1f7c60a6b321,승리,8/9/10
#8365015575,2026-09-02 02:50,26583f10-50a4-5f03-b49b-8c3d8acfac5d,승리,2/9/17
#8365015575,2026-09-02 02:50,3e583936-ec9b-5f86-a923-77adcd637241,패배,3/5/13
#8365015575,2026-09-02 02:50,0828921a-6693-576c-b1dd-3f0594bbf637,패배,13/4/7
#8365015575,2026-09-02 02:50,606f28cb-0a7f-5055-937b-038613f448a9,패배,6/8/10
#8365015575,2026-09-02 02:50,5e13fc05-ff0c-5435-80dd-63bbd252f467,패배,10/10/12
#8365015575,2026-09-02 02:50,af3c1609-d379-52f6-98b7-fe36b0ce25ea,패배,4/10/18
#8364795671,2026-09-01 23:26,ac4b6e6b-7942-51f7-9b5c-7b49798bddab,승리,1/4/10
#8364795671,2026-09-01 23:26,2988b6ec-4d8c-5cf7-88ea-be08c42a1416,승리,10/3/10
#8364795671,2026-09-01 23:26,26583f10-50a4-5f03-b49b-8c3d8acfac5d,승리,5/2/6
#8364795671,2026-09-01 23:26,1d7539b5-5566-57d4-b9cd-5158923a589d,승리,13/2/6
#8364795671,2026-09-01 23:26,9045a0a5-c836-5c5e-baeb-a879ec639cf4,승리,1/1/15
#8364795671,2026-09-01 23:26,38fbcc23-1703-519b-bc1f-07be1d00c74a,패배,5/5/2
#8364795671,2026-09-01 23:26,3e583936-ec9b-5f86-a923-77adcd637241,패배,6/10/1
#8364795671,2026-09-01 23:26,47807318-74f3-5694-81af-6511b4e32f33,패배,1/3/3
#8364795671,2026-09-01 23:26,6a4f5512-0b22-5bd1-ae85-8d8c07d751ab,패배,0/4/4
#8364795671,2026-09-01 23:26,cdbeeaa3-2d54-5732-8cbe-e5643e6561f4,패배,0/8/5
#8365040616,2026-09-02 03:57,1d7539b5-5566-57d4-b9cd-5158923a589d,승리,2/5/13
#8365040616,2026-09-02 03:57,c0a4bb50-24f8-5d32-b20b-3e2a730399e7,승리,1/4/5
#8365040616,2026-09-02 03:57,8ae70a53-758c-568f-87dd-1f7c60a6b321,승리,5/8/6
#8365040616,2026-09-02 03:57,3e583936-ec9b-5f86-a923-77adcd637241,승리,2/3/13
#8365040616,2026-09-02 03:57,fa6d5ea3-c57a-500a-9f4d-c2c1e9265684,승리,11/6/6
#8365040616,2026-09-02 03:57,31e88dc8-bc4a-5b0e-b7f0-9d47bec34024,패배,8/3/3
#8365040616,2026-09-02 03:57,0828921a-6693-576c-b1dd-3f0594bbf637,패배,10/3/13
#8365040616,2026-09-02 03:57,5e13fc05-ff0c-5435-80dd-63bbd252f467,패배,2/5/5
#8365040616,2026-09-02 03:57,77bb09d0-2c95-596d-885a-3be23112cc76,패배,6/8/9
#8365040616,2026-09-02 03:57,af3c1609-d379-52f6-98b7-fe36b0ce25ea,패배,0/2/16
#8365631117,2026-09-02 20:11,aa2fbfdd-c17f-5e1b-a04e-8567e1c45d5e,패배,1/4/6
#8365631117,2026-09-02 20:11,5da6f598-fb7f-51f3-98ab-bf2dc8fb1003,패배,5/6/3
#8365631117,2026-09-02 20:11,c4c8cdc0-24db-5def-9120-c0eae39625cb,패배,5/7/3
#8365631117,2026-09-02 20:11,b11b38c2-a223-5750-bd79-804eb7882764,패배,2/5/1
#8365631117,2026-09-02 20:11,94923fe7-4521-52ed-b143-ee509e386b2b,패배,4/6/6
#8365631117,2026-09-02 20:11,4f8efa45-702e-52f6-88b5-e6c3859449ef,승리,2/5/13
#8365631117,2026-09-02 20:11,2988b6ec-4d8c-5cf7-88ea-be08c42a1416,승리,11/3/9
#8365631117,2026-09-02 20:11,843f6b49-c018-52aa-932e-14bcba62e0cd,승리,6/3/12
#8365631117,2026-09-02 20:11,1197e8f5-daec-5145-854e-a6f73237afc8,승리,7/1/8
#8365631117,2026-09-02 20:11,bc7d9161-a7d7-559a-9a9f-ac3c63c6e84d,승리,2/5/17
#8365691891,2026-09-02 21:02,4f8efa45-702e-52f6-88b5-e6c3859449ef,승리,3/8/11
#8365691891,2026-09-02 21:02,5da6f598-fb7f-51f3-98ab-bf2dc8fb1003,승리,13/6/11
#8365691891,2026-09-02 21:02,b11b38c2-a223-5750-bd79-804eb7882764,승리,5/3/19
#8365691891,2026-09-02 21:02,94923fe7-4521-52ed-b143-ee509e386b2b,승리,18/2/10
#8365691891,2026-09-02 21:02,bc7d9161-a7d7-559a-9a9f-ac3c63c6e84d,승리,1/4/13
#8365691891,2026-09-02 21:02,c4c8cdc0-24db-5def-9120-c0eae39625cb,패배,6/6/9
#8365691891,2026-09-02 21:02,2988b6ec-4d8c-5cf7-88ea-be08c42a1416,패배,4/9/16
#8365691891,2026-09-02 21:02,843f6b49-c018-52aa-932e-14bcba62e0cd,패배,6/8/10
#8365691891,2026-09-02 21:02,1197e8f5-daec-5145-854e-a6f73237afc8,패배,6/6/9
#8365691891,2026-09-02 21:02,aa2fbfdd-c17f-5e1b-a04e-8567e1c45d5e,패배,1/11/13
#8365707495,2026-09-02 21:09,571b9bb0-8cd9-5b9e-81e6-814b49141ad4,패배,2/2/2
#8365707495,2026-09-02 21:09,c9456c44-7c1e-5fd7-8907-737737772014,패배,6/7/2
#8365707495,2026-09-02 21:09,dc24227b-dc3a-529b-978f-009b37f19ca0,패배,0/6/5
#8365707495,2026-09-02 21:09,5e13fc05-ff0c-5435-80dd-63bbd252f467,패배,2/9/4
#8365707495,2026-09-02 21:09,aa91628d-1def-593d-862a-968b8287a439,패배,2/4/7
#8365707495,2026-09-02 21:09,3712c3ab-a24a-5bf1-85c1-b92c4d68e907,승리,3/0/8
#8365707495,2026-09-02 21:09,3ee03b31-3cfa-5edc-9b02-a6f089749330,승리,3/1/5
#8365707495,2026-09-02 21:09,d4ed9d18-939c-549c-92bc-c2accb63a5f0,승리,9/5/10
#8365707495,2026-09-02 21:09,a7fe1bb4-32ca-51b2-9048-183e2cb1cce7,승리,12/3/6
#8365707495,2026-09-02 21:09,e9d0d0eb-059e-55a4-8a8a-32d53b61f2fc,승리,1/3/11
#8365794517,2026-09-02 21:53,571b9bb0-8cd9-5b9e-81e6-814b49141ad4,패배,1/5/4
#8365794517,2026-09-02 21:53,3712c3ab-a24a-5bf1-85c1-b92c4d68e907,패배,2/6/1
#8365794517,2026-09-02 21:53,dc24227b-dc3a-529b-978f-009b37f19ca0,패배,2/3/0
#8365794517,2026-09-02 21:53,c9456c44-7c1e-5fd7-8907-737737772014,패배,1/4/5
#8365794517,2026-09-02 21:53,a7fe1bb4-32ca-51b2-9048-183e2cb1cce7,패배,5/4/4
#8365794517,2026-09-02 21:53,3ee03b31-3cfa-5edc-9b02-a6f089749330,승리,6/2/6
#8365794517,2026-09-02 21:53,5e13fc05-ff0c-5435-80dd-63bbd252f467,승리,2/2/8
#8365794517,2026-09-02 21:53,d4ed9d18-939c-549c-92bc-c2accb63a5f0,승리,3/2/8
#8365794517,2026-09-02 21:53,aa91628d-1def-593d-862a-968b8287a439,승리,8/2/5
#8365794517,2026-09-02 21:53,e9d0d0eb-059e-55a4-8a8a-32d53b61f2fc,승리,3/3/9
#8365798334,2026-09-02 21:54,b11b38c2-a223-5750-bd79-804eb7882764,승리,7/1/1
#8365798334,2026-09-02 21:54,ce01c0d8-8ebf-57c1-b433-88aa89739103,승리,5/2/13
#8365798334,2026-09-02 21:54,c4c8cdc0-24db-5def-9120-c0eae39625cb,승리,5/4/6
#8365798334,2026-09-02 21:54,843f6b49-c018-52aa-932e-14bcba62e0cd,승리,11/4/4
#8365798334,2026-09-02 21:54,bc7d9161-a7d7-559a-9a9f-ac3c63c6e84d,승리,0/4/12
#8365798334,2026-09-02 21:54,aa2fbfdd-c17f-5e1b-a04e-8567e1c45d5e,패배,2/4/2
#8365798334,2026-09-02 21:54,5da6f598-fb7f-51f3-98ab-bf2dc8fb1003,패배,1/7/3
#8365798334,2026-09-02 21:54,2988b6ec-4d8c-5cf7-88ea-be08c42a1416,패배,4/6/2
#8365798334,2026-09-02 21:54,1197e8f5-daec-5145-854e-a6f73237afc8,패배,4/5/5
#8365798334,2026-09-02 21:54,4f8efa45-702e-52f6-88b5-e6c3859449ef,패배,4/6/6
#8365877527,2026-09-02 22:36,77bb09d0-2c95-596d-885a-3be23112cc76,승리,3/0/15
#8365877527,2026-09-02 22:36,2bad60d3-3fbc-5408-aed7-02038de352dd,승리,4/3/13
#8365877527,2026-09-02 22:36,5e13fc05-ff0c-5435-80dd-63bbd252f467,승리,6/5/8
#8365877527,2026-09-02 22:36,d4ed9d18-939c-549c-92bc-c2accb63a5f0,승리,8/8/6
#8365877527,2026-09-02 22:36,3712c3ab-a24a-5bf1-85c1-b92c4d68e907,승리,1/5/13
#8365877527,2026-09-02 22:36,3e583936-ec9b-5f86-a923-77adcd637241,패배,2/6/5
#8365877527,2026-09-02 22:36,571b9bb0-8cd9-5b9e-81e6-814b49141ad4,패배,3/6/6
#8365877527,2026-09-02 22:36,3ee03b31-3cfa-5edc-9b02-a6f089749330,패배,1/4/7
#8365877527,2026-09-02 22:36,a7fe1bb4-32ca-51b2-9048-183e2cb1cce7,패배,14/4/3
#8365877527,2026-09-02 22:36,e9d0d0eb-059e-55a4-8a8a-32d53b61f2fc,패배,1/2/18
#8365882786,2026-09-02 22:43,1d7539b5-5566-57d4-b9cd-5158923a589d,패배,8/7/5
#8365882786,2026-09-02 22:43,c4c8cdc0-24db-5def-9120-c0eae39625cb,승리,1/3/10
#8365882786,2026-09-02 22:43,94923fe7-4521-52ed-b143-ee509e386b2b,승리,6/4/13
#8365882786,2026-09-02 22:43,7e2bfe82-2409-5da9-968b-246723d3b167,승리,10/4/3
#8365882786,2026-09-02 22:43,48a9676c-6f4a-5dfb-9a36-fca24b95153a,승리,5/7/10
#8365882786,2026-09-02 22:43,f5b1b3fc-5819-512f-8fc4-1e3f12e480f4,승리,2/7/16
#8365882786,2026-09-02 22:43,aa2fbfdd-c17f-5e1b-a04e-8567e1c45d5e,패배,5/5/5
#8365882786,2026-09-02 22:43,ce01c0d8-8ebf-57c1-b433-88aa89739103,패배,6/3/11
#8365882786,2026-09-02 22:43,454320a7-8c33-58cc-a8ce-300dd2f3c4b9,패배,6/4/5
#8365882786,2026-09-02 22:43,cac75d28-bc8f-535a-9cba-80d88502dbd1,패배,0/5/17
#8365963858,2026-09-02 23:27,1d7539b5-5566-57d4-b9cd-5158923a589d,승리,4/1/12
#8365963858,2026-09-02 23:27,7e2bfe82-2409-5da9-968b-246723d3b167,패배,3/9/3
#8365963858,2026-09-02 23:27,f5b1b3fc-5819-512f-8fc4-1e3f12e480f4,패배,5/6/7
#8365963858,2026-09-02 23:27,cdbeeaa3-2d54-5732-8cbe-e5643e6561f4,패배,2/3/5
#8365963858,2026-09-02 23:27,454320a7-8c33-58cc-a8ce-300dd2f3c4b9,패배,5/5/4
#8365963858,2026-09-02 23:27,94923fe7-4521-52ed-b143-ee509e386b2b,패배,1/7/6
#8365963858,2026-09-02 23:27,c0f6a404-6917-50b6-9289-79e4fb83e77e,승리,6/2/9
#8365963858,2026-09-02 23:27,ce01c0d8-8ebf-57c1-b433-88aa89739103,승리,14/3/5
#8365963858,2026-09-02 23:27,48a9676c-6f4a-5dfb-9a36-fca24b95153a,승리,5/7/5
#8365963858,2026-09-02 23:27,cac75d28-bc8f-535a-9cba-80d88502dbd1,승리,1/3/13
#8365974779,2026-09-02 23:31,77bb09d0-2c95-596d-885a-3be23112cc76,패배,2/1/3
#8365974779,2026-09-02 23:31,571b9bb0-8cd9-5b9e-81e6-814b49141ad4,패배,1/3/6
#8365974779,2026-09-02 23:31,3712c3ab-a24a-5bf1-85c1-b92c4d68e907,패배,1/4/1
#8365974779,2026-09-02 23:31,a7fe1bb4-32ca-51b2-9048-183e2cb1cce7,패배,6/5/3
#8365974779,2026-09-02 23:31,108ad62e-8642-5e2e-88b4-f0cc8b19efa4,패배,1/8/5
#8365974779,2026-09-02 23:31,3ee03b31-3cfa-5edc-9b02-a6f089749330,승리,3/3/6
#8365974779,2026-09-02 23:31,2bad60d3-3fbc-5408-aed7-02038de352dd,승리,6/3/3
#8365974779,2026-09-02 23:31,3e583936-ec9b-5f86-a923-77adcd637241,승리,0/0/6
#8365974779,2026-09-02 23:31,5e13fc05-ff0c-5435-80dd-63bbd252f467,승리,6/3/8
#8365974779,2026-09-02 23:31,d4ed9d18-939c-549c-92bc-c2accb63a5f0,승리,6/2/11
#8366057296,2026-09-03 00:14,7e2bfe82-2409-5da9-968b-246723d3b167,패배,8/4/0
#8366057296,2026-09-03 00:14,c0f6a404-6917-50b6-9289-79e4fb83e77e,승리,8/4/5
#8366057296,2026-09-03 00:14,606f28cb-0a7f-5055-937b-038613f448a9,승리,5/2/9
#8366057296,2026-09-03 00:14,f6913164-7a0a-5d4f-a898-54665431820b,승리,6/4/7
#8366057296,2026-09-03 00:14,454320a7-8c33-58cc-a8ce-300dd2f3c4b9,승리,10/5/4
#8366057296,2026-09-03 00:14,48a9676c-6f4a-5dfb-9a36-fca24b95153a,승리,1/3/20
#8366057296,2026-09-03 00:14,f5b1b3fc-5819-512f-8fc4-1e3f12e480f4,패배,6/7/5
#8366057296,2026-09-03 00:14,cdbeeaa3-2d54-5732-8cbe-e5643e6561f4,패배,0/6/4
#8366057296,2026-09-03 00:14,8ae70a53-758c-568f-87dd-1f7c60a6b321,패배,1/4/6
#8366057296,2026-09-03 00:14,cac75d28-bc8f-535a-9cba-80d88502dbd1,패배,3/10/9
#8366062506,2026-09-03 00:27,77bb09d0-2c95-596d-885a-3be23112cc76,패배,3/8/7
#8366062506,2026-09-03 00:27,2bad60d3-3fbc-5408-aed7-02038de352dd,패배,15/7/3
#8366062506,2026-09-03 00:27,3e583936-ec9b-5f86-a923-77adcd637241,패배,4/5/12
#8366062506,2026-09-03 00:27,5e13fc05-ff0c-5435-80dd-63bbd252f467,패배,4/7/12
#8366062506,2026-09-03 00:27,3ee03b31-3cfa-5edc-9b02-a6f089749330,패배,4/13/7
#8366062506,2026-09-03 00:27,f77ab658-de62-52da-a1e5-3a0b018e1495,승리,11/7/10
#8366062506,2026-09-03 00:27,108ad62e-8642-5e2e-88b4-f0cc8b19efa4,승리,3/4/25
#8366062506,2026-09-03 00:27,571b9bb0-8cd9-5b9e-81e6-814b49141ad4,승리,4/7/14
#8366062506,2026-09-03 00:27,671680a6-c5c8-5457-a92b-91f0c83bfb91,승리,15/7/13
#8366062506,2026-09-03 00:27,a7fe1bb4-32ca-51b2-9048-183e2cb1cce7,승리,7/5/25
#8366130178,2026-09-03 01:17,606f28cb-0a7f-5055-937b-038613f448a9,승리,6/5/5
#8366130178,2026-09-03 01:17,3e583936-ec9b-5f86-a923-77adcd637241,승리,4/5/10
#8366130178,2026-09-03 01:17,671680a6-c5c8-5457-a92b-91f0c83bfb91,승리,7/4/14
#8366130178,2026-09-03 01:17,8ae70a53-758c-568f-87dd-1f7c60a6b321,승리,10/4/15
#8366130178,2026-09-03 01:17,af3c1609-d379-52f6-98b7-fe36b0ce25ea,승리,1/6/22
#8366130178,2026-09-03 01:17,f77ab658-de62-52da-a1e5-3a0b018e1495,패배,4/4/15
#8366130178,2026-09-03 01:17,108ad62e-8642-5e2e-88b4-f0cc8b19efa4,패배,11/8/9
#8366130178,2026-09-03 01:17,5e13fc05-ff0c-5435-80dd-63bbd252f467,패배,3/2/9
#8366130178,2026-09-03 01:17,f6913164-7a0a-5d4f-a898-54665431820b,패배,6/6/5
#8366130178,2026-09-03 01:17,a7fe1bb4-32ca-51b2-9048-183e2cb1cce7,패배,0/8/18
#8366171539,2026-09-03 02:14,606f28cb-0a7f-5055-937b-038613f448a9,패배,2/3/3
#8366171539,2026-09-03 02:14,f77ab658-de62-52da-a1e5-3a0b018e1495,승리,4/2/5
#8366171539,2026-09-03 02:14,108ad62e-8642-5e2e-88b4-f0cc8b19efa4,승리,1/5/7
#8366171539,2026-09-03 02:14,f6913164-7a0a-5d4f-a898-54665431820b,승리,8/2/5
#8366171539,2026-09-03 02:14,a7fe1bb4-32ca-51b2-9048-183e2cb1cce7,승리,8/2/8
#8366171539,2026-09-03 02:14,5e13fc05-ff0c-5435-80dd-63bbd252f467,승리,3/2/13
#8366171539,2026-09-03 02:14,3e583936-ec9b-5f86-a923-77adcd637241,패배,1/3/3
#8366171539,2026-09-03 02:14,b5380629-d74b-5796-8e72-98a060d864de,패배,3/7/4
#8366171539,2026-09-03 02:14,8ae70a53-758c-568f-87dd-1f7c60a6b321,패배,3/7/5
#8366171539,2026-09-03 02:14,af3c1609-d379-52f6-98b7-fe36b0ce25ea,패배,4/4/4
#8366799180,2026-09-03 20:14,b374355f-b65d-52fe-990b-5e6accd3ae9c,승리,3/7/12
#8366799180,2026-09-03 20:14,571b9bb0-8cd9-5b9e-81e6-814b49141ad4,승리,8/1/12
#8366799180,2026-09-03 20:14,843f6b49-c018-52aa-932e-14bcba62e0cd,승리,1/4/15
#8366799180,2026-09-03 20:14,33d4446b-a1b9-5b44-ae8a-2009b77218d4,승리,12/5/6
#8366799180,2026-09-03 20:14,bc7d9161-a7d7-559a-9a9f-ac3c63c6e84d,승리,2/4/19
#8366799180,2026-09-03 20:14,f77ab658-de62-52da-a1e5-3a0b018e1495,패배,2/3/8
#8366799180,2026-09-03 20:14,c0d32782-292b-5483-9fc0-711fa33cd94f,패배,8/6/8
#8366799180,2026-09-03 20:14,aa2fbfdd-c17f-5e1b-a04e-8567e1c45d5e,패배,3/5/6
#8366799180,2026-09-03 20:14,a7fe1bb4-32ca-51b2-9048-183e2cb1cce7,패배,6/8/6
#8366799180,2026-09-03 20:14,af3c1609-d379-52f6-98b7-fe36b0ce25ea,패배,2/4/15
#8366792555,2026-09-03 20:15,c0f6a404-6917-50b6-9289-79e4fb83e77e,패배,0/4/1
#8366792555,2026-09-03 20:15,5da6f598-fb7f-51f3-98ab-bf2dc8fb1003,패배,3/5/4
#8366792555,2026-09-03 20:15,f5b1b3fc-5819-512f-8fc4-1e3f12e480f4,패배,4/3/0
#8366792555,2026-09-03 20:15,78711887-6c86-5f77-bd13-8f3ca34dc66c,패배,1/7/2
#8366792555,2026-09-03 20:15,aa91628d-1def-593d-862a-968b8287a439,패배,0/6/5
#8366792555,2026-09-03 20:15,3823a606-856c-5a41-9363-697967ef0d50,승리,1/1/3
#8366792555,2026-09-03 20:15,c9456c44-7c1e-5fd7-8907-737737772014,승리,7/1/3
#8366792555,2026-09-03 20:15,b11b38c2-a223-5750-bd79-804eb7882764,승리,9/1/3
#8366792555,2026-09-03 20:15,d4ed9d18-939c-549c-92bc-c2accb63a5f0,승리,3/4/10
#8366792555,2026-09-03 20:15,3e583936-ec9b-5f86-a923-77adcd637241,승리,5/1/7
#8366827842,2026-09-03 20:44,3e583936-ec9b-5f86-a923-77adcd637241,패배,0/4/21
#8366827842,2026-09-03 20:44,5da6f598-fb7f-51f3-98ab-bf2dc8fb1003,패배,4/10/12
#8366827842,2026-09-03 20:44,3823a606-856c-5a41-9363-697967ef0d50,패배,13/12/10
#8366827842,2026-09-03 20:44,c9456c44-7c1e-5fd7-8907-737737772014,패배,14/10/14
#8366827842,2026-09-03 20:44,c0f6a404-6917-50b6-9289-79e4fb83e77e,패배,8/7/22
#8366827842,2026-09-03 20:44,aa91628d-1def-593d-862a-968b8287a439,승리,0/4/28
#8366827842,2026-09-03 20:44,d4ed9d18-939c-549c-92bc-c2accb63a5f0,승리,23/10/11
#8366827842,2026-09-03 20:44,f5b1b3fc-5819-512f-8fc4-1e3f12e480f4,승리,6/12/18
#8366827842,2026-09-03 20:44,b11b38c2-a223-5750-bd79-804eb7882764,승리,12/5/14
#8366827842,2026-09-03 20:44,78711887-6c86-5f77-bd13-8f3ca34dc66c,승리,2/8/28
#8366862526,2026-09-03 21:03,f77ab658-de62-52da-a1e5-3a0b018e1495,승리,4/5/9
#8366862526,2026-09-03 21:03,571b9bb0-8cd9-5b9e-81e6-814b49141ad4,승리,9/4/12
#8366862526,2026-09-03 21:03,843f6b49-c018-52aa-932e-14bcba62e0cd,승리,9/3/13
#8366862526,2026-09-03 21:03,b374355f-b65d-52fe-990b-5e6accd3ae9c,승리,9/6/9
#8366862526,2026-09-03 21:03,bc7d9161-a7d7-559a-9a9f-ac3c63c6e84d,승리,1/4/21
#8366862526,2026-09-03 21:03,aa2fbfdd-c17f-5e1b-a04e-8567e1c45d5e,패배,0/6/8
#8366862526,2026-09-03 21:03,c0d32782-292b-5483-9fc0-711fa33cd94f,패배,9/8/3
#8366862526,2026-09-03 21:03,a7fe1bb4-32ca-51b2-9048-183e2cb1cce7,패배,3/5/4
#8366862526,2026-09-03 21:03,33d4446b-a1b9-5b44-ae8a-2009b77218d4,패배,3/7/5
#8366862526,2026-09-03 21:03,af3c1609-d379-52f6-98b7-fe36b0ce25ea,패배,7/6/9
#8366916756,2026-09-03 21:35,3e583936-ec9b-5f86-a923-77adcd637241,승리,1/0/7
#8366916756,2026-09-03 21:35,c9456c44-7c1e-5fd7-8907-737737772014,승리,9/2/10
#8366916756,2026-09-03 21:35,c0f6a404-6917-50b6-9289-79e4fb83e77e,승리,14/0/10
#8366916756,2026-09-03 21:35,3823a606-856c-5a41-9363-697967ef0d50,승리,2/3/10
#8366916756,2026-09-03 21:35,f5b1b3fc-5819-512f-8fc4-1e3f12e480f4,승리,3/3/15
#8366916756,2026-09-03 21:35,d4ed9d18-939c-549c-92bc-c2accb63a5f0,패배,0/5/0
#8366916756,2026-09-03 21:35,5da6f598-fb7f-51f3-98ab-bf2dc8fb1003,패배,4/11/0
#8366916756,2026-09-03 21:35,b11b38c2-a223-5750-bd79-804eb7882764,패배,0/4/6
#8366916756,2026-09-03 21:35,aa91628d-1def-593d-862a-968b8287a439,패배,4/4/2
#8366916756,2026-09-03 21:35,78711887-6c86-5f77-bd13-8f3ca34dc66c,패배,0/5/4
#8366955577,2026-09-03 21:54,aa2fbfdd-c17f-5e1b-a04e-8567e1c45d5e,승리,1/3/8
#8366955577,2026-09-03 21:54,33d4446b-a1b9-5b44-ae8a-2009b77218d4,승리,5/5/13
#8366955577,2026-09-03 21:54,843f6b49-c018-52aa-932e-14bcba62e0cd,승리,9/2/14
#8366955577,2026-09-03 21:54,b374355f-b65d-52fe-990b-5e6accd3ae9c,승리,12/8/4
#8366955577,2026-09-03 21:54,bc7d9161-a7d7-559a-9a9f-ac3c63c6e84d,승리,1/8/17
#8366955577,2026-09-03 21:54,f77ab658-de62-52da-a1e5-3a0b018e1495,패배,2/4/10
#8366955577,2026-09-03 21:54,571b9bb0-8cd9-5b9e-81e6-814b49141ad4,패배,7/8/5
#8366955577,2026-09-03 21:54,c0d32782-292b-5483-9fc0-711fa33cd94f,패배,2/8/4
#8366955577,2026-09-03 21:54,a7fe1bb4-32ca-51b2-9048-183e2cb1cce7,패배,15/6/5
#8366955577,2026-09-03 21:54,af3c1609-d379-52f6-98b7-fe36b0ce25ea,패배,0/2/21
#8366997672,2026-09-03 22:16,b0eaa8e9-4c21-5666-83bf-cfbd56778a18,승리,1/6/11
#8366997672,2026-09-03 22:16,cdbeeaa3-2d54-5732-8cbe-e5643e6561f4,승리,12/4/18
#8366997672,2026-09-03 22:16,3e583936-ec9b-5f86-a923-77adcd637241,승리,14/2/18
#8366997672,2026-09-03 22:16,702dbc2f-105c-5ec9-b414-b980ad393153,승리,16/6/23
#8366997672,2026-09-03 22:16,aa91628d-1def-593d-862a-968b8287a439,승리,7/7/28
#8366997672,2026-09-03 22:16,35b8b885-dcc0-5630-a98e-6bcd3d1a7b42,패배,10/5/3
#8366997672,2026-09-03 22:16,fc0f19c9-c655-5915-ad47-0ef0d2bff998,패배,0/11/8
#8366997672,2026-09-03 22:16,d4ed9d18-939c-549c-92bc-c2accb63a5f0,패배,11/9/4
#8366997672,2026-09-03 22:16,1197e8f5-daec-5145-854e-a6f73237afc8,패배,3/12/7
#8366997672,2026-09-03 22:16,f5b1b3fc-5819-512f-8fc4-1e3f12e480f4,패배,1/13/12
#8367044473,2026-09-03 22:42,571b9bb0-8cd9-5b9e-81e6-814b49141ad4,승리,10/6/16
#8367044473,2026-09-03 22:42,33d4446b-a1b9-5b44-ae8a-2009b77218d4,승리,13/10/9
#8367044473,2026-09-03 22:42,843f6b49-c018-52aa-932e-14bcba62e0cd,승리,3/10/16
#8367044473,2026-09-03 22:42,a7fe1bb4-32ca-51b2-9048-183e2cb1cce7,승리,15/11/7
#8367044473,2026-09-03 22:42,aa2fbfdd-c17f-5e1b-a04e-8567e1c45d5e,승리,2/6/24
#8367044473,2026-09-03 22:42,b374355f-b65d-52fe-990b-5e6accd3ae9c,패배,8/10/5
#8367044473,2026-09-03 22:42,f77ab658-de62-52da-a1e5-3a0b018e1495,패배,12/7/12
#8367044473,2026-09-03 22:42,af3c1609-d379-52f6-98b7-fe36b0ce25ea,패배,7/6/16
#8367044473,2026-09-03 22:42,c0d32782-292b-5483-9fc0-711fa33cd94f,패배,15/11/10
#8367044473,2026-09-03 22:42,bc7d9161-a7d7-559a-9a9f-ac3c63c6e84d,패배,1/9/27
#8367092474,2026-09-03 23:05,fc0f19c9-c655-5915-ad47-0ef0d2bff998,패배,4/9/6
#8367092474,2026-09-03 23:05,cdbeeaa3-2d54-5732-8cbe-e5643e6561f4,패배,8/6/6
#8367092474,2026-09-03 23:05,3e583936-ec9b-5f86-a923-77adcd637241,패배,4/9/14
#8367092474,2026-09-03 23:05,1197e8f5-daec-5145-854e-a6f73237afc8,패배,6/10/12
#8367092474,2026-09-03 23:05,aa91628d-1def-593d-862a-968b8287a439,패배,4/7/14
#8367092474,2026-09-03 23:05,31e88dc8-bc4a-5b0e-b7f0-9d47bec34024,승리,15/4/3
#8367092474,2026-09-03 23:05,b0eaa8e9-4c21-5666-83bf-cfbd56778a18,승리,6/7/9
#8367092474,2026-09-03 23:05,d4ed9d18-939c-549c-92bc-c2accb63a5f0,승리,8/7/15
#8367092474,2026-09-03 23:05,702dbc2f-105c-5ec9-b414-b980ad393153,승리,12/4/15
#8367092474,2026-09-03 23:05,f5b1b3fc-5819-512f-8fc4-1e3f12e480f4,승리,0/6/27
#8367163552,2026-09-03 23:47,aa2fbfdd-c17f-5e1b-a04e-8567e1c45d5e,패배,1/5/5
#8367163552,2026-09-03 23:47,c2a8194b-cccc-5bba-bac3-a20a7086b973,패배,2/10/8
#8367163552,2026-09-03 23:47,3823a606-856c-5a41-9363-697967ef0d50,패배,7/6/4
#8367163552,2026-09-03 23:47,48a9676c-6f4a-5dfb-9a36-fca24b95153a,패배,3/6/6
#8367163552,2026-09-03 23:47,108ad62e-8642-5e2e-88b4-f0cc8b19efa4,패배,2/8/6
#8367163552,2026-09-03 23:47,f77ab658-de62-52da-a1e5-3a0b018e1495,승리,9/2/8
#8367163552,2026-09-03 23:47,2bad60d3-3fbc-5408-aed7-02038de352dd,승리,4/2/19
#8367163552,2026-09-03 23:47,a7fe1bb4-32ca-51b2-9048-183e2cb1cce7,승리,8/3/11
#8367163552,2026-09-03 23:47,72e917d7-9f4e-52b2-82ad-8c7d8741ad78,승리,13/3/6
#8367163552,2026-09-03 23:47,af3c1609-d379-52f6-98b7-fe36b0ce25ea,승리,1/6/27
#8367237537,2026-09-04 00:32,f77ab658-de62-52da-a1e5-3a0b018e1495,승리,8/5/13
#8367237537,2026-09-04 00:32,2bad60d3-3fbc-5408-aed7-02038de352dd,승리,4/5/11
#8367237537,2026-09-04 00:32,a7fe1bb4-32ca-51b2-9048-183e2cb1cce7,승리,14/3/11
#8367237537,2026-09-04 00:32,72e917d7-9f4e-52b2-82ad-8c7d8741ad78,승리,14/4/14
#8367237537,2026-09-04 00:32,af3c1609-d379-52f6-98b7-fe36b0ce25ea,승리,3/2/24
#8367237537,2026-09-04 00:32,3823a606-856c-5a41-9363-697967ef0d50,패배,7/6/3
#8367237537,2026-09-04 00:32,108ad62e-8642-5e2e-88b4-f0cc8b19efa4,패배,3/8/7
#8367237537,2026-09-04 00:32,454320a7-8c33-58cc-a8ce-300dd2f3c4b9,패배,2/4/6
#8367237537,2026-09-04 00:32,c2a8194b-cccc-5bba-bac3-a20a7086b973,패배,6/7/5
#8367237537,2026-09-04 00:32,48a9676c-6f4a-5dfb-9a36-fca24b95153a,패배,1/18/6
#8367284652,2026-09-04 01:18,3e583936-ec9b-5f86-a923-77adcd637241,승리,5/4/4
#8367284652,2026-09-04 01:18,2bad60d3-3fbc-5408-aed7-02038de352dd,승리,10/6/10
#8367284652,2026-09-04 01:18,a7fe1bb4-32ca-51b2-9048-183e2cb1cce7,승리,7/4/4
#8367284652,2026-09-04 01:18,72e917d7-9f4e-52b2-82ad-8c7d8741ad78,승리,9/8/14
#8367284652,2026-09-04 01:18,af3c1609-d379-52f6-98b7-fe36b0ce25ea,승리,2/4/21
#8367284652,2026-09-04 01:18,f77ab658-de62-52da-a1e5-3a0b018e1495,패배,2/6/7
#8367284652,2026-09-04 01:18,108ad62e-8642-5e2e-88b4-f0cc8b19efa4,패배,8/9/5
#8367284652,2026-09-04 01:18,454320a7-8c33-58cc-a8ce-300dd2f3c4b9,패배,8/5/5
#8367284652,2026-09-04 01:18,48a9676c-6f4a-5dfb-9a36-fca24b95153a,패배,3/5/8
#8367284652,2026-09-04 01:18,3823a606-856c-5a41-9363-697967ef0d50,패배,5/8/8
#8368017520,2026-09-04 20:20,aa2fbfdd-c17f-5e1b-a04e-8567e1c45d5e,패배,4/2/5
#8368017520,2026-09-04 20:20,fa6d5ea3-c57a-500a-9f4d-c2c1e9265684,패배,10/5/4
#8368017520,2026-09-04 20:20,b0eaa8e9-4c21-5666-83bf-cfbd56778a18,패배,3/5/5
#8368017520,2026-09-04 20:20,5b3bf88d-076a-5339-9317-e6e1ba821cad,패배,0/6/8
#8368017520,2026-09-04 20:20,3189601c-1e82-5dbd-b304-d034803ccfa2,패배,1/8/5
#8368017520,2026-09-04 20:20,2988b6ec-4d8c-5cf7-88ea-be08c42a1416,승리,7/3/6
#8368017520,2026-09-04 20:20,f5b1b3fc-5819-512f-8fc4-1e3f12e480f4,승리,1/6/17
#8368017520,2026-09-04 20:20,d4ed9d18-939c-549c-92bc-c2accb63a5f0,승리,7/4/9
#8368017520,2026-09-04 20:20,48a9676c-6f4a-5dfb-9a36-fca24b95153a,승리,8/2/12
#8368017520,2026-09-04 20:20,af3c1609-d379-52f6-98b7-fe36b0ce25ea,승리,3/3/19
#8368006997,2026-09-04 20:22,15e34f7e-6eb9-5638-b11d-47284ddad510,승리,7/4/9
#8368006997,2026-09-04 20:22,c0d32782-292b-5483-9fc0-711fa33cd94f,승리,9/2/13
#8368006997,2026-09-04 20:22,fd30acf7-dfb6-55e3-8ee1-8463244a92d5,승리,6/3/8
#8368006997,2026-09-04 20:22,7194b576-83cd-53a8-bd90-250ef2973cb2,승리,12/4/13
#8368006997,2026-09-04 20:22,bc7d9161-a7d7-559a-9a9f-ac3c63c6e84d,승리,0/1/24
#8368006997,2026-09-04 20:22,c4c8cdc0-24db-5def-9120-c0eae39625cb,패배,4/7/2
#8368006997,2026-09-04 20:22,3712c3ab-a24a-5bf1-85c1-b92c4d68e907,패배,0/8/7
#8368006997,2026-09-04 20:22,7e2bfe82-2409-5da9-968b-246723d3b167,패배,8/7/3
#8368006997,2026-09-04 20:22,1197e8f5-daec-5145-854e-a6f73237afc8,패배,1/7/6
#8368006997,2026-09-04 20:22,fc0f19c9-c655-5915-ad47-0ef0d2bff998,패배,1/5/8
#8368019622,2026-09-04 20:24,1b9aa7ca-461b-5d31-8834-7816dd82589b,패배,5/4/8
#8368019622,2026-09-04 20:24,3ee03b31-3cfa-5edc-9b02-a6f089749330,승리,7/4/3
#8368019622,2026-09-04 20:24,571b9bb0-8cd9-5b9e-81e6-814b49141ad4,승리,8/1/6
#8368019622,2026-09-04 20:24,f6913164-7a0a-5d4f-a898-54665431820b,승리,10/5/10
#8368019622,2026-09-04 20:24,aa91628d-1def-593d-862a-968b8287a439,승리,5/4/10
#8368019622,2026-09-04 20:24,97e307f3-f84d-5b46-9ac5-b8edba86bfa5,승리,0/8/12
#8368019622,2026-09-04 20:24,676f3610-d9c9-5727-a5bd-d93aac82cad2,패배,2/8/3
#8368019622,2026-09-04 20:24,f77ab658-de62-52da-a1e5-3a0b018e1495,패배,11/6/3
#8368019622,2026-09-04 20:24,79079bf7-8099-53bc-93f8-ea308ffd9170,패배,4/5/6
#8368019622,2026-09-04 20:24,1f538f56-a518-52c5-bb47-38b1b42846d6,패배,0/7/11
#8368019652,2026-09-04 20:26,33d4446b-a1b9-5b44-ae8a-2009b77218d4,승리,9/1/5
#8368019652,2026-09-04 20:26,,승리,10/2/10
#8368019652,2026-09-04 20:26,454320a7-8c33-58cc-a8ce-300dd2f3c4b9,승리,1/1/6
#8368019652,2026-09-04 20:26,702dbc2f-105c-5ec9-b414-b980ad393153,승리,8/1/4
#8368019652,2026-09-04 20:26,bf515608-1608-5c9f-91bb-25b56f3b1050,승리,0/2/15
#8368019652,2026-09-04 20:26,898843b8-3f65-555f-9dcb-d566ebcd206e,패배,1/7/0
#8368019652,2026-09-04 20:26,94923fe7-4521-52ed-b143-ee509e386b2b,패배,1/5/4
#8368019652,2026-09-04 20:26,d18ec7c7-d61a-58b8-98d9-ee36e9b5ce58,패배,4/8/1
#8368019652,2026-09-04 20:26,a7fe1bb4-32ca-51b2-9048-183e2cb1cce7,패배,1/3/3
#8368019652,2026-09-04 20:26,e9d0d0eb-059e-55a4-8a8a-32d53b61f2fc,패배,0/5/4
#8368082434,2026-09-04 21:02,898843b8-3f65-555f-9dcb-d566ebcd206e,패배,4/7/6
#8368082434,2026-09-04 21:02,94923fe7-4521-52ed-b143-ee509e386b2b,패배,7/8/5
#8368082434,2026-09-04 21:02,d18ec7c7-d61a-58b8-98d9-ee36e9b5ce58,패배,1/10/4
#8368082434,2026-09-04 21:02,a7fe1bb4-32ca-51b2-9048-183e2cb1cce7,패배,4/8/4
#8368082434,2026-09-04 21:02,e9d0d0eb-059e-55a4-8a8a-32d53b61f2fc,패배,0/6/8
#8368082434,2026-09-04 21:02,33d4446b-a1b9-5b44-ae8a-2009b77218d4,승리,5/4/11
#8368082434,2026-09-04 21:02,,승리,15/3/16
#8368082434,2026-09-04 21:02,454320a7-8c33-58cc-a8ce-300dd2f3c4b9,승리,9/2/17
#8368082434,2026-09-04 21:02,702dbc2f-105c-5ec9-b414-b980ad393153,승리,10/2/15
#8368082434,2026-09-04 21:02,bf515608-1608-5c9f-91bb-25b56f3b1050,승리,0/5/15
#8368080667,2026-09-04 21:03,f5b1b3fc-5819-512f-8fc4-1e3f12e480f4,승리,1/5/4
#8368080667,2026-09-04 21:03,2988b6ec-4d8c-5cf7-88ea-be08c42a1416,승리,10/0/12
#8368080667,2026-09-04 21:03,d4ed9d18-939c-549c-92bc-c2accb63a5f0,승리,11/2/8
#8368080667,2026-09-04 21:03,48a9676c-6f4a-5dfb-9a36-fca24b95153a,승리,4/1/10
#8368080667,2026-09-04 21:03,af3c1609-d379-52f6-98b7-fe36b0ce25ea,승리,1/3/15
#8368080667,2026-09-04 21:03,aa2fbfdd-c17f-5e1b-a04e-8567e1c45d5e,패배,1/4/7
#8368080667,2026-09-04 21:03,fa6d5ea3-c57a-500a-9f4d-c2c1e9265684,패배,5/5/1
#8368080667,2026-09-04 21:03,b0eaa8e9-4c21-5666-83bf-cfbd56778a18,패배,2/7/3
#8368080667,2026-09-04 21:03,5b3bf88d-076a-5339-9317-e6e1ba821cad,패배,2/5/2
#8368080667,2026-09-04 21:03,3189601c-1e82-5dbd-b304-d034803ccfa2,패배,1/6/4
#8368097234,2026-09-04 21:06,c4c8cdc0-24db-5def-9120-c0eae39625cb,승리,3/4/7
#8368097234,2026-09-04 21:06,7e2bfe82-2409-5da9-968b-246723d3b167,승리,5/3/11
#8368097234,2026-09-04 21:06,fc0f19c9-c655-5915-ad47-0ef0d2bff998,승리,5/1/5
#8368097234,2026-09-04 21:06,1197e8f5-daec-5145-854e-a6f73237afc8,승리,11/4/2
#8368097234,2026-09-04 21:06,3712c3ab-a24a-5bf1-85c1-b92c4d68e907,승리,1/3/17
#8368097234,2026-09-04 21:06,15e34f7e-6eb9-5638-b11d-47284ddad510,패배,4/4/3
#8368097234,2026-09-04 21:06,c0d32782-292b-5483-9fc0-711fa33cd94f,패배,4/5/5
#8368097234,2026-09-04 21:06,fd30acf7-dfb6-55e3-8ee1-8463244a92d5,패배,4/4/2
#8368097234,2026-09-04 21:06,7194b576-83cd-53a8-bd90-250ef2973cb2,패배,3/7/7
#8368097234,2026-09-04 21:06,bc7d9161-a7d7-559a-9a9f-ac3c63c6e84d,패배,0/5/12
#8368091769,2026-09-04 21:10,1b9aa7ca-461b-5d31-8834-7816dd82589b,승리,4/2/11
#8368091769,2026-09-04 21:10,676f3610-d9c9-5727-a5bd-d93aac82cad2,승리,8/3/4
#8368091769,2026-09-04 21:10,79079bf7-8099-53bc-93f8-ea308ffd9170,승리,10/5/7
#8368091769,2026-09-04 21:10,f77ab658-de62-52da-a1e5-3a0b018e1495,승리,8/5/10
#8368091769,2026-09-04 21:10,1f538f56-a518-52c5-bb47-38b1b42846d6,승리,2/4/15
#8368091769,2026-09-04 21:10,3ee03b31-3cfa-5edc-9b02-a6f089749330,패배,4/5/4
#8368091769,2026-09-04 21:10,571b9bb0-8cd9-5b9e-81e6-814b49141ad4,패배,6/7/3
#8368091769,2026-09-04 21:10,f6913164-7a0a-5d4f-a898-54665431820b,패배,1/5/5
#8368091769,2026-09-04 21:10,aa91628d-1def-593d-862a-968b8287a439,패배,7/8/1
#8368091769,2026-09-04 21:10,97e307f3-f84d-5b46-9ac5-b8edba86bfa5,패배,1/7/8
#8368168756,2026-09-04 21:52,15e34f7e-6eb9-5638-b11d-47284ddad510,승리,4/3/10
#8368168756,2026-09-04 21:52,c0d32782-292b-5483-9fc0-711fa33cd94f,승리,12/1/4
#8368168756,2026-09-04 21:52,fd30acf7-dfb6-55e3-8ee1-8463244a92d5,승리,5/2/11
#8368168756,2026-09-04 21:52,7194b576-83cd-53a8-bd90-250ef2973cb2,승리,10/4/14
#8368168756,2026-09-04 21:52,bc7d9161-a7d7-559a-9a9f-ac3c63c6e84d,승리,2/6/23
#8368168756,2026-09-04 21:52,c4c8cdc0-24db-5def-9120-c0eae39625cb,패배,4/8/4
#8368168756,2026-09-04 21:52,7e2bfe82-2409-5da9-968b-246723d3b167,패배,6/7/3
#8368168756,2026-09-04 21:52,fc0f19c9-c655-5915-ad47-0ef0d2bff998,패배,5/6/4
#8368168756,2026-09-04 21:52,1197e8f5-daec-5145-854e-a6f73237afc8,패배,1/6/7
#8368168756,2026-09-04 21:52,3712c3ab-a24a-5bf1-85c1-b92c4d68e907,패배,0/6/10
#8368171871,2026-09-04 21:54,1b9aa7ca-461b-5d31-8834-7816dd82589b,승리,5/6/18
#8368171871,2026-09-04 21:54,3ee03b31-3cfa-5edc-9b02-a6f089749330,패배,7/7/6
#8368171871,2026-09-04 21:54,571b9bb0-8cd9-5b9e-81e6-814b49141ad4,패배,12/5/11
#8368171871,2026-09-04 21:54,f6913164-7a0a-5d4f-a898-54665431820b,패배,2/9/17
#8368171871,2026-09-04 21:54,aa91628d-1def-593d-862a-968b8287a439,패배,15/6/11
#8368171871,2026-09-04 21:54,97e307f3-f84d-5b46-9ac5-b8edba86bfa5,패배,2/5/19
#8368171871,2026-09-04 21:54,676f3610-d9c9-5727-a5bd-d93aac82cad2,승리,7/7/12
#8368171871,2026-09-04 21:54,79079bf7-8099-53bc-93f8-ea308ffd9170,승리,12/9/10
#8368171871,2026-09-04 21:54,f77ab658-de62-52da-a1e5-3a0b018e1495,승리,5/8/15
#8368171871,2026-09-04 21:54,1f538f56-a518-52c5-bb47-38b1b42846d6,승리,3/8/13
#8368270272,2026-09-04 22:36,15e34f7e-6eb9-5638-b11d-47284ddad510,패배,0/11/6
#8368270272,2026-09-04 22:36,c0d32782-292b-5483-9fc0-711fa33cd94f,패배,4/5/6
#8368270272,2026-09-04 22:36,fd30acf7-dfb6-55e3-8ee1-8463244a92d5,패배,5/6/4
#8368270272,2026-09-04 22:36,7194b576-83cd-53a8-bd90-250ef2973cb2,패배,6/10/1
#8368270272,2026-09-04 22:36,bc7d9161-a7d7-559a-9a9f-ac3c63c6e84d,패배,1/6/12
#8368270272,2026-09-04 22:36,d4ed9d18-939c-549c-92bc-c2accb63a5f0,승리,10/3/7
#8368270272,2026-09-04 22:36,2988b6ec-4d8c-5cf7-88ea-be08c42a1416,승리,12/6/17
#8368270272,2026-09-04 22:36,f5b1b3fc-5819-512f-8fc4-1e3f12e480f4,승리,4/6/16
#8368270272,2026-09-04 22:36,48a9676c-6f4a-5dfb-9a36-fca24b95153a,승리,11/1/13
#8368270272,2026-09-04 22:36,af3c1609-d379-52f6-98b7-fe36b0ce25ea,승리,1/1/25
#8368286385,2026-09-04 22:50,7e2bfe82-2409-5da9-968b-246723d3b167,승리,6/8/8
#8368286385,2026-09-04 22:50,c4c8cdc0-24db-5def-9120-c0eae39625cb,패배,4/7/5
#8368286385,2026-09-04 22:50,fa6d5ea3-c57a-500a-9f4d-c2c1e9265684,패배,13/8/9
#8368286385,2026-09-04 22:50,d18ec7c7-d61a-58b8-98d9-ee36e9b5ce58,패배,9/6/12
#8368286385,2026-09-04 22:50,fc0f19c9-c655-5915-ad47-0ef0d2bff998,패배,4/7/7
#8368286385,2026-09-04 22:50,cac75d28-bc8f-535a-9cba-80d88502dbd1,패배,4/5/12
#8368286385,2026-09-04 22:50,3823a606-856c-5a41-9363-697967ef0d50,승리,13/6/5
#8368286385,2026-09-04 22:50,a7fe1bb4-32ca-51b2-9048-183e2cb1cce7,승리,10/7/14
#8368286385,2026-09-04 22:50,aa91628d-1def-593d-862a-968b8287a439,승리,3/7/16
#8368286385,2026-09-04 22:50,f16dd14b-4d23-5799-b821-a3bc8ca71761,승리,1/6/15
#8368302358,2026-09-04 22:50,1b9aa7ca-461b-5d31-8834-7816dd82589b,패배,3/8/12
#8368302358,2026-09-04 22:50,33d4446b-a1b9-5b44-ae8a-2009b77218d4,승리,16/5/14
#8368302358,2026-09-04 22:50,13ca2497-f4c2-5b18-bafa-158562dec463,승리,5/8/14
#8368302358,2026-09-04 22:50,454320a7-8c33-58cc-a8ce-300dd2f3c4b9,승리,6/6/14
#8368302358,2026-09-04 22:50,702dbc2f-105c-5ec9-b414-b980ad393153,승리,7/4/14
#8368302358,2026-09-04 22:50,bf515608-1608-5c9f-91bb-25b56f3b1050,승리,1/8/19
#8368302358,2026-09-04 22:50,676f3610-d9c9-5727-a5bd-d93aac82cad2,패배,5/10/3
#8368302358,2026-09-04 22:50,79079bf7-8099-53bc-93f8-ea308ffd9170,패배,18/7/6
#8368302358,2026-09-04 22:50,f77ab658-de62-52da-a1e5-3a0b018e1495,패배,5/5/8
#8368302358,2026-09-04 22:50,1f538f56-a518-52c5-bb47-38b1b42846d6,패배,0/5/18
#8368406633,2026-09-04 23:40,33d4446b-a1b9-5b44-ae8a-2009b77218d4,패배,4/8/4
#8368406633,2026-09-04 23:40,f691451d-87d3-5db5-94cf-22971436cf70,패배,13/6/7
#8368406633,2026-09-04 23:40,454320a7-8c33-58cc-a8ce-300dd2f3c4b9,패배,8/9/9
#8368406633,2026-09-04 23:40,702dbc2f-105c-5ec9-b414-b980ad393153,패배,4/8/6
#8368406633,2026-09-04 23:40,bf515608-1608-5c9f-91bb-25b56f3b1050,패배,1/6/13
#8368406633,2026-09-04 23:40,af3c1609-d379-52f6-98b7-fe36b0ce25ea,승리,5/5/18
#8368406633,2026-09-04 23:40,2988b6ec-4d8c-5cf7-88ea-be08c42a1416,승리,9/5/13
#8368406633,2026-09-04 23:40,d4ed9d18-939c-549c-92bc-c2accb63a5f0,승리,17/8/8
#8368406633,2026-09-04 23:40,48a9676c-6f4a-5dfb-9a36-fca24b95153a,승리,5/5/13
#8368406633,2026-09-04 23:40,f5b1b3fc-5819-512f-8fc4-1e3f12e480f4,승리,1/7/18
#8368401550,2026-09-04 23:42,7e2bfe82-2409-5da9-968b-246723d3b167,패배,10/8/9
#8368401550,2026-09-04 23:42,aa91628d-1def-593d-862a-968b8287a439,승리,9/8/16
#8368401550,2026-09-04 23:42,fa6d5ea3-c57a-500a-9f4d-c2c1e9265684,승리,18/4/20
#8368401550,2026-09-04 23:42,d18ec7c7-d61a-58b8-98d9-ee36e9b5ce58,승리,7/5/18
#8368401550,2026-09-04 23:42,fc0f19c9-c655-5915-ad47-0ef0d2bff998,승리,18/9/18
#8368401550,2026-09-04 23:42,f16dd14b-4d23-5799-b821-a3bc8ca71761,승리,3/6/32
#8368401550,2026-09-04 23:42,c4c8cdc0-24db-5def-9120-c0eae39625cb,패배,5/10/7
#8368401550,2026-09-04 23:42,a7fe1bb4-32ca-51b2-9048-183e2cb1cce7,패배,12/9/12
#8368401550,2026-09-04 23:42,3823a606-856c-5a41-9363-697967ef0d50,패배,4/13/11
#8368401550,2026-09-04 23:42,cac75d28-bc8f-535a-9cba-80d88502dbd1,패배,1/15/20
#8368507027,2026-09-05 00:23,f5b1b3fc-5819-512f-8fc4-1e3f12e480f4,패배,2/11/12
#8368507027,2026-09-05 00:23,2988b6ec-4d8c-5cf7-88ea-be08c42a1416,패배,11/7/18
#8368507027,2026-09-05 00:23,d4ed9d18-939c-549c-92bc-c2accb63a5f0,패배,7/5/10
#8368507027,2026-09-05 00:23,48a9676c-6f4a-5dfb-9a36-fca24b95153a,패배,12/4/10
#8368507027,2026-09-05 00:23,af3c1609-d379-52f6-98b7-fe36b0ce25ea,패배,6/7/22
#8368507027,2026-09-05 00:23,f691451d-87d3-5db5-94cf-22971436cf70,승리,8/7/8
#8368507027,2026-09-05 00:23,702dbc2f-105c-5ec9-b414-b980ad393153,승리,3/10/10
#8368507027,2026-09-05 00:23,33d4446b-a1b9-5b44-ae8a-2009b77218d4,승리,17/7/10
#8368507027,2026-09-05 00:23,454320a7-8c33-58cc-a8ce-300dd2f3c4b9,승리,6/6/14
#8368507027,2026-09-05 00:23,bf515608-1608-5c9f-91bb-25b56f3b1050,승리,0/8/13
#8368534064,2026-09-05 00:41,7e2bfe82-2409-5da9-968b-246723d3b167,승리,9/5/6
#8368534064,2026-09-05 00:41,a7fe1bb4-32ca-51b2-9048-183e2cb1cce7,패배,3/3/4
#8368534064,2026-09-05 00:41,fa6d5ea3-c57a-500a-9f4d-c2c1e9265684,패배,6/8/8
#8368534064,2026-09-05 00:41,d18ec7c7-d61a-58b8-98d9-ee36e9b5ce58,패배,9/9/2
#8368534064,2026-09-05 00:41,fc0f19c9-c655-5915-ad47-0ef0d2bff998,패배,10/6/4
#8368534064,2026-09-05 00:41,f16dd14b-4d23-5799-b821-a3bc8ca71761,패배,0/6/16
#8368534064,2026-09-05 00:41,3823a606-856c-5a41-9363-697967ef0d50,승리,7/4/4
#8368534064,2026-09-05 00:41,bc7d9161-a7d7-559a-9a9f-ac3c63c6e84d,승리,8/5/12
#8368534064,2026-09-05 00:41,aa91628d-1def-593d-862a-968b8287a439,승리,6/7/10
#8368534064,2026-09-05 00:41,cac75d28-bc8f-535a-9cba-80d88502dbd1,승리,2/7/11
#8368584643,2026-09-05 01:12,f691451d-87d3-5db5-94cf-22971436cf70,승리,4/3/7
#8368584643,2026-09-05 01:12,702dbc2f-105c-5ec9-b414-b980ad393153,승리,7/1/16
#8368584643,2026-09-05 01:12,454320a7-8c33-58cc-a8ce-300dd2f3c4b9,승리,8/2/12
#8368584643,2026-09-05 01:12,33d4446b-a1b9-5b44-ae8a-2009b77218d4,승리,12/3/10
#8368584643,2026-09-05 01:12,bf515608-1608-5c9f-91bb-25b56f3b1050,승리,2/1/19
#8368584643,2026-09-05 01:12,d4ed9d18-939c-549c-92bc-c2accb63a5f0,패배,3/8/2
#8368584643,2026-09-05 01:12,2988b6ec-4d8c-5cf7-88ea-be08c42a1416,패배,3/7/4
#8368584643,2026-09-05 01:12,af3c1609-d379-52f6-98b7-fe36b0ce25ea,패배,2/3/1
#8368584643,2026-09-05 01:12,48a9676c-6f4a-5dfb-9a36-fca24b95153a,패배,0/7/6
#8368584643,2026-09-05 01:12,f5b1b3fc-5819-512f-8fc4-1e3f12e480f4,패배,2/8/4
#8368594891,2026-09-05 01:25,7e2bfe82-2409-5da9-968b-246723d3b167,승리,19/7/9
#8368594891,2026-09-05 01:25,a7fe1bb4-32ca-51b2-9048-183e2cb1cce7,패배,5/4/10
#8368594891,2026-09-05 01:25,fa6d5ea3-c57a-500a-9f4d-c2c1e9265684,패배,4/6/12
#8368594891,2026-09-05 01:25,d18ec7c7-d61a-58b8-98d9-ee36e9b5ce58,패배,5/13/8
#8368594891,2026-09-05 01:25,fc0f19c9-c655-5915-ad47-0ef0d2bff998,패배,12/11/2
#8368594891,2026-09-05 01:25,f16dd14b-4d23-5799-b821-a3bc8ca71761,패배,0/8/15
#8368594891,2026-09-05 01:25,bc7d9161-a7d7-559a-9a9f-ac3c63c6e84d,승리,2/7/4
#8368594891,2026-09-05 01:25,ce01c0d8-8ebf-57c1-b433-88aa89739103,승리,6/5/18
#8368594891,2026-09-05 01:25,aa91628d-1def-593d-862a-968b8287a439,승리,15/3/14
#8368594891,2026-09-05 01:25,cac75d28-bc8f-535a-9cba-80d88502dbd1,승리,0/4/28
#8368679003,2026-09-05 02:12,1d7539b5-5566-57d4-b9cd-5158923a589d,승리,13/7/7
#8368679003,2026-09-05 02:12,a7fe1bb4-32ca-51b2-9048-183e2cb1cce7,패배,0/4/6
#8368679003,2026-09-05 02:12,ce01c0d8-8ebf-57c1-b433-88aa89739103,패배,13/7/4
#8368679003,2026-09-05 02:12,d18ec7c7-d61a-58b8-98d9-ee36e9b5ce58,패배,8/4/8
#8368679003,2026-09-05 02:12,aa91628d-1def-593d-862a-968b8287a439,패배,9/6/6
#8368679003,2026-09-05 02:12,cac75d28-bc8f-535a-9cba-80d88502dbd1,패배,1/7/11
#8368679003,2026-09-05 02:12,7e2bfe82-2409-5da9-968b-246723d3b167,승리,11/3/10
#8368679003,2026-09-05 02:12,bc7d9161-a7d7-559a-9a9f-ac3c63c6e84d,승리,3/9/5
#8368679003,2026-09-05 02:12,fc0f19c9-c655-5915-ad47-0ef0d2bff998,승리,1/9/14
#8368679003,2026-09-05 02:12,f16dd14b-4d23-5799-b821-a3bc8ca71761,승리,0/3/17
#8368711977,2026-09-05 03:04,1d7539b5-5566-57d4-b9cd-5158923a589d,패배,0/4/1
#8368711977,2026-09-05 03:04,77a65121-6eb2-5e4a-af35-c55ad40ec191,승리,3/1/2
#8368711977,2026-09-05 03:04,ce01c0d8-8ebf-57c1-b433-88aa89739103,승리,3/0/3
#8368711977,2026-09-05 03:04,7e2bfe82-2409-5da9-968b-246723d3b167,승리,5/2/1
#8368711977,2026-09-05 03:04,aa91628d-1def-593d-862a-968b8287a439,승리,7/1/1
#8368711977,2026-09-05 03:04,bc7d9161-a7d7-559a-9a9f-ac3c63c6e84d,승리,0/1/9
#8368711977,2026-09-05 03:04,31e88dc8-bc4a-5b0e-b7f0-9d47bec34024,패배,1/4/0
#8368711977,2026-09-05 03:04,a7fe1bb4-32ca-51b2-9048-183e2cb1cce7,패배,2/3/3
#8368711977,2026-09-05 03:04,d18ec7c7-d61a-58b8-98d9-ee36e9b5ce58,패배,2/4/0
#8368711977,2026-09-05 03:04,15e34f7e-6eb9-5638-b11d-47284ddad510,패배,0/3/3
#8368739777,2026-09-05 03:35,1d7539b5-5566-57d4-b9cd-5158923a589d,패배,2/5/12
#8368739777,2026-09-05 03:35,7e2bfe82-2409-5da9-968b-246723d3b167,승리,14/5/5
#8368739777,2026-09-05 03:35,ce01c0d8-8ebf-57c1-b433-88aa89739103,승리,5/2/15
#8368739777,2026-09-05 03:35,d18ec7c7-d61a-58b8-98d9-ee36e9b5ce58,승리,7/5/10
#8368739777,2026-09-05 03:35,48a9676c-6f4a-5dfb-9a36-fca24b95153a,승리,6/2/12
#8368739777,2026-09-05 03:35,15e34f7e-6eb9-5638-b11d-47284ddad510,승리,0/6/15
#8368739777,2026-09-05 03:35,31e88dc8-bc4a-5b0e-b7f0-9d47bec34024,패배,3/10/4
#8368739777,2026-09-05 03:35,77a65121-6eb2-5e4a-af35-c55ad40ec191,패배,3/8/12
#8368739777,2026-09-05 03:35,a7fe1bb4-32ca-51b2-9048-183e2cb1cce7,패배,2/5/8
#8368739777,2026-09-05 03:35,f32b7e39-e110-5981-824f-907aa25cf6cc,패배,10/4/6
#8368764783,2026-09-05 04:27,1d7539b5-5566-57d4-b9cd-5158923a589d,승리,2/9/18
#8368764783,2026-09-05 04:27,31e88dc8-bc4a-5b0e-b7f0-9d47bec34024,승리,5/3/11
#8368764783,2026-09-05 04:27,a7fe1bb4-32ca-51b2-9048-183e2cb1cce7,승리,6/5/19
#8368764783,2026-09-05 04:27,15e34f7e-6eb9-5638-b11d-47284ddad510,승리,8/5/10
#8368764783,2026-09-05 04:27,f32b7e39-e110-5981-824f-907aa25cf6cc,승리,13/8/11
#8368764783,2026-09-05 04:27,77a65121-6eb2-5e4a-af35-c55ad40ec191,패배,2/8/9
#8368764783,2026-09-05 04:27,b5380629-d74b-5796-8e72-98a060d864de,패배,6/7/11
#8368764783,2026-09-05 04:27,d18ec7c7-d61a-58b8-98d9-ee36e9b5ce58,패배,5/4/15
#8368764783,2026-09-05 04:27,48a9676c-6f4a-5dfb-9a36-fca24b95153a,패배,8/5/11
#8368764783,2026-09-05 04:27,f691451d-87d3-5db5-94cf-22971436cf70,패배,9/10/11
#8369096273,2026-09-05 14:15,0a7b4119-42e6-502f-afa3-80e33dde1025,패배,2/3/3
#8369096273,2026-09-05 14:15,702dbc2f-105c-5ec9-b414-b980ad393153,승리,3/3/7
#8369096273,2026-09-05 14:15,c9456c44-7c1e-5fd7-8907-737737772014,승리,5/4/6
#8369096273,2026-09-05 14:15,26583f10-50a4-5f03-b49b-8c3d8acfac5d,승리,2/4/7
#8369096273,2026-09-05 14:15,3ecbcaa4-8cf5-5e3f-94c0-89d8af23ee8b,승리,12/5/7
#8369096273,2026-09-05 14:15,a2cff7d6-9172-5eb9-aa2d-56c3f2b0182f,승리,4/6/9
#8369096273,2026-09-05 14:15,676f3610-d9c9-5727-a5bd-d93aac82cad2,패배,6/3/4
#8369096273,2026-09-05 14:15,c0f6a404-6917-50b6-9289-79e4fb83e77e,패배,7/4/8
#8369096273,2026-09-05 14:15,48a9676c-6f4a-5dfb-9a36-fca24b95153a,패배,7/8/4
#8369096273,2026-09-05 14:15,aa91628d-1def-593d-862a-968b8287a439,패배,0/8/7
#8369151757,2026-09-05 15:07,0a7b4119-42e6-502f-afa3-80e33dde1025,패배,3/8/3
#8369151757,2026-09-05 15:07,26583f10-50a4-5f03-b49b-8c3d8acfac5d,승리,7/1/9
#8369151757,2026-09-05 15:07,c9456c44-7c1e-5fd7-8907-737737772014,승리,13/3/12
#8369151757,2026-09-05 15:07,a2cff7d6-9172-5eb9-aa2d-56c3f2b0182f,승리,8/4/19
#8369151757,2026-09-05 15:07,702dbc2f-105c-5ec9-b414-b980ad393153,승리,11/4/9
#8369151757,2026-09-05 15:07,aa91628d-1def-593d-862a-968b8287a439,승리,6/4/24
#8369151757,2026-09-05 15:07,48a9676c-6f4a-5dfb-9a36-fca24b95153a,패배,1/8/2
#8369151757,2026-09-05 15:07,676f3610-d9c9-5727-a5bd-d93aac82cad2,패배,6/10/2
#8369151757,2026-09-05 15:07,c0f6a404-6917-50b6-9289-79e4fb83e77e,패배,5/7/5
#8369151757,2026-09-05 15:07,3ecbcaa4-8cf5-5e3f-94c0-89d8af23ee8b,패배,1/12/10
#8369223573,2026-09-05 15:52,0a7b4119-42e6-502f-afa3-80e33dde1025,패배,1/6/3
#8369223573,2026-09-05 15:52,c9456c44-7c1e-5fd7-8907-737737772014,패배,1/4/2
#8369223573,2026-09-05 15:52,a2cff7d6-9172-5eb9-aa2d-56c3f2b0182f,패배,6/4/3
#8369223573,2026-09-05 15:52,3ecbcaa4-8cf5-5e3f-94c0-89d8af23ee8b,패배,1/7/2
#8369223573,2026-09-05 15:52,aa91628d-1def-593d-862a-968b8287a439,패배,1/7/1
#8369223573,2026-09-05 15:52,676f3610-d9c9-5727-a5bd-d93aac82cad2,승리,3/4/5
#8369223573,2026-09-05 15:52,702dbc2f-105c-5ec9-b414-b980ad393153,승리,7/2/8
#8369223573,2026-09-05 15:52,c0f6a404-6917-50b6-9289-79e4fb83e77e,승리,4/0/3
#8369223573,2026-09-05 15:52,48a9676c-6f4a-5dfb-9a36-fca24b95153a,승리,11/3/6
#8369223573,2026-09-05 15:52,bc7d9161-a7d7-559a-9a9f-ac3c63c6e84d,승리,3/1/17
#8369273668,2026-09-05 16:28,3ecbcaa4-8cf5-5e3f-94c0-89d8af23ee8b,승리,6/7/7
#8369273668,2026-09-05 16:28,fd30acf7-dfb6-55e3-8ee1-8463244a92d5,패배,3/10/0
#8369273668,2026-09-05 16:28,702dbc2f-105c-5ec9-b414-b980ad393153,패배,1/8/9
#8369273668,2026-09-05 16:28,a2cff7d6-9172-5eb9-aa2d-56c3f2b0182f,패배,4/7/5
#8369273668,2026-09-05 16:28,48a9676c-6f4a-5dfb-9a36-fca24b95153a,패배,7/8/4
#8369273668,2026-09-05 16:28,aa91628d-1def-593d-862a-968b8287a439,패배,3/5/10
#8369273668,2026-09-05 16:28,676f3610-d9c9-5727-a5bd-d93aac82cad2,승리,10/3/4
#8369273668,2026-09-05 16:28,3e583936-ec9b-5f86-a923-77adcd637241,승리,7/3/11
#8369273668,2026-09-05 16:28,c0f6a404-6917-50b6-9289-79e4fb83e77e,승리,15/3/6
#8369273668,2026-09-05 16:28,bc7d9161-a7d7-559a-9a9f-ac3c63c6e84d,승리,0/2/22
#8369507629,2026-09-05 19:16,6a4f5512-0b22-5bd1-ae85-8d8c07d751ab,승리,1/5/16
#8369507629,2026-09-05 19:16,b374355f-b65d-52fe-990b-5e6accd3ae9c,승리,8/5/11
#8369507629,2026-09-05 19:16,fd30acf7-dfb6-55e3-8ee1-8463244a92d5,승리,8/2/13
#8369507629,2026-09-05 19:16,fc0f19c9-c655-5915-ad47-0ef0d2bff998,승리,11/3/11
#8369507629,2026-09-05 19:16,aa91628d-1def-593d-862a-968b8287a439,승리,5/7/17
#8369507629,2026-09-05 19:16,4f8efa45-702e-52f6-88b5-e6c3859449ef,패배,2/6/3
#8369507629,2026-09-05 19:16,3e583936-ec9b-5f86-a923-77adcd637241,패배,5/7/7
#8369507629,2026-09-05 19:16,0ee60f4b-da36-5bcc-b534-35a32e576204,패배,5/7/5
#8369507629,2026-09-05 19:16,7e2bfe82-2409-5da9-968b-246723d3b167,패배,8/6/5
#8369507629,2026-09-05 19:16,bc7d9161-a7d7-559a-9a9f-ac3c63c6e84d,패배,2/7/11
#8369591258,2026-09-05 20:06,6a4f5512-0b22-5bd1-ae85-8d8c07d751ab,패배,1/5/3
#8369591258,2026-09-05 20:06,4f8efa45-702e-52f6-88b5-e6c3859449ef,패배,5/4/3
#8369591258,2026-09-05 20:06,fd30acf7-dfb6-55e3-8ee1-8463244a92d5,패배,1/7/2
#8369591258,2026-09-05 20:06,aa91628d-1def-593d-862a-968b8287a439,패배,4/4/2
#8369591258,2026-09-05 20:06,bc7d9161-a7d7-559a-9a9f-ac3c63c6e84d,패배,0/3/6
#8369591258,2026-09-05 20:06,3e583936-ec9b-5f86-a923-77adcd637241,승리,5/1/3
#8369591258,2026-09-05 20:06,0ee60f4b-da36-5bcc-b534-35a32e576204,승리,6/0/9
#8369591258,2026-09-05 20:06,b374355f-b65d-52fe-990b-5e6accd3ae9c,승리,8/5/7
#8369591258,2026-09-05 20:06,7e2bfe82-2409-5da9-968b-246723d3b167,승리,3/4/5
#8369591258,2026-09-05 20:06,fc0f19c9-c655-5915-ad47-0ef0d2bff998,승리,1/1/9
#8369657793,2026-09-05 20:54,7e2bfe82-2409-5da9-968b-246723d3b167,승리,6/1/3
#8369657793,2026-09-05 20:54,b374355f-b65d-52fe-990b-5e6accd3ae9c,패배,1/7/1
#8369657793,2026-09-05 20:54,3e583936-ec9b-5f86-a923-77adcd637241,패배,2/7/3
#8369657793,2026-09-05 20:54,f691451d-87d3-5db5-94cf-22971436cf70,패배,2/2/1
#8369657793,2026-09-05 20:54,fd30acf7-dfb6-55e3-8ee1-8463244a92d5,패배,3/6/1
#8369657793,2026-09-05 20:54,bc7d9161-a7d7-559a-9a9f-ac3c63c6e84d,패배,1/6/4
#8369657793,2026-09-05 20:54,f5b1b3fc-5819-512f-8fc4-1e3f12e480f4,승리,15/3/7
#8369657793,2026-09-05 20:54,0ee60f4b-da36-5bcc-b534-35a32e576204,승리,1/1/6
#8369657793,2026-09-05 20:54,ee518a69-d821-5732-b8a7-455b20154db9,승리,4/2/13
#8369657793,2026-09-05 20:54,aa91628d-1def-593d-862a-968b8287a439,승리,2/2/18
#8369657793,2026-09-05 20:54,aa91628d-1def-593d-862a-968b8287a439,승리,2/2/18
#8369657793,2026-09-05 20:54,b374355f-b65d-52fe-990b-5e6accd3ae9c,패배,1/7/1
#8369657793,2026-09-05 20:54,3e583936-ec9b-5f86-a923-77adcd637241,패배,2/7/3
#8369657793,2026-09-05 20:54,f691451d-87d3-5db5-94cf-22971436cf70,패배,2/2/1
#8369657793,2026-09-05 20:54,fd30acf7-dfb6-55e3-8ee1-8463244a92d5,패배,3/6/1
#8369657793,2026-09-05 20:54,bc7d9161-a7d7-559a-9a9f-ac3c63c6e84d,패배,1/6/4
#8369657793,2026-09-05 20:54,7e2bfe82-2409-5da9-968b-246723d3b167,승리,6/1/3
#8369657793,2026-09-05 20:54,f5b1b3fc-5819-512f-8fc4-1e3f12e480f4,승리,15/3/7
#8369657793,2026-09-05 20:54,0ee60f4b-da36-5bcc-b534-35a32e576204,승리,1/1/6
#8369657793,2026-09-05 20:54,ee518a69-d821-5732-b8a7-455b20154db9,승리,4/2/13
#8369730737,2026-09-05 21:32,7e2bfe82-2409-5da9-968b-246723d3b167,승리,10/9/9
#8369730737,2026-09-05 21:32,b374355f-b65d-52fe-990b-5e6accd3ae9c,패배,6/7/4
#8369730737,2026-09-05 21:32,bc7d9161-a7d7-559a-9a9f-ac3c63c6e84d,패배,5/3/11
#8369730737,2026-09-05 21:32,0ee60f4b-da36-5bcc-b534-35a32e576204,패배,13/7/7
#8369730737,2026-09-05 21:32,f691451d-87d3-5db5-94cf-22971436cf70,패배,6/8/6
#8369730737,2026-09-05 21:32,aa91628d-1def-593d-862a-968b8287a439,패배,0/9/14
#8369730737,2026-09-05 21:32,3e583936-ec9b-5f86-a923-77adcd637241,승리,4/5/4
#8369730737,2026-09-05 21:32,f5b1b3fc-5819-512f-8fc4-1e3f12e480f4,승리,7/7/14
#8369730737,2026-09-05 21:32,ee518a69-d821-5732-b8a7-455b20154db9,승리,12/4/14
#8369730737,2026-09-05 21:32,af3c1609-d379-52f6-98b7-fe36b0ce25ea,승리,1/6/22
#8369751537,2026-09-05 21:41,2988b6ec-4d8c-5cf7-88ea-be08c42a1416,패배,6/3/1
#8369751537,2026-09-05 21:41,671680a6-c5c8-5457-a92b-91f0c83bfb91,패배,2/6/6
#8369751537,2026-09-05 21:41,33d4446b-a1b9-5b44-ae8a-2009b77218d4,패배,1/4/5
#8369751537,2026-09-05 21:41,48a9676c-6f4a-5dfb-9a36-fca24b95153a,패배,2/8/2
#8369751537,2026-09-05 21:41,cac75d28-bc8f-535a-9cba-80d88502dbd1,패배,1/8/5
#8369751537,2026-09-05 21:41,3e247e02-ecab-5b32-a0e2-6ded375a6e34,승리,3/4/5
#8369751537,2026-09-05 21:41,c3676598-0c77-5790-93fe-66649df34cdb,승리,4/2/9
#8369751537,2026-09-05 21:41,f6913164-7a0a-5d4f-a898-54665431820b,승리,10/2/8
#8369751537,2026-09-05 21:41,702dbc2f-105c-5ec9-b414-b980ad393153,승리,12/4/9
#8369751537,2026-09-05 21:41,cdbeeaa3-2d54-5732-8cbe-e5643e6561f4,승리,0/0/23
#8369820486,2026-09-05 22:14,7e2bfe82-2409-5da9-968b-246723d3b167,패배,2/2/0
#8369820486,2026-09-05 22:14,b374355f-b65d-52fe-990b-5e6accd3ae9c,승리,2/2/2
#8369820486,2026-09-05 22:14,f691451d-87d3-5db5-94cf-22971436cf70,승리,10/1/2
#8369820486,2026-09-05 22:14,f5b1b3fc-5819-512f-8fc4-1e3f12e480f4,승리,2/1/6
#8369820486,2026-09-05 22:14,ee518a69-d821-5732-b8a7-455b20154db9,승리,2/0/3
#8369820486,2026-09-05 22:14,af3c1609-d379-52f6-98b7-fe36b0ce25ea,승리,1/0/6
#8369820486,2026-09-05 22:14,bc7d9161-a7d7-559a-9a9f-ac3c63c6e84d,패배,1/4/0
#8369820486,2026-09-05 22:14,3e583936-ec9b-5f86-a923-77adcd637241,패배,1/2/1
#8369820486,2026-09-05 22:14,aa91628d-1def-593d-862a-968b8287a439,패배,0/3/0
#8369820486,2026-09-05 22:14,0ee60f4b-da36-5bcc-b534-35a32e576204,패배,0/6/0
#8369820486,2026-09-05 22:14,aa91628d-1def-593d-862a-968b8287a439,패배,0/3/0
#8369820486,2026-09-05 22:14,b374355f-b65d-52fe-990b-5e6accd3ae9c,승리,2/2/2
#8369820486,2026-09-05 22:14,f691451d-87d3-5db5-94cf-22971436cf70,승리,10/1/2
#8369820486,2026-09-05 22:14,f5b1b3fc-5819-512f-8fc4-1e3f12e480f4,승리,2/1/6
#8369820486,2026-09-05 22:14,ee518a69-d821-5732-b8a7-455b20154db9,승리,2/0/3
#8369820486,2026-09-05 22:14,af3c1609-d379-52f6-98b7-fe36b0ce25ea,승리,1/0/6
#8369820486,2026-09-05 22:14,bc7d9161-a7d7-559a-9a9f-ac3c63c6e84d,패배,1/4/0
#8369820486,2026-09-05 22:14,7e2bfe82-2409-5da9-968b-246723d3b167,패배,2/2/0
#8369820486,2026-09-05 22:14,3e583936-ec9b-5f86-a923-77adcd637241,패배,1/2/1
#8369820486,2026-09-05 22:14,0ee60f4b-da36-5bcc-b534-35a32e576204,패배,0/6/0
#8369852331,2026-09-05 22:25,1b9aa7ca-461b-5d31-8834-7816dd82589b,패배,2/12/4
#8369852331,2026-09-05 22:25,3e247e02-ecab-5b32-a0e2-6ded375a6e34,승리,9/5/13
#8369852331,2026-09-05 22:25,671680a6-c5c8-5457-a92b-91f0c83bfb91,승리,5/1/22
#8369852331,2026-09-05 22:25,33d4446b-a1b9-5b44-ae8a-2009b77218d4,승리,11/3/14
#8369852331,2026-09-05 22:25,702dbc2f-105c-5ec9-b414-b980ad393153,승리,14/6/11
#8369852331,2026-09-05 22:25,cac75d28-bc8f-535a-9cba-80d88502dbd1,승리,2/2/23
#8369852331,2026-09-05 22:25,2988b6ec-4d8c-5cf7-88ea-be08c42a1416,패배,6/4/3
#8369852331,2026-09-05 22:25,f6913164-7a0a-5d4f-a898-54665431820b,패배,2/6/4
#8369852331,2026-09-05 22:25,48a9676c-6f4a-5dfb-9a36-fca24b95153a,패배,7/7/3
#8369852331,2026-09-05 22:25,cdbeeaa3-2d54-5732-8cbe-e5643e6561f4,패배,0/12/10
#8369910365,2026-09-05 22:50,7e2bfe82-2409-5da9-968b-246723d3b167,승리,15/6/4
#8369910365,2026-09-05 22:50,ce01c0d8-8ebf-57c1-b433-88aa89739103,승리,6/1/14
#8369910365,2026-09-05 22:50,0ee60f4b-da36-5bcc-b534-35a32e576204,승리,10/1/9
#8369910365,2026-09-05 22:50,1197e8f5-daec-5145-854e-a6f73237afc8,승리,6/5/8
#8369910365,2026-09-05 22:50,aa91628d-1def-593d-862a-968b8287a439,승리,3/4/12
#8369910365,2026-09-05 22:50,b374355f-b65d-52fe-990b-5e6accd3ae9c,패배,3/11/4
#8369910365,2026-09-05 22:50,3e583936-ec9b-5f86-a923-77adcd637241,패배,9/8/2
#8369910365,2026-09-05 22:50,f691451d-87d3-5db5-94cf-22971436cf70,패배,1/10/1
#8369910365,2026-09-05 22:50,fc0f19c9-c655-5915-ad47-0ef0d2bff998,패배,3/6/5
#8369910365,2026-09-05 22:50,bc7d9161-a7d7-559a-9a9f-ac3c63c6e84d,패배,1/5/9
#8369942710,2026-09-05 23:10,1b9aa7ca-461b-5d31-8834-7816dd82589b,승리,4/8/8
#8369942710,2026-09-05 23:10,33d4446b-a1b9-5b44-ae8a-2009b77218d4,패배,5/8/5
#8369942710,2026-09-05 23:10,2988b6ec-4d8c-5cf7-88ea-be08c42a1416,패배,5/5/7
#8369942710,2026-09-05 23:10,3e247e02-ecab-5b32-a0e2-6ded375a6e34,패배,3/3/5
#8369942710,2026-09-05 23:10,48a9676c-6f4a-5dfb-9a36-fca24b95153a,패배,6/3/2
#8369942710,2026-09-05 23:10,cdbeeaa3-2d54-5732-8cbe-e5643e6561f4,패배,0/5/12
#8369942710,2026-09-05 23:10,671680a6-c5c8-5457-a92b-91f0c83bfb91,승리,8/0/8
#8369942710,2026-09-05 23:10,f6913164-7a0a-5d4f-a898-54665431820b,승리,2/5/12
#8369942710,2026-09-05 23:10,702dbc2f-105c-5ec9-b414-b980ad393153,승리,9/3/7
#8369942710,2026-09-05 23:10,cac75d28-bc8f-535a-9cba-80d88502dbd1,승리,0/3/18
#8370052322,2026-09-05 23:55,1b9aa7ca-461b-5d31-8834-7816dd82589b,승리,5/7/13
#8370052322,2026-09-05 23:55,cdbeeaa3-2d54-5732-8cbe-e5643e6561f4,패배,5/7/6
#8370052322,2026-09-05 23:55,33d4446b-a1b9-5b44-ae8a-2009b77218d4,패배,6/10/9
#8370052322,2026-09-05 23:55,f6913164-7a0a-5d4f-a898-54665431820b,패배,7/4/4
#8370052322,2026-09-05 23:55,48a9676c-6f4a-5dfb-9a36-fca24b95153a,패배,6/5/7
#8370052322,2026-09-05 23:55,cac75d28-bc8f-535a-9cba-80d88502dbd1,패배,0/6/13
#8370052322,2026-09-05 23:55,3e247e02-ecab-5b32-a0e2-6ded375a6e34,승리,4/8/11
#8370052322,2026-09-05 23:55,671680a6-c5c8-5457-a92b-91f0c83bfb91,승리,12/3/9
#8370052322,2026-09-05 23:55,702dbc2f-105c-5ec9-b414-b980ad393153,승리,11/4/8
#8370052322,2026-09-05 23:55,af3c1609-d379-52f6-98b7-fe36b0ce25ea,승리,0/2/22
#8370156336,2026-09-06 00:49,1b9aa7ca-461b-5d31-8834-7816dd82589b,패배,2/5/4
#8370156336,2026-09-06 00:49,1f538f56-a518-52c5-bb47-38b1b42846d6,패배,2/8/5
#8370156336,2026-09-06 00:49,cac75d28-bc8f-535a-9cba-80d88502dbd1,패배,5/2/4
#8370156336,2026-09-06 00:49,33d4446b-a1b9-5b44-ae8a-2009b77218d4,패배,8/7/7
#8370156336,2026-09-06 00:49,aa91628d-1def-593d-862a-968b8287a439,패배,1/9/14
#8370156336,2026-09-06 00:49,7e2bfe82-2409-5da9-968b-246723d3b167,승리,7/2/8
#8370156336,2026-09-06 00:49,2bad60d3-3fbc-5408-aed7-02038de352dd,승리,5/2/17
#8370156336,2026-09-06 00:49,cdbeeaa3-2d54-5732-8cbe-e5643e6561f4,승리,2/3/14
#8370156336,2026-09-06 00:49,48a9676c-6f4a-5dfb-9a36-fca24b95153a,승리,15/5/8
#8370156336,2026-09-06 00:49,af3c1609-d379-52f6-98b7-fe36b0ce25ea,승리,2/6/20
#8370239114,2026-09-06 01:34,1b9aa7ca-461b-5d31-8834-7816dd82589b,패배,1/5/13
#8370239114,2026-09-06 01:34,aa91628d-1def-593d-862a-968b8287a439,패배,6/8/4
#8370239114,2026-09-06 01:34,33d4446b-a1b9-5b44-ae8a-2009b77218d4,패배,12/8/7
#8370239114,2026-09-06 01:34,cdbeeaa3-2d54-5732-8cbe-e5643e6561f4,패배,2/7/8
#8370239114,2026-09-06 01:34,af3c1609-d379-52f6-98b7-fe36b0ce25ea,패배,3/8/16
#8370239114,2026-09-06 01:34,1f538f56-a518-52c5-bb47-38b1b42846d6,승리,4/5/9
#8370239114,2026-09-06 01:34,2bad60d3-3fbc-5408-aed7-02038de352dd,승리,6/5/18
#8370239114,2026-09-06 01:34,7e2bfe82-2409-5da9-968b-246723d3b167,승리,17/3/5
#8370239114,2026-09-06 01:34,48a9676c-6f4a-5dfb-9a36-fca24b95153a,승리,7/6/9
#8370239114,2026-09-06 01:34,cac75d28-bc8f-535a-9cba-80d88502dbd1,승리,2/5/16
#8370307184,2026-09-06 02:20,1b9aa7ca-461b-5d31-8834-7816dd82589b,패배,1/11/18
#8370307184,2026-09-06 02:20,af3c1609-d379-52f6-98b7-fe36b0ce25ea,패배,2/4/12
#8370307184,2026-09-06 02:20,2bad60d3-3fbc-5408-aed7-02038de352dd,패배,5/9/12
#8370307184,2026-09-06 02:20,33d4446b-a1b9-5b44-ae8a-2009b77218d4,패배,18/7/4
#8370307184,2026-09-06 02:20,1f538f56-a518-52c5-bb47-38b1b42846d6,패배,2/7/15
#8370307184,2026-09-06 02:20,7e2bfe82-2409-5da9-968b-246723d3b167,승리,8/8/10
#8370307184,2026-09-06 02:20,3e583936-ec9b-5f86-a923-77adcd637241,승리,5/5/16
#8370307184,2026-09-06 02:20,cdbeeaa3-2d54-5732-8cbe-e5643e6561f4,승리,5/6/12
#8370307184,2026-09-06 02:20,aa91628d-1def-593d-862a-968b8287a439,승리,15/5/6
#8370307184,2026-09-06 02:20,cac75d28-bc8f-535a-9cba-80d88502dbd1,승리,4/4/16
#8370335903,2026-09-06 03:06,1b9aa7ca-461b-5d31-8834-7816dd82589b,패배,4/11/15
#8370335903,2026-09-06 03:06,2bad60d3-3fbc-5408-aed7-02038de352dd,패배,14/8/12
#8370335903,2026-09-06 03:06,6a4f5512-0b22-5bd1-ae85-8d8c07d751ab,패배,10/7/10
#8370335903,2026-09-06 03:06,aa91628d-1def-593d-862a-968b8287a439,패배,10/15/10
#8370335903,2026-09-06 03:06,cac75d28-bc8f-535a-9cba-80d88502dbd1,패배,1/6/24
#8370335903,2026-09-06 03:06,af3c1609-d379-52f6-98b7-fe36b0ce25ea,승리,11/9/15
#8370335903,2026-09-06 03:06,3e583936-ec9b-5f86-a923-77adcd637241,승리,8/11/25
#8370335903,2026-09-06 03:06,cdbeeaa3-2d54-5732-8cbe-e5643e6561f4,승리,8/6/21
#8370335903,2026-09-06 03:06,33d4446b-a1b9-5b44-ae8a-2009b77218d4,승리,19/7/16
#8370335903,2026-09-06 03:06,f691451d-87d3-5db5-94cf-22971436cf70,승리,1/6/32
#8370377754,2026-09-06 03:59,1b9aa7ca-461b-5d31-8834-7816dd82589b,패배,2/5/1
#8370377754,2026-09-06 03:59,6a4f5512-0b22-5bd1-ae85-8d8c07d751ab,승리,10/3/6
#8370377754,2026-09-06 03:59,3e583936-ec9b-5f86-a923-77adcd637241,승리,7/1/10
#8370377754,2026-09-06 03:59,cdbeeaa3-2d54-5732-8cbe-e5643e6561f4,승리,2/2/7
#8370377754,2026-09-06 03:59,aa91628d-1def-593d-862a-968b8287a439,승리,10/1/9
#8370377754,2026-09-06 03:59,af3c1609-d379-52f6-98b7-fe36b0ce25ea,승리,2/1/18
#8370377754,2026-09-06 03:59,f691451d-87d3-5db5-94cf-22971436cf70,패배,3/8/1
#8370377754,2026-09-06 03:59,f5b1b3fc-5819-512f-8fc4-1e3f12e480f4,패배,2/6/1
#8370377754,2026-09-06 03:59,8ae70a53-758c-568f-87dd-1f7c60a6b321,패배,0/6/2
#8370377754,2026-09-06 03:59,cac75d28-bc8f-535a-9cba-80d88502dbd1,패배,0/6/2
#8371184858,2026-09-06 19:08,30b8a5b1-1f16-5bc1-aa73-125e56aa560c,패배,4/7/6
#8371184858,2026-09-06 19:08,702dbc2f-105c-5ec9-b414-b980ad393153,승리,12/3/1
#8371184858,2026-09-06 19:08,bc7d9161-a7d7-559a-9a9f-ac3c63c6e84d,승리,6/2/11
#8371184858,2026-09-06 19:08,3e247e02-ecab-5b32-a0e2-6ded375a6e34,승리,3/3/9
#8371184858,2026-09-06 19:08,4aa66eba-e75c-5e2e-8981-3451f6f89d18,승리,10/9/7
#8371184858,2026-09-06 19:08,a2cff7d6-9172-5eb9-aa2d-56c3f2b0182f,승리,3/8/17
#8371184858,2026-09-06 19:08,ce01c0d8-8ebf-57c1-b433-88aa89739103,패배,3/7/8
#8371184858,2026-09-06 19:08,c9372432-0fdc-5fd3-b8e6-cbb273ca03fd,패배,6/3/10
#8371184858,2026-09-06 19:08,48a9676c-6f4a-5dfb-9a36-fca24b95153a,패배,11/7/7
#8371184858,2026-09-06 19:08,aa91628d-1def-593d-862a-968b8287a439,패배,1/10/12
#8371256109,2026-09-06 19:48,1d7539b5-5566-57d4-b9cd-5158923a589d,승리,28/5/8
#8371256109,2026-09-06 19:48,77a65121-6eb2-5e4a-af35-c55ad40ec191,승리,1/2/16
#8371256109,2026-09-06 19:48,8ae70a53-758c-568f-87dd-1f7c60a6b321,승리,5/8/12
#8371256109,2026-09-06 19:48,f5b1b3fc-5819-512f-8fc4-1e3f12e480f4,승리,4/12/6
#8371256109,2026-09-06 19:48,f691451d-87d3-5db5-94cf-22971436cf70,승리,2/5/29
#8371256109,2026-09-06 19:48,aa89211b-8e58-50dd-96a7-e9821eddcaae,패배,3/6/6
#8371256109,2026-09-06 19:48,c0d32782-292b-5483-9fc0-711fa33cd94f,패배,16/9/6
#8371256109,2026-09-06 19:48,c0f6a404-6917-50b6-9289-79e4fb83e77e,패배,10/4/10
#8371256109,2026-09-06 19:48,3712c3ab-a24a-5bf1-85c1-b92c4d68e907,패배,3/10/13
#8371256109,2026-09-06 19:48,bf515608-1608-5c9f-91bb-25b56f3b1050,패배,0/11/15
#8371251885,2026-09-06 19:55,30b8a5b1-1f16-5bc1-aa73-125e56aa560c,승리,11/6/12
#8371251885,2026-09-06 19:55,702dbc2f-105c-5ec9-b414-b980ad393153,패배,10/6/8
#8371251885,2026-09-06 19:55,3e247e02-ecab-5b32-a0e2-6ded375a6e34,패배,3/7/13
#8371251885,2026-09-06 19:55,a2cff7d6-9172-5eb9-aa2d-56c3f2b0182f,패배,8/6/7
#8371251885,2026-09-06 19:55,aa91628d-1def-593d-862a-968b8287a439,패배,6/6/8
#8371251885,2026-09-06 19:55,48a9676c-6f4a-5dfb-9a36-fca24b95153a,패배,2/11/15
#8371251885,2026-09-06 19:55,ce01c0d8-8ebf-57c1-b433-88aa89739103,승리,9/7/8
#8371251885,2026-09-06 19:55,c9372432-0fdc-5fd3-b8e6-cbb273ca03fd,승리,6/3/16
#8371251885,2026-09-06 19:55,4aa66eba-e75c-5e2e-8981-3451f6f89d18,승리,10/9/15
#8371251885,2026-09-06 19:55,bc7d9161-a7d7-559a-9a9f-ac3c63c6e84d,승리,0/4/28
#8371331324,2026-09-06 20:35,1d7539b5-5566-57d4-b9cd-5158923a589d,승리,6/7/21
#8371331324,2026-09-06 20:35,c0f6a404-6917-50b6-9289-79e4fb83e77e,승리,18/6/6
#8371331324,2026-09-06 20:35,bf515608-1608-5c9f-91bb-25b56f3b1050,승리,6/15/12
#8371331324,2026-09-06 20:35,3712c3ab-a24a-5bf1-85c1-b92c4d68e907,승리,12/8/17
#8371331324,2026-09-06 20:35,77a65121-6eb2-5e4a-af35-c55ad40ec191,승리,7/8/21
#8371331324,2026-09-06 20:35,aa89211b-8e58-50dd-96a7-e9821eddcaae,패배,5/12/15
#8371331324,2026-09-06 20:35,f5b1b3fc-5819-512f-8fc4-1e3f12e480f4,패배,12/9/12
#8371331324,2026-09-06 20:35,8ae70a53-758c-568f-87dd-1f7c60a6b321,패배,13/7/21
#8371331324,2026-09-06 20:35,c0d32782-292b-5483-9fc0-711fa33cd94f,패배,11/8/12
#8371331324,2026-09-06 20:35,f691451d-87d3-5db5-94cf-22971436cf70,패배,3/13/22
#8371350244,2026-09-06 20:42,30b8a5b1-1f16-5bc1-aa73-125e56aa560c,승리,9/0/2
#8371350244,2026-09-06 20:42,3e247e02-ecab-5b32-a0e2-6ded375a6e34,패배,1/5/0
#8371350244,2026-09-06 20:42,ce01c0d8-8ebf-57c1-b433-88aa89739103,패배,0/3/4
#8371350244,2026-09-06 20:42,f6913164-7a0a-5d4f-a898-54665431820b,패배,6/3/0
#8371350244,2026-09-06 20:42,702dbc2f-105c-5ec9-b414-b980ad393153,패배,1/4/2
#8371350244,2026-09-06 20:42,aa91628d-1def-593d-862a-968b8287a439,패배,0/5/4
#8371350244,2026-09-06 20:42,4aa66eba-e75c-5e2e-8981-3451f6f89d18,승리,4/2/2
#8371350244,2026-09-06 20:42,c9372432-0fdc-5fd3-b8e6-cbb273ca03fd,승리,1/1/3
#8371350244,2026-09-06 20:42,48a9676c-6f4a-5dfb-9a36-fca24b95153a,승리,6/2/5
#8371350244,2026-09-06 20:42,bc7d9161-a7d7-559a-9a9f-ac3c63c6e84d,승리,0/3/12
#8371410175,2026-09-06 21:12,30b8a5b1-1f16-5bc1-aa73-125e56aa560c,승리,10/5/7
#8371410175,2026-09-06 21:12,33d4446b-a1b9-5b44-ae8a-2009b77218d4,패배,0/5/0
#8371410175,2026-09-06 21:12,ce01c0d8-8ebf-57c1-b433-88aa89739103,패배,1/3/5
#8371410175,2026-09-06 21:12,f6913164-7a0a-5d4f-a898-54665431820b,패배,5/4/1
#8371410175,2026-09-06 21:12,702dbc2f-105c-5ec9-b414-b980ad393153,패배,5/10/6
#8371410175,2026-09-06 21:12,48a9676c-6f4a-5dfb-9a36-fca24b95153a,패배,2/9/8
#8371410175,2026-09-06 21:12,aa2fbfdd-c17f-5e1b-a04e-8567e1c45d5e,승리,5/0/2
#8371410175,2026-09-06 21:12,c9372432-0fdc-5fd3-b8e6-cbb273ca03fd,승리,2/1/11
#8371410175,2026-09-06 21:12,3e247e02-ecab-5b32-a0e2-6ded375a6e34,승리,14/3/7
#8371410175,2026-09-06 21:12,bc7d9161-a7d7-559a-9a9f-ac3c63c6e84d,승리,0/4/22
#8371462477,2026-09-06 21:42,1d7539b5-5566-57d4-b9cd-5158923a589d,승리,6/2/10
#8371462477,2026-09-06 21:42,aa89211b-8e58-50dd-96a7-e9821eddcaae,승리,2/0/2
#8371462477,2026-09-06 21:42,f691451d-87d3-5db5-94cf-22971436cf70,승리,8/5/23
#8371462477,2026-09-06 21:42,c0f6a404-6917-50b6-9289-79e4fb83e77e,승리,27/2/8
#8371462477,2026-09-06 21:42,f5b1b3fc-5819-512f-8fc4-1e3f12e480f4,승리,0/3/25
#8371462477,2026-09-06 21:42,77bb09d0-2c95-596d-885a-3be23112cc76,패배,0/2/1
#8371462477,2026-09-06 21:42,c0d32782-292b-5483-9fc0-711fa33cd94f,패배,3/14/6
#8371462477,2026-09-06 21:42,77a65121-6eb2-5e4a-af35-c55ad40ec191,패배,4/10/4
#8371462477,2026-09-06 21:42,8ae70a53-758c-568f-87dd-1f7c60a6b321,패배,5/8/2
#8371462477,2026-09-06 21:42,bf515608-1608-5c9f-91bb-25b56f3b1050,패배,0/9/10
#8371497578,2026-09-06 21:56,30b8a5b1-1f16-5bc1-aa73-125e56aa560c,패배,7/4/6
#8371497578,2026-09-06 21:56,ce01c0d8-8ebf-57c1-b433-88aa89739103,패배,3/7/4
#8371497578,2026-09-06 21:56,c9372432-0fdc-5fd3-b8e6-cbb273ca03fd,패배,4/4/6
#8371497578,2026-09-06 21:56,33d4446b-a1b9-5b44-ae8a-2009b77218d4,패배,7/4/4
#8371497578,2026-09-06 21:56,3e247e02-ecab-5b32-a0e2-6ded375a6e34,패배,0/8/11
#8371497578,2026-09-06 21:56,7e2bfe82-2409-5da9-968b-246723d3b167,승리,6/8/8
#8371497578,2026-09-06 21:56,2bad60d3-3fbc-5408-aed7-02038de352dd,승리,10/2/5
#8371497578,2026-09-06 21:56,f6913164-7a0a-5d4f-a898-54665431820b,승리,7/2/6
#8371497578,2026-09-06 21:56,48a9676c-6f4a-5dfb-9a36-fca24b95153a,승리,3/3/10
#8371497578,2026-09-06 21:56,aa2fbfdd-c17f-5e1b-a04e-8567e1c45d5e,승리,1/6/12
#8371558057,2026-09-06 22:21,1d7539b5-5566-57d4-b9cd-5158923a589d,패배,2/8/5
#8371558057,2026-09-06 22:21,77a65121-6eb2-5e4a-af35-c55ad40ec191,패배,3/6/1
#8371558057,2026-09-06 22:21,f691451d-87d3-5db5-94cf-22971436cf70,패배,10/7/3
#8371558057,2026-09-06 22:21,f5b1b3fc-5819-512f-8fc4-1e3f12e480f4,패배,1/6/7
#8371558057,2026-09-06 22:21,af3c1609-d379-52f6-98b7-fe36b0ce25ea,패배,2/6/8
#8371558057,2026-09-06 22:21,2988b6ec-4d8c-5cf7-88ea-be08c42a1416,승리,7/4/13
#8371558057,2026-09-06 22:21,671680a6-c5c8-5457-a92b-91f0c83bfb91,승리,12/2/9
#8371558057,2026-09-06 22:21,8ae70a53-758c-568f-87dd-1f7c60a6b321,승리,6/5/12
#8371558057,2026-09-06 22:21,0828921a-6693-576c-b1dd-3f0594bbf637,승리,7/1/9
#8371558057,2026-09-06 22:21,bf515608-1608-5c9f-91bb-25b56f3b1050,승리,1/6/18
#8371591435,2026-09-06 22:40,30b8a5b1-1f16-5bc1-aa73-125e56aa560c,패배,3/3/2
#8371591435,2026-09-06 22:40,c0a4bb50-24f8-5d32-b20b-3e2a730399e7,승리,5/2/6
#8371591435,2026-09-06 22:40,2bad60d3-3fbc-5408-aed7-02038de352dd,승리,2/2/10
#8371591435,2026-09-06 22:40,7e2bfe82-2409-5da9-968b-246723d3b167,승리,5/1/3
#8371591435,2026-09-06 22:40,48a9676c-6f4a-5dfb-9a36-fca24b95153a,승리,5/2/4
#8371591435,2026-09-06 22:40,aa2fbfdd-c17f-5e1b-a04e-8567e1c45d5e,승리,0/1/9
#8371591435,2026-09-06 22:40,ce01c0d8-8ebf-57c1-b433-88aa89739103,패배,1/4/0
#8371591435,2026-09-06 22:40,c9372432-0fdc-5fd3-b8e6-cbb273ca03fd,패배,0/5/1
#8371591435,2026-09-06 22:40,f6913164-7a0a-5d4f-a898-54665431820b,패배,4/2/1
#8371591435,2026-09-06 22:40,3e247e02-ecab-5b32-a0e2-6ded375a6e34,패배,0/3/3
#8371651499,2026-09-06 23:11,1d7539b5-5566-57d4-b9cd-5158923a589d,패배,5/5/9
#8371651499,2026-09-06 23:11,3ee03b31-3cfa-5edc-9b02-a6f089749330,패배,4/7/7
#8371651499,2026-09-06 23:11,2988b6ec-4d8c-5cf7-88ea-be08c42a1416,패배,8/2/11
#8371651499,2026-09-06 23:11,8ae70a53-758c-568f-87dd-1f7c60a6b321,패배,5/6/8
#8371651499,2026-09-06 23:11,0828921a-6693-576c-b1dd-3f0594bbf637,패배,1/3/16
#8371651499,2026-09-06 23:11,3712c3ab-a24a-5bf1-85c1-b92c4d68e907,승리,1/6/12
#8371651499,2026-09-06 23:11,671680a6-c5c8-5457-a92b-91f0c83bfb91,승리,7/4/10
#8371651499,2026-09-06 23:11,fa6d5ea3-c57a-500a-9f4d-c2c1e9265684,승리,7/4/9
#8371651499,2026-09-06 23:11,aa91628d-1def-593d-862a-968b8287a439,승리,8/5/4
#8371651499,2026-09-06 23:11,af3c1609-d379-52f6-98b7-fe36b0ce25ea,승리,0/4/12
#8371742884,2026-09-07 00:05,fa6d5ea3-c57a-500a-9f4d-c2c1e9265684,패배,2/5/2
#8371742884,2026-09-07 00:05,8ae70a53-758c-568f-87dd-1f7c60a6b321,패배,5/7/3
#8371742884,2026-09-07 00:05,7e2bfe82-2409-5da9-968b-246723d3b167,패배,3/9/3
#8371742884,2026-09-07 00:05,aa91628d-1def-593d-862a-968b8287a439,패배,4/11/4
#8371742884,2026-09-07 00:05,1b9aa7ca-461b-5d31-8834-7816dd82589b,패배,0/7/7
#8371742884,2026-09-07 00:05,3712c3ab-a24a-5bf1-85c1-b92c4d68e907,승리,6/1/8
#8371742884,2026-09-07 00:05,2bad60d3-3fbc-5408-aed7-02038de352dd,승리,14/2/9
#8371742884,2026-09-07 00:05,0828921a-6693-576c-b1dd-3f0594bbf637,승리,8/3/11
#8371742884,2026-09-07 00:05,72e917d7-9f4e-52b2-82ad-8c7d8741ad78,승리,6/6/18
#8371742884,2026-09-07 00:05,af3c1609-d379-52f6-98b7-fe36b0ce25ea,승리,5/2/23
#8371817155,2026-09-07 00:50,7e2bfe82-2409-5da9-968b-246723d3b167,승리,2/12/3
#8371817155,2026-09-07 00:50,8ae70a53-758c-568f-87dd-1f7c60a6b321,승리,4/6/16
#8371817155,2026-09-07 00:50,0828921a-6693-576c-b1dd-3f0594bbf637,승리,13/2/16
#8371817155,2026-09-07 00:50,72e917d7-9f4e-52b2-82ad-8c7d8741ad78,승리,17/5/13
#8371817155,2026-09-07 00:50,aa91628d-1def-593d-862a-968b8287a439,승리,1/5/26
#8371817155,2026-09-07 00:50,3712c3ab-a24a-5bf1-85c1-b92c4d68e907,패배,0/6/13
#8371817155,2026-09-07 00:50,2bad60d3-3fbc-5408-aed7-02038de352dd,패배,9/10/8
#8371817155,2026-09-07 00:50,fa6d5ea3-c57a-500a-9f4d-c2c1e9265684,패배,10/5/6
#8371817155,2026-09-07 00:50,1b9aa7ca-461b-5d31-8834-7816dd82589b,패배,5/6/9
#8371817155,2026-09-07 00:50,af3c1609-d379-52f6-98b7-fe36b0ce25ea,패배,6/10/10
#8371861371,2026-09-07 01:36,f691451d-87d3-5db5-94cf-22971436cf70,패배,1/4/3
#8371861371,2026-09-07 01:36,fa6d5ea3-c57a-500a-9f4d-c2c1e9265684,패배,5/5/4
#8371861371,2026-09-07 01:36,5e13fc05-ff0c-5435-80dd-63bbd252f467,패배,0/9/7
#8371861371,2026-09-07 01:36,8ae70a53-758c-568f-87dd-1f7c60a6b321,패배,7/6/1
#8371861371,2026-09-07 01:36,af3c1609-d379-52f6-98b7-fe36b0ce25ea,패배,0/2/8
#8371861371,2026-09-07 01:36,1b9aa7ca-461b-5d31-8834-7816dd82589b,승리,2/1/7
#8371861371,2026-09-07 01:36,2bad60d3-3fbc-5408-aed7-02038de352dd,승리,1/4/8
#8371861371,2026-09-07 01:36,7e2bfe82-2409-5da9-968b-246723d3b167,승리,13/3/9
#8371861371,2026-09-07 01:36,72e917d7-9f4e-52b2-82ad-8c7d8741ad78,승리,8/5/9
#8371861371,2026-09-07 01:36,0828921a-6693-576c-b1dd-3f0594bbf637,승리,2/0/15
#8371893607,2026-09-07 02:27,f691451d-87d3-5db5-94cf-22971436cf70,승리,7/3/9
#8371893607,2026-09-07 02:27,fa6d5ea3-c57a-500a-9f4d-c2c1e9265684,승리,9/3/8
#8371893607,2026-09-07 02:27,7e2bfe82-2409-5da9-968b-246723d3b167,승리,7/2/7
#8371893607,2026-09-07 02:27,5e13fc05-ff0c-5435-80dd-63bbd252f467,승리,6/6/6
#8371893607,2026-09-07 02:27,1b9aa7ca-461b-5d31-8834-7816dd82589b,승리,4/1/18
#8371893607,2026-09-07 02:27,8ae70a53-758c-568f-87dd-1f7c60a6b321,패배,4/7/0
#8371893607,2026-09-07 02:27,2bad60d3-3fbc-5408-aed7-02038de352dd,패배,5/5/4
#8371893607,2026-09-07 02:27,0828921a-6693-576c-b1dd-3f0594bbf637,패배,3/5/3
#8371893607,2026-09-07 02:27,72e917d7-9f4e-52b2-82ad-8c7d8741ad78,패배,2/10/7
#8371893607,2026-09-07 02:27,af3c1609-d379-52f6-98b7-fe36b0ce25ea,패배,1/6/7
#8371907989,2026-09-07 03:03,1b9aa7ca-461b-5d31-8834-7816dd82589b,패배,0/9/16
#8371907989,2026-09-07 03:03,7e2bfe82-2409-5da9-968b-246723d3b167,승리,13/5/7
#8371907989,2026-09-07 03:03,f691451d-87d3-5db5-94cf-22971436cf70,승리,7/6/14
#8371907989,2026-09-07 03:03,2bad60d3-3fbc-5408-aed7-02038de352dd,승리,11/7/11
#8371907989,2026-09-07 03:03,5e13fc05-ff0c-5435-80dd-63bbd252f467,승리,14/2/11
#8371907989,2026-09-07 03:03,af3c1609-d379-52f6-98b7-fe36b0ce25ea,승리,0/4/26
#8371907989,2026-09-07 03:03,8ae70a53-758c-568f-87dd-1f7c60a6b321,패배,2/8/9
#8371907989,2026-09-07 03:03,fa6d5ea3-c57a-500a-9f4d-c2c1e9265684,패배,10/8/6
#8371907989,2026-09-07 03:03,0828921a-6693-576c-b1dd-3f0594bbf637,패배,5/7/14
#8371907989,2026-09-07 03:03,72e917d7-9f4e-52b2-82ad-8c7d8741ad78,패배,7/13/6
#8371938685,2026-09-07 03:59,1b9aa7ca-461b-5d31-8834-7816dd82589b,패배,0/9/4
#8371938685,2026-09-07 03:59,b5380629-d74b-5796-8e72-98a060d864de,승리,1/3/10
#8371938685,2026-09-07 03:59,7e2bfe82-2409-5da9-968b-246723d3b167,승리,14/3/11
#8371938685,2026-09-07 03:59,f691451d-87d3-5db5-94cf-22971436cf70,승리,6/4/10
#8371938685,2026-09-07 03:59,a7fe1bb4-32ca-51b2-9048-183e2cb1cce7,승리,13/6/9
#8371938685,2026-09-07 03:59,af3c1609-d379-52f6-98b7-fe36b0ce25ea,승리,1/3/21
#8371938685,2026-09-07 03:59,31e88dc8-bc4a-5b0e-b7f0-9d47bec34024,패배,9/6/1
#8371938685,2026-09-07 03:59,8ae70a53-758c-568f-87dd-1f7c60a6b321,패배,7/10/6
#8371938685,2026-09-07 03:59,0828921a-6693-576c-b1dd-3f0594bbf637,패배,2/3/7
#8371938685,2026-09-07 03:59,5e13fc05-ff0c-5435-80dd-63bbd252f467,패배,1/7/4
#8372486682,2026-09-07 20:09,aa2fbfdd-c17f-5e1b-a04e-8567e1c45d5e,승리,5/0/7
#8372486682,2026-09-07 20:09,fa6d5ea3-c57a-500a-9f4d-c2c1e9265684,승리,13/2/12
#8372486682,2026-09-07 20:09,6a4f5512-0b22-5bd1-ae85-8d8c07d751ab,승리,5/1/14
#8372486682,2026-09-07 20:09,48a9676c-6f4a-5dfb-9a36-fca24b95153a,승리,8/4/12
#8372486682,2026-09-07 20:09,f5b1b3fc-5819-512f-8fc4-1e3f12e480f4,승리,1/5/20
#8372486682,2026-09-07 20:09,c0a4bb50-24f8-5d32-b20b-3e2a730399e7,패배,0/4/2
#8372486682,2026-09-07 20:09,a7fe1bb4-32ca-51b2-9048-183e2cb1cce7,패배,3/3/2
#8372486682,2026-09-07 20:09,3e583936-ec9b-5f86-a923-77adcd637241,패배,1/7/1
#8372486682,2026-09-07 20:09,fc0f19c9-c655-5915-ad47-0ef0d2bff998,패배,7/9/2
#8372486682,2026-09-07 20:09,bc7d9161-a7d7-559a-9a9f-ac3c63c6e84d,패배,1/9/10
#8372533273,2026-09-07 20:37,af3c1609-d379-52f6-98b7-fe36b0ce25ea,패배,0/10/12
#8372533273,2026-09-07 20:37,898843b8-3f65-555f-9dcb-d566ebcd206e,승리,7/9/19
#8372533273,2026-09-07 20:37,0828921a-6693-576c-b1dd-3f0594bbf637,승리,10/6/17
#8372533273,2026-09-07 20:37,843f6b49-c018-52aa-932e-14bcba62e0cd,승리,8/7/14
#8372533273,2026-09-07 20:37,606f28cb-0a7f-5055-937b-038613f448a9,승리,12/3/21
#8372533273,2026-09-07 20:37,3189601c-1e82-5dbd-b304-d034803ccfa2,승리,3/7/31
#8372533273,2026-09-07 20:37,b11b38c2-a223-5750-bd79-804eb7882764,패배,16/5/7
#8372533273,2026-09-07 20:37,c0d32782-292b-5483-9fc0-711fa33cd94f,패배,7/7/11
#8372533273,2026-09-07 20:37,26583f10-50a4-5f03-b49b-8c3d8acfac5d,패배,4/9/16
#8372533273,2026-09-07 20:37,5b3bf88d-076a-5339-9317-e6e1ba821cad,패배,5/9/10
#8372553345,2026-09-07 20:52,3e583936-ec9b-5f86-a923-77adcd637241,패배,2/4/9
#8372553345,2026-09-07 20:52,fa6d5ea3-c57a-500a-9f4d-c2c1e9265684,패배,7/7/9
#8372553345,2026-09-07 20:52,6a4f5512-0b22-5bd1-ae85-8d8c07d751ab,패배,5/4/8
#8372553345,2026-09-07 20:52,48a9676c-6f4a-5dfb-9a36-fca24b95153a,패배,6/8/8
#8372553345,2026-09-07 20:52,f5b1b3fc-5819-512f-8fc4-1e3f12e480f4,패배,5/12/6
#8372553345,2026-09-07 20:52,aa2fbfdd-c17f-5e1b-a04e-8567e1c45d5e,승리,6/2/7
#8372553345,2026-09-07 20:52,bc7d9161-a7d7-559a-9a9f-ac3c63c6e84d,승리,5/7/13
#8372553345,2026-09-07 20:52,c0a4bb50-24f8-5d32-b20b-3e2a730399e7,승리,4/5/9
#8372553345,2026-09-07 20:52,fc0f19c9-c655-5915-ad47-0ef0d2bff998,승리,20/4/8
#8372553345,2026-09-07 20:52,a7fe1bb4-32ca-51b2-9048-183e2cb1cce7,승리,0/7/26
#8372630600,2026-09-07 21:37,898843b8-3f65-555f-9dcb-d566ebcd206e,패배,5/6/4
#8372630600,2026-09-07 21:37,0828921a-6693-576c-b1dd-3f0594bbf637,패배,9/7/11
#8372630600,2026-09-07 21:37,5b3bf88d-076a-5339-9317-e6e1ba821cad,패배,5/11/7
#8372630600,2026-09-07 21:37,af3c1609-d379-52f6-98b7-fe36b0ce25ea,패배,11/7/8
#8372630600,2026-09-07 21:37,3189601c-1e82-5dbd-b304-d034803ccfa2,패배,2/8/17
#8372630600,2026-09-07 21:37,843f6b49-c018-52aa-932e-14bcba62e0cd,승리,11/7/8
#8372630600,2026-09-07 21:37,606f28cb-0a7f-5055-937b-038613f448a9,승리,2/7/17
#8372630600,2026-09-07 21:37,b11b38c2-a223-5750-bd79-804eb7882764,승리,17/4/13
#8372630600,2026-09-07 21:37,c0d32782-292b-5483-9fc0-711fa33cd94f,승리,7/7/17
#8372630600,2026-09-07 21:37,26583f10-50a4-5f03-b49b-8c3d8acfac5d,승리,2/7/17
#8372637656,2026-09-07 21:42,aa2fbfdd-c17f-5e1b-a04e-8567e1c45d5e,패배,6/4/16
#8372637656,2026-09-07 21:42,f5b1b3fc-5819-512f-8fc4-1e3f12e480f4,패배,17/9/8
#8372637656,2026-09-07 21:42,6a4f5512-0b22-5bd1-ae85-8d8c07d751ab,패배,10/8/21
#8372637656,2026-09-07 21:42,fc0f19c9-c655-5915-ad47-0ef0d2bff998,패배,11/9/17
#8372637656,2026-09-07 21:42,bc7d9161-a7d7-559a-9a9f-ac3c63c6e84d,패배,0/9/29
#8372637656,2026-09-07 21:42,c0a4bb50-24f8-5d32-b20b-3e2a730399e7,승리,5/10/14
#8372637656,2026-09-07 21:42,fa6d5ea3-c57a-500a-9f4d-c2c1e9265684,승리,10/12/15
#8372637656,2026-09-07 21:42,a7fe1bb4-32ca-51b2-9048-183e2cb1cce7,승리,10/7/15
#8372637656,2026-09-07 21:42,48a9676c-6f4a-5dfb-9a36-fca24b95153a,승리,14/4/15
#8372637656,2026-09-07 21:42,3e583936-ec9b-5f86-a923-77adcd637241,승리,0/11/31
#8372729312,2026-09-07 22:27,898843b8-3f65-555f-9dcb-d566ebcd206e,패배,7/8/5
#8372729312,2026-09-07 22:27,571b9bb0-8cd9-5b9e-81e6-814b49141ad4,패배,5/8/10
#8372729312,2026-09-07 22:27,5b3bf88d-076a-5339-9317-e6e1ba821cad,패배,7/7/11
#8372729312,2026-09-07 22:27,c0d32782-292b-5483-9fc0-711fa33cd94f,패배,3/11/14
#8372729312,2026-09-07 22:27,a2cff7d6-9172-5eb9-aa2d-56c3f2b0182f,패배,10/9/10
#8372729312,2026-09-07 22:27,af3c1609-d379-52f6-98b7-fe36b0ce25ea,승리,11/7/5
#8372729312,2026-09-07 22:27,0828921a-6693-576c-b1dd-3f0594bbf637,승리,9/4/13
#8372729312,2026-09-07 22:27,606f28cb-0a7f-5055-937b-038613f448a9,승리,7/4/16
#8372729312,2026-09-07 22:27,ed8978a8-07b5-54e9-9fbb-76ceaa625ec8,승리,16/8/16
#8372729312,2026-09-07 22:27,3189601c-1e82-5dbd-b304-d034803ccfa2,승리,0/10/27
#8370129134,2026-09-06 00:33,f691451d-87d3-5db5-94cf-22971436cf70,승리,7/5/7
#8370129134,2026-09-06 00:33,3e583936-ec9b-5f86-a923-77adcd637241,승리,3/6/11
#8370129134,2026-09-06 00:33,fc0f19c9-c655-5915-ad47-0ef0d2bff998,승리,9/10/13
#8370129134,2026-09-06 00:33,e25a31d2-835a-56f0-9cce-fd4438f88124,승리,17/5/6
#8370129134,2026-09-06 00:33,1197e8f5-daec-5145-854e-a6f73237afc8,승리,0/5/27
#8370129134,2026-09-06 00:33,676f3610-d9c9-5727-a5bd-d93aac82cad2,패배,6/4/5
#8370129134,2026-09-06 00:33,ce01c0d8-8ebf-57c1-b433-88aa89739103,패배,9/6/12
#8370129134,2026-09-06 00:33,3712c3ab-a24a-5bf1-85c1-b92c4d68e907,패배,8/6/7
#8370129134,2026-09-06 00:33,c0d32782-292b-5483-9fc0-711fa33cd94f,패배,5/11/8
#8370129134,2026-09-06 00:33,15e34f7e-6eb9-5638-b11d-47284ddad510,패배,1/9/16
#8370012353,2026-09-05 23:37,15e34f7e-6eb9-5638-b11d-47284ddad510,승리,2/10/9
#8370012353,2026-09-05 23:37,c0d32782-292b-5483-9fc0-711fa33cd94f,승리,5/6/23
#8370012353,2026-09-05 23:37,fc0f19c9-c655-5915-ad47-0ef0d2bff998,승리,5/7/16
#8370012353,2026-09-05 23:37,1197e8f5-daec-5145-854e-a6f73237afc8,승리,19/8/4
#8370012353,2026-09-05 23:37,b374355f-b65d-52fe-990b-5e6accd3ae9c,승리,4/4/17
#8370012353,2026-09-05 23:37,f691451d-87d3-5db5-94cf-22971436cf70,패배,7/7/7
#8370012353,2026-09-05 23:37,ce01c0d8-8ebf-57c1-b433-88aa89739103,패배,10/9/2
#8370012353,2026-09-05 23:37,3e583936-ec9b-5f86-a923-77adcd637241,패배,4/8/14
#8370012353,2026-09-05 23:37,e25a31d2-835a-56f0-9cce-fd4438f88124,패배,13/6/6
#8370012353,2026-09-05 23:37,3712c3ab-a24a-5bf1-85c1-b92c4d68e907,패배,1/5/19
#8372762644,2026-09-07 22:44,15e34f7e-6eb9-5638-b11d-47284ddad510,패배,2/6/10
#8372762644,2026-09-07 22:44,aa2fbfdd-c17f-5e1b-a04e-8567e1c45d5e,패배,1/7/6
#8372762644,2026-09-07 22:44,f5b1b3fc-5819-512f-8fc4-1e3f12e480f4,패배,11/9/3
#8372762644,2026-09-07 22:44,fc0f19c9-c655-5915-ad47-0ef0d2bff998,패배,0/6/11
#8372762644,2026-09-07 22:44,48a9676c-6f4a-5dfb-9a36-fca24b95153a,패배,7/10/6
#8372762644,2026-09-07 22:44,a7fe1bb4-32ca-51b2-9048-183e2cb1cce7,승리,4/4/15
#8372762644,2026-09-07 22:44,fa6d5ea3-c57a-500a-9f4d-c2c1e9265684,승리,10/4/7
#8372762644,2026-09-07 22:44,454320a7-8c33-58cc-a8ce-300dd2f3c4b9,승리,16/3/9
#8372762644,2026-09-07 22:44,9698fdaf-6098-5b6c-80f4-e1b06071009c,승리,7/5/14
#8372762644,2026-09-07 22:44,bc7d9161-a7d7-559a-9a9f-ac3c63c6e84d,승리,1/5/23
#8372831026,2026-09-07 23:18,af3c1609-d379-52f6-98b7-fe36b0ce25ea,패배,8/4/6
#8372831026,2026-09-07 23:18,606f28cb-0a7f-5055-937b-038613f448a9,패배,8/2/8
#8372831026,2026-09-07 23:18,c0d32782-292b-5483-9fc0-711fa33cd94f,패배,2/8/8
#8372831026,2026-09-07 23:18,0828921a-6693-576c-b1dd-3f0594bbf637,패배,3/9/9
#8372831026,2026-09-07 23:18,3189601c-1e82-5dbd-b304-d034803ccfa2,패배,2/6/14
#8372831026,2026-09-07 23:18,a2cff7d6-9172-5eb9-aa2d-56c3f2b0182f,승리,4/9/5
#8372831026,2026-09-07 23:18,571b9bb0-8cd9-5b9e-81e6-814b49141ad4,승리,8/3/9
#8372831026,2026-09-07 23:18,5b3bf88d-076a-5339-9317-e6e1ba821cad,승리,10/3/3
#8372831026,2026-09-07 23:18,ed8978a8-07b5-54e9-9fbb-76ceaa625ec8,승리,5/6/9
#8372831026,2026-09-07 23:18,cac75d28-bc8f-535a-9cba-80d88502dbd1,승리,2/2/19
#8372838759,2026-09-07 23:32,15e34f7e-6eb9-5638-b11d-47284ddad510,패배,0/7/7
#8372838759,2026-09-07 23:32,aa2fbfdd-c17f-5e1b-a04e-8567e1c45d5e,승리,8/3/16
#8372838759,2026-09-07 23:32,c2a8194b-cccc-5bba-bac3-a20a7086b973,승리,9/4/10
#8372838759,2026-09-07 23:32,de788e96-8e64-5895-8539-94ccaf0c7078,승리,10/4/7
#8372838759,2026-09-07 23:32,9698fdaf-6098-5b6c-80f4-e1b06071009c,승리,12/3/11
#8372838759,2026-09-07 23:32,dd48b93f-132a-56f2-aa29-95bddefc4a53,승리,1/4/21
#8372838759,2026-09-07 23:32,a7fe1bb4-32ca-51b2-9048-183e2cb1cce7,패배,7/7/6
#8372838759,2026-09-07 23:32,7a8ba539-7e36-5ebc-8c84-affc83acb409,패배,7/6/4
#8372838759,2026-09-07 23:32,454320a7-8c33-58cc-a8ce-300dd2f3c4b9,패배,4/11/9
#8372838759,2026-09-07 23:32,f5b1b3fc-5819-512f-8fc4-1e3f12e480f4,패배,0/9/16
#8372898789,2026-09-08 00:10,606f28cb-0a7f-5055-937b-038613f448a9,패배,0/7/4
#8372898789,2026-09-08 00:10,3189601c-1e82-5dbd-b304-d034803ccfa2,승리,11/3/3
#8372898789,2026-09-08 00:10,571b9bb0-8cd9-5b9e-81e6-814b49141ad4,승리,12/3/2
#8372898789,2026-09-08 00:10,a2cff7d6-9172-5eb9-aa2d-56c3f2b0182f,승리,3/12/12
#8372898789,2026-09-08 00:10,ed8978a8-07b5-54e9-9fbb-76ceaa625ec8,승리,8/6/5
#8372898789,2026-09-08 00:10,cac75d28-bc8f-535a-9cba-80d88502dbd1,승리,0/4/13
#8372898789,2026-09-08 00:10,c0d32782-292b-5483-9fc0-711fa33cd94f,패배,6/10/11
#8372898789,2026-09-08 00:10,fd30acf7-dfb6-55e3-8ee1-8463244a92d5,패배,13/7/1
#8372898789,2026-09-08 00:10,0828921a-6693-576c-b1dd-3f0594bbf637,패배,6/4/9
#8372898789,2026-09-08 00:10,af3c1609-d379-52f6-98b7-fe36b0ce25ea,패배,3/6/12
#8372908855,2026-09-08 00:20,31e88dc8-bc4a-5b0e-b7f0-9d47bec34024,패배,7/4/0
#8372908855,2026-09-08 00:20,c2a8194b-cccc-5bba-bac3-a20a7086b973,패배,0/5/2
#8372908855,2026-09-08 00:20,a7fe1bb4-32ca-51b2-9048-183e2cb1cce7,패배,0/2/1
#8372908855,2026-09-08 00:20,9698fdaf-6098-5b6c-80f4-e1b06071009c,패배,3/3/0
#8372908855,2026-09-08 00:20,dd48b93f-132a-56f2-aa29-95bddefc4a53,패배,0/6/3
#8372908855,2026-09-08 00:20,15e34f7e-6eb9-5638-b11d-47284ddad510,승리,2/6/3
#8372908855,2026-09-08 00:20,7e2bfe82-2409-5da9-968b-246723d3b167,승리,11/1/2
#8372908855,2026-09-08 00:20,7a8ba539-7e36-5ebc-8c84-affc83acb409,승리,1/0/5
#8372908855,2026-09-08 00:20,454320a7-8c33-58cc-a8ce-300dd2f3c4b9,승리,5/2/5
#8372908855,2026-09-08 00:20,1b9aa7ca-461b-5d31-8834-7816dd82589b,승리,1/1/12
#8372967254,2026-09-08 00:58,15e34f7e-6eb9-5638-b11d-47284ddad510,패배,2/14/12
#8372967254,2026-09-08 00:58,31e88dc8-bc4a-5b0e-b7f0-9d47bec34024,패배,6/9/3
#8372967254,2026-09-08 00:58,a7fe1bb4-32ca-51b2-9048-183e2cb1cce7,패배,6/6/10
#8372967254,2026-09-08 00:58,dd48b93f-132a-56f2-aa29-95bddefc4a53,패배,8/11/4
#8372967254,2026-09-08 00:58,1b9aa7ca-461b-5d31-8834-7816dd82589b,패배,10/12/11
#8372967254,2026-09-08 00:58,6a4f5512-0b22-5bd1-ae85-8d8c07d751ab,승리,5/6/16
#8372967254,2026-09-08 00:58,7e2bfe82-2409-5da9-968b-246723d3b167,승리,19/7/14
#8372967254,2026-09-08 00:58,7a8ba539-7e36-5ebc-8c84-affc83acb409,승리,8/4/19
#8372967254,2026-09-08 00:58,9698fdaf-6098-5b6c-80f4-e1b06071009c,승리,8/6/17
#8372967254,2026-09-08 00:58,454320a7-8c33-58cc-a8ce-300dd2f3c4b9,승리,12/10/16
#8372976015,2026-09-08 01:04,606f28cb-0a7f-5055-937b-038613f448a9,승리,2/3/11
#8372976015,2026-09-08 01:04,fd30acf7-dfb6-55e3-8ee1-8463244a92d5,승리,14/1/4
#8372976015,2026-09-08 01:04,c0d32782-292b-5483-9fc0-711fa33cd94f,승리,6/4/11
#8372976015,2026-09-08 01:04,0828921a-6693-576c-b1dd-3f0594bbf637,승리,13/4/8
#8372976015,2026-09-08 01:04,cac75d28-bc8f-535a-9cba-80d88502dbd1,승리,0/3/16
#8372976015,2026-09-08 01:04,77bb09d0-2c95-596d-885a-3be23112cc76,패배,2/6/1
#8372976015,2026-09-08 01:04,e25a31d2-835a-56f0-9cce-fd4438f88124,패배,6/4/3
#8372976015,2026-09-08 01:04,a2cff7d6-9172-5eb9-aa2d-56c3f2b0182f,패배,2/8/1
#8372976015,2026-09-08 01:04,ed8978a8-07b5-54e9-9fbb-76ceaa625ec8,패배,3/9/3
#8372976015,2026-09-08 01:04,af3c1609-d379-52f6-98b7-fe36b0ce25ea,패배,2/8/6
#8372999842,2026-09-08 01:48,606f28cb-0a7f-5055-937b-038613f448a9,승리,8/3/14
#8372999842,2026-09-08 01:48,e25a31d2-835a-56f0-9cce-fd4438f88124,패배,12/9/4
#8372999842,2026-09-08 01:48,2bad60d3-3fbc-5408-aed7-02038de352dd,패배,1/9/10
#8372999842,2026-09-08 01:48,fd30acf7-dfb6-55e3-8ee1-8463244a92d5,패배,10/9/6
#8372999842,2026-09-08 01:48,72e917d7-9f4e-52b2-82ad-8c7d8741ad78,패배,8/12/12
#8372999842,2026-09-08 01:48,0b69abc1-a13f-5185-85f8-30968b3f5c08,패배,5/13/5
#8372999842,2026-09-08 01:48,77bb09d0-2c95-596d-885a-3be23112cc76,승리,5/11/4
#8372999842,2026-09-08 01:48,af3c1609-d379-52f6-98b7-fe36b0ce25ea,승리,5/3/18
#8372999842,2026-09-08 01:48,ed8978a8-07b5-54e9-9fbb-76ceaa625ec8,승리,25/9/9
#8372999842,2026-09-08 01:48,a2cff7d6-9172-5eb9-aa2d-56c3f2b0182f,승리,9/10/20
#8373009505,2026-09-08 01:50,31e88dc8-bc4a-5b0e-b7f0-9d47bec34024,승리,7/8/0
#8373009505,2026-09-08 01:50,1b9aa7ca-461b-5d31-8834-7816dd82589b,승리,3/8/11
#8373009505,2026-09-08 01:50,79079bf7-8099-53bc-93f8-ea308ffd9170,승리,6/5/9
#8373009505,2026-09-08 01:50,454320a7-8c33-58cc-a8ce-300dd2f3c4b9,승리,6/7/6
#8373009505,2026-09-08 01:50,6a4f5512-0b22-5bd1-ae85-8d8c07d751ab,승리,2/10/16
#8373009505,2026-09-08 01:50,3712c3ab-a24a-5bf1-85c1-b92c4d68e907,패배,2/4/15
#8373009505,2026-09-08 01:50,15e34f7e-6eb9-5638-b11d-47284ddad510,패배,4/7/14
#8373009505,2026-09-08 01:50,7e2bfe82-2409-5da9-968b-246723d3b167,패배,9/6/13
#8373009505,2026-09-08 01:50,a7fe1bb4-32ca-51b2-9048-183e2cb1cce7,패배,21/2/8
#8373009505,2026-09-08 01:50,7a8ba539-7e36-5ebc-8c84-affc83acb409,패배,2/5/20
#8373038926,2026-09-08 02:53,15e34f7e-6eb9-5638-b11d-47284ddad510,패배,6/6/13
#8373038926,2026-09-08 02:53,6a4f5512-0b22-5bd1-ae85-8d8c07d751ab,승리,9/7/8
#8373038926,2026-09-08 02:53,3712c3ab-a24a-5bf1-85c1-b92c4d68e907,승리,4/6/26
#8373038926,2026-09-08 02:53,79079bf7-8099-53bc-93f8-ea308ffd9170,승리,17/7/9
#8373038926,2026-09-08 02:53,ed8978a8-07b5-54e9-9fbb-76ceaa625ec8,승리,15/7/13
#8373038926,2026-09-08 02:53,a7fe1bb4-32ca-51b2-9048-183e2cb1cce7,승리,7/6/27
#8373038926,2026-09-08 02:53,31e88dc8-bc4a-5b0e-b7f0-9d47bec34024,패배,5/12/5
#8373038926,2026-09-08 02:53,7e2bfe82-2409-5da9-968b-246723d3b167,패배,14/8/10
#8373038926,2026-09-08 02:53,454320a7-8c33-58cc-a8ce-300dd2f3c4b9,패배,5/12/15
#8373038926,2026-09-08 02:53,1b9aa7ca-461b-5d31-8834-7816dd82589b,패배,3/14/14
#8373611009,2026-09-08 20:09,2988b6ec-4d8c-5cf7-88ea-be08c42a1416,승리,8/1/11
#8373611009,2026-09-08 20:09,f5b1b3fc-5819-512f-8fc4-1e3f12e480f4,승리,11/3/5
#8373611009,2026-09-08 20:09,843f6b49-c018-52aa-932e-14bcba62e0cd,승리,5/0/14
#8373611009,2026-09-08 20:09,33d4446b-a1b9-5b44-ae8a-2009b77218d4,승리,11/4/13
#8373611009,2026-09-08 20:09,bc7d9161-a7d7-559a-9a9f-ac3c63c6e84d,승리,1/3/24
#8373611009,2026-09-08 20:09,aa2fbfdd-c17f-5e1b-a04e-8567e1c45d5e,패배,4/4/1
#8373611009,2026-09-08 20:09,c9456c44-7c1e-5fd7-8907-737737772014,패배,3/8/2
#8373611009,2026-09-08 20:09,de788e96-8e64-5895-8539-94ccaf0c7078,패배,0/6/4
#8373611009,2026-09-08 20:09,aa91628d-1def-593d-862a-968b8287a439,패배,3/9/3
#8373611009,2026-09-08 20:09,571b9bb0-8cd9-5b9e-81e6-814b49141ad4,패배,0/9/7
#8373669028,2026-09-08 20:48,843f6b49-c018-52aa-932e-14bcba62e0cd,승리,6/7/11
#8373669028,2026-09-08 20:48,c9456c44-7c1e-5fd7-8907-737737772014,승리,10/5/12
#8373669028,2026-09-08 20:48,de788e96-8e64-5895-8539-94ccaf0c7078,승리,4/6/16
#8373669028,2026-09-08 20:48,33d4446b-a1b9-5b44-ae8a-2009b77218d4,승리,10/6/10
#8373669028,2026-09-08 20:48,aeae46fe-2d38-56d8-ac4a-fcb48eb4a13a,승리,2/7/19
#8373669028,2026-09-08 20:48,2988b6ec-4d8c-5cf7-88ea-be08c42a1416,패배,9/7/7
#8373669028,2026-09-08 20:48,5da6f598-fb7f-51f3-98ab-bf2dc8fb1003,패배,6/7/14
#8373669028,2026-09-08 20:48,f6913164-7a0a-5d4f-a898-54665431820b,패배,6/6/10
#8373669028,2026-09-08 20:48,f5b1b3fc-5819-512f-8fc4-1e3f12e480f4,패배,8/6/12
#8373669028,2026-09-08 20:48,571b9bb0-8cd9-5b9e-81e6-814b49141ad4,패배,2/6/17
#8373732502,2026-09-08 21:33,571b9bb0-8cd9-5b9e-81e6-814b49141ad4,패배,1/5/4
#8373732502,2026-09-08 21:33,2988b6ec-4d8c-5cf7-88ea-be08c42a1416,승리,5/2/5
#8373732502,2026-09-08 21:33,c9456c44-7c1e-5fd7-8907-737737772014,승리,10/1/10
#8373732502,2026-09-08 21:33,843f6b49-c018-52aa-932e-14bcba62e0cd,승리,4/1/16
#8373732502,2026-09-08 21:33,f6913164-7a0a-5d4f-a898-54665431820b,승리,10/1/6
#8373732502,2026-09-08 21:33,aeae46fe-2d38-56d8-ac4a-fcb48eb4a13a,승리,3/2/16
#8373732502,2026-09-08 21:33,33d4446b-a1b9-5b44-ae8a-2009b77218d4,패배,2/6/1
#8373732502,2026-09-08 21:33,de788e96-8e64-5895-8539-94ccaf0c7078,패배,2/8/0
#8373732502,2026-09-08 21:33,f5b1b3fc-5819-512f-8fc4-1e3f12e480f4,패배,2/7/1
#8373732502,2026-09-08 21:33,3618145e-ae1d-53c5-82ab-11ae6836ea95,패배,0/6/3
#8373817831,2026-09-08 22:18,571b9bb0-8cd9-5b9e-81e6-814b49141ad4,승리,9/2/11
#8373817831,2026-09-08 22:18,3ee03b31-3cfa-5edc-9b02-a6f089749330,패배,3/5/4
#8373817831,2026-09-08 22:18,c9456c44-7c1e-5fd7-8907-737737772014,패배,4/8/4
#8373817831,2026-09-08 22:18,843f6b49-c018-52aa-932e-14bcba62e0cd,패배,4/3/4
#8373817831,2026-09-08 22:18,f6913164-7a0a-5d4f-a898-54665431820b,패배,5/4/8
#8373817831,2026-09-08 22:18,3618145e-ae1d-53c5-82ab-11ae6836ea95,패배,0/5/10
#8373817831,2026-09-08 22:18,c0a4bb50-24f8-5d32-b20b-3e2a730399e7,승리,1/7/9
#8373817831,2026-09-08 22:18,33d4446b-a1b9-5b44-ae8a-2009b77218d4,승리,7/0/9
#8373817831,2026-09-08 22:18,a2cff7d6-9172-5eb9-aa2d-56c3f2b0182f,승리,7/2/13
#8373817831,2026-09-08 22:18,cac75d28-bc8f-535a-9cba-80d88502dbd1,승리,1/5/21
#8373904351,2026-09-08 23:04,c0a4bb50-24f8-5d32-b20b-3e2a730399e7,패배,3/11/9
#8373904351,2026-09-08 23:04,3e583936-ec9b-5f86-a923-77adcd637241,패배,11/10/7
#8373904351,2026-09-08 23:04,33d4446b-a1b9-5b44-ae8a-2009b77218d4,패배,6/6/11
#8373904351,2026-09-08 23:04,f6913164-7a0a-5d4f-a898-54665431820b,패배,7/6/12
#8373904351,2026-09-08 23:04,3ee03b31-3cfa-5edc-9b02-a6f089749330,패배,2/12/18
#8373904351,2026-09-08 23:04,b0eaa8e9-4c21-5666-83bf-cfbd56778a18,승리,4/5/12
#8373904351,2026-09-08 23:04,cac75d28-bc8f-535a-9cba-80d88502dbd1,승리,18/6/12
#8373904351,2026-09-08 23:04,454320a7-8c33-58cc-a8ce-300dd2f3c4b9,승리,4/5/16
#8373904351,2026-09-08 23:04,a2cff7d6-9172-5eb9-aa2d-56c3f2b0182f,승리,19/6/7
#8373904351,2026-09-08 23:04,3618145e-ae1d-53c5-82ab-11ae6836ea95,승리,0/7/28
#8373982519,2026-09-08 23:51,77bb09d0-2c95-596d-885a-3be23112cc76,패배,5/6/5
#8373982519,2026-09-08 23:51,cac75d28-bc8f-535a-9cba-80d88502dbd1,패배,7/8/6
#8373982519,2026-09-08 23:51,3ee03b31-3cfa-5edc-9b02-a6f089749330,패배,8/3/1
#8373982519,2026-09-08 23:51,454320a7-8c33-58cc-a8ce-300dd2f3c4b9,패배,9/14/9
#8373982519,2026-09-08 23:51,3618145e-ae1d-53c5-82ab-11ae6836ea95,패배,4/12/16
#8373982519,2026-09-08 23:51,3e583936-ec9b-5f86-a923-77adcd637241,승리,4/7/7
#8373982519,2026-09-08 23:51,c0a4bb50-24f8-5d32-b20b-3e2a730399e7,승리,7/8/7
#8373982519,2026-09-08 23:51,b0eaa8e9-4c21-5666-83bf-cfbd56778a18,승리,6/2/14
#8373982519,2026-09-08 23:51,33d4446b-a1b9-5b44-ae8a-2009b77218d4,승리,16/8/13
#8373982519,2026-09-08 23:51,a2cff7d6-9172-5eb9-aa2d-56c3f2b0182f,승리,10/8/17
#8374051126,2026-09-09 00:38,454320a7-8c33-58cc-a8ce-300dd2f3c4b9,승리,7/1/15
#8374051126,2026-09-09 00:38,31e88dc8-bc4a-5b0e-b7f0-9d47bec34024,승리,9/1/8
#8374051126,2026-09-09 00:38,c0a4bb50-24f8-5d32-b20b-3e2a730399e7,승리,6/2/17
#8374051126,2026-09-09 00:38,77bb09d0-2c95-596d-885a-3be23112cc76,승리,8/4/9
#8374051126,2026-09-09 00:38,a2cff7d6-9172-5eb9-aa2d-56c3f2b0182f,승리,8/3/20
#8374051126,2026-09-09 00:38,7e2bfe82-2409-5da9-968b-246723d3b167,패배,5/4/0
#8374051126,2026-09-09 00:38,3e583936-ec9b-5f86-a923-77adcd637241,패배,0/7/5
#8374051126,2026-09-09 00:38,fd30acf7-dfb6-55e3-8ee1-8463244a92d5,패배,1/8/1
#8374051126,2026-09-09 00:38,94923fe7-4521-52ed-b143-ee509e386b2b,패배,5/10/2
#8374051126,2026-09-09 00:38,bc7d9161-a7d7-559a-9a9f-ac3c63c6e84d,패배,0/9/5
#8374091526,2026-09-09 01:25,454320a7-8c33-58cc-a8ce-300dd2f3c4b9,패배,0/3/2
#8374091526,2026-09-09 01:25,9ac1f0ba-af9a-5cb4-8d05-c74db1953501,패배,2/7/1
#8374091526,2026-09-09 01:25,fd30acf7-dfb6-55e3-8ee1-8463244a92d5,패배,5/6/2
#8374091526,2026-09-09 01:25,94923fe7-4521-52ed-b143-ee509e386b2b,패배,11/4/1
#8374091526,2026-09-09 01:25,bc7d9161-a7d7-559a-9a9f-ac3c63c6e84d,패배,0/7/8
#8374091526,2026-09-09 01:25,31e88dc8-bc4a-5b0e-b7f0-9d47bec34024,승리,5/0/9
#8374091526,2026-09-09 01:25,3e583936-ec9b-5f86-a923-77adcd637241,승리,1/2/12
#8374091526,2026-09-09 01:25,7e2bfe82-2409-5da9-968b-246723d3b167,승리,8/5/8
#8374091526,2026-09-09 01:25,77bb09d0-2c95-596d-885a-3be23112cc76,승리,13/7/4
#8374091526,2026-09-09 01:25,0b69abc1-a13f-5185-85f8-30968b3f5c08,승리,0/4/14
#8374124757,2026-09-09 02:14,77bb09d0-2c95-596d-885a-3be23112cc76,패배,0/8/6
#8374124757,2026-09-09 02:14,9ac1f0ba-af9a-5cb4-8d05-c74db1953501,패배,2/7/7
#8374124757,2026-09-09 02:14,7e2bfe82-2409-5da9-968b-246723d3b167,패배,10/9/7
#8374124757,2026-09-09 02:14,6a4f5512-0b22-5bd1-ae85-8d8c07d751ab,패배,5/6/5
#8374124757,2026-09-09 02:14,454320a7-8c33-58cc-a8ce-300dd2f3c4b9,패배,12/5/7
#8374124757,2026-09-09 02:14,31e88dc8-bc4a-5b0e-b7f0-9d47bec34024,승리,13/2/5
#8374124757,2026-09-09 02:14,3e583936-ec9b-5f86-a923-77adcd637241,승리,6/6/13
#8374124757,2026-09-09 02:14,fd30acf7-dfb6-55e3-8ee1-8463244a92d5,승리,10/13/5
#8374124757,2026-09-09 02:14,f5b1b3fc-5819-512f-8fc4-1e3f12e480f4,승리,6/4/12
#8374124757,2026-09-09 02:14,0b69abc1-a13f-5185-85f8-30968b3f5c08,승리,0/4/18
#8373782031,2026-09-08 21:52,77bb09d0-2c95-596d-885a-3be23112cc76,승리,6/3/9
#8373782031,2026-09-08 21:52,108ad62e-8642-5e2e-88b4-f0cc8b19efa4,승리,7/9/4
#8373782031,2026-09-08 21:52,c23b7868-d95a-59be-b81b-6cf5103b4827,승리,7/7/11
#8373782031,2026-09-08 21:52,4aa66eba-e75c-5e2e-8981-3451f6f89d18,승리,5/7/11
#8373782031,2026-09-08 21:52,bc7d9161-a7d7-559a-9a9f-ac3c63c6e84d,승리,1/4/18
#8373782031,2026-09-08 21:52,8cfa2c34-bd81-58ef-94bd-e256c269cab4,패배,1/5/5
#8373782031,2026-09-08 21:52,ee3c2ce7-47d9-50a4-a503-9334b192fa97,패배,12/7/12
#8373782031,2026-09-08 21:52,ba6a716c-b1c5-5aae-bb25-0e3b38c5be13,패배,6/5/11
#8373782031,2026-09-08 21:52,00fe8c06-324b-52a8-b848-493448796d39,패배,10/5/11
#8373782031,2026-09-08 21:52,36b0c68a-64db-530f-b829-a68fcac93d2c,패배,1/4/18
#8373705096,2026-09-08 21:12,77bb09d0-2c95-596d-885a-3be23112cc76,승리,3/1/7
#8373705096,2026-09-08 21:12,108ad62e-8642-5e2e-88b4-f0cc8b19efa4,승리,4/3/7
#8373705096,2026-09-08 21:12,c23b7868-d95a-59be-b81b-6cf5103b4827,승리,3/2/7
#8373705096,2026-09-08 21:12,4aa66eba-e75c-5e2e-8981-3451f6f89d18,승리,14/3/4
#8373705096,2026-09-08 21:12,bc7d9161-a7d7-559a-9a9f-ac3c63c6e84d,승리,0/2/18
#8373705096,2026-09-08 21:12,8cfa2c34-bd81-58ef-94bd-e256c269cab4,패배,2/4/0
#8373705096,2026-09-08 21:12,ee3c2ce7-47d9-50a4-a503-9334b192fa97,패배,5/4/4
#8373705096,2026-09-08 21:12,ba6a716c-b1c5-5aae-bb25-0e3b38c5be13,패배,0/4/4
#8373705096,2026-09-08 21:12,00fe8c06-324b-52a8-b848-493448796d39,패배,2/6/5
#8373705096,2026-09-08 21:12,36b0c68a-64db-530f-b829-a68fcac93d2c,패배,1/6/7
#8374708853,2026-09-09 20:14,30b8a5b1-1f16-5bc1-aa73-125e56aa560c,승리,5/4/0
#8374708853,2026-09-09 20:14,de788e96-8e64-5895-8539-94ccaf0c7078,승리,2/3/13
#8374708853,2026-09-09 20:14,fd30acf7-dfb6-55e3-8ee1-8463244a92d5,승리,18/0/2
#8374708853,2026-09-09 20:14,671680a6-c5c8-5457-a92b-91f0c83bfb91,승리,3/2/15
#8374708853,2026-09-09 20:14,3e583936-ec9b-5f86-a923-77adcd637241,승리,1/4/18
#8374708853,2026-09-09 20:14,aa2fbfdd-c17f-5e1b-a04e-8567e1c45d5e,패배,3/4/1
#8374708853,2026-09-09 20:14,5da6f598-fb7f-51f3-98ab-bf2dc8fb1003,패배,5/6/3
#8374708853,2026-09-09 20:14,b0eaa8e9-4c21-5666-83bf-cfbd56778a18,패배,1/6/0
#8374708853,2026-09-09 20:14,7e2bfe82-2409-5da9-968b-246723d3b167,패배,4/7/3
#8374708853,2026-09-09 20:14,dd292162-22fe-59b5-9f3e-7dc56a96567d,패배,0/6/5
#8374719819,2026-09-09 20:24,f5b1b3fc-5819-512f-8fc4-1e3f12e480f4,패배,2/6/6
#8374719819,2026-09-09 20:24,c9456c44-7c1e-5fd7-8907-737737772014,패배,12/7/8
#8374719819,2026-09-09 20:24,843f6b49-c018-52aa-932e-14bcba62e0cd,패배,3/8/10
#8374719819,2026-09-09 20:24,702dbc2f-105c-5ec9-b414-b980ad393153,패배,9/8/14
#8374719819,2026-09-09 20:24,9cf20ad8-ea37-5c6b-a6f7-3b5d69dce526,패배,1/5/23
#8374719819,2026-09-09 20:24,676f3610-d9c9-5727-a5bd-d93aac82cad2,승리,6/1/9
#8374719819,2026-09-09 20:24,f691451d-87d3-5db5-94cf-22971436cf70,승리,13/3/10
#8374719819,2026-09-09 20:24,33d4446b-a1b9-5b44-ae8a-2009b77218d4,승리,6/5/6
#8374719819,2026-09-09 20:24,4aa66eba-e75c-5e2e-8981-3451f6f89d18,승리,8/6/13
#8374719819,2026-09-09 20:24,bc7d9161-a7d7-559a-9a9f-ac3c63c6e84d,승리,1/12/22
#8374783087,2026-09-09 20:56,30b8a5b1-1f16-5bc1-aa73-125e56aa560c,패배,6/5/7
#8374783087,2026-09-09 20:56,5da6f598-fb7f-51f3-98ab-bf2dc8fb1003,패배,3/4/1
#8374783087,2026-09-09 20:56,fd30acf7-dfb6-55e3-8ee1-8463244a92d5,패배,7/3/6
#8374783087,2026-09-09 20:56,de788e96-8e64-5895-8539-94ccaf0c7078,패배,3/13/8
#8374783087,2026-09-09 20:56,dd292162-22fe-59b5-9f3e-7dc56a96567d,패배,5/10/6
#8374783087,2026-09-09 20:56,aa2fbfdd-c17f-5e1b-a04e-8567e1c45d5e,승리,4/1/5
#8374783087,2026-09-09 20:56,671680a6-c5c8-5457-a92b-91f0c83bfb91,승리,8/4/8
#8374783087,2026-09-09 20:56,b0eaa8e9-4c21-5666-83bf-cfbd56778a18,승리,3/4/6
#8374783087,2026-09-09 20:56,aa91628d-1def-593d-862a-968b8287a439,승리,5/9/17
#8374783087,2026-09-09 20:56,7e2bfe82-2409-5da9-968b-246723d3b167,승리,15/6/10
#8374795302,2026-09-09 21:08,676f3610-d9c9-5727-a5bd-d93aac82cad2,패배,1/4/1
#8374795302,2026-09-09 21:08,f5b1b3fc-5819-512f-8fc4-1e3f12e480f4,패배,1/4/3
#8374795302,2026-09-09 21:08,bc7d9161-a7d7-559a-9a9f-ac3c63c6e84d,패배,0/5/0
#8374795302,2026-09-09 21:08,702dbc2f-105c-5ec9-b414-b980ad393153,패배,5/3/1
#8374795302,2026-09-09 21:08,9cf20ad8-ea37-5c6b-a6f7-3b5d69dce526,패배,0/3/6
#8374795302,2026-09-09 21:08,f691451d-87d3-5db5-94cf-22971436cf70,승리,5/1/0
#8374795302,2026-09-09 21:08,c9456c44-7c1e-5fd7-8907-737737772014,승리,6/2/7
#8374795302,2026-09-09 21:08,843f6b49-c018-52aa-932e-14bcba62e0cd,승리,3/0/6
#8374795302,2026-09-09 21:08,33d4446b-a1b9-5b44-ae8a-2009b77218d4,승리,4/2/4
#8374795302,2026-09-09 21:08,aeae46fe-2d38-56d8-ac4a-fcb48eb4a13a,승리,1/2/10
#8374854233,2026-09-09 21:41,30b8a5b1-1f16-5bc1-aa73-125e56aa560c,패배,5/6/5
#8374854233,2026-09-09 21:41,b0eaa8e9-4c21-5666-83bf-cfbd56778a18,패배,2/5/2
#8374854233,2026-09-09 21:41,fd30acf7-dfb6-55e3-8ee1-8463244a92d5,패배,2/4/1
#8374854233,2026-09-09 21:41,de788e96-8e64-5895-8539-94ccaf0c7078,패배,2/7/3
#8374854233,2026-09-09 21:41,671680a6-c5c8-5457-a92b-91f0c83bfb91,패배,1/3/8
#8374854233,2026-09-09 21:41,aa2fbfdd-c17f-5e1b-a04e-8567e1c45d5e,승리,7/0/6
#8374854233,2026-09-09 21:41,5da6f598-fb7f-51f3-98ab-bf2dc8fb1003,승리,7/3/5
#8374854233,2026-09-09 21:41,7e2bfe82-2409-5da9-968b-246723d3b167,승리,4/3/4
#8374854233,2026-09-09 21:41,aa91628d-1def-593d-862a-968b8287a439,승리,6/3/5
#8374854233,2026-09-09 21:41,dd292162-22fe-59b5-9f3e-7dc56a96567d,승리,1/3/14
#8374860199,2026-09-09 21:45,702dbc2f-105c-5ec9-b414-b980ad393153,승리,8/8/6
#8374860199,2026-09-09 21:45,c9456c44-7c1e-5fd7-8907-737737772014,승리,13/5/14
#8374860199,2026-09-09 21:45,843f6b49-c018-52aa-932e-14bcba62e0cd,승리,11/7/4
#8374860199,2026-09-09 21:45,33d4446b-a1b9-5b44-ae8a-2009b77218d4,승리,10/6/15
#8374860199,2026-09-09 21:45,3e583936-ec9b-5f86-a923-77adcd637241,승리,3/6/19
#8374860199,2026-09-09 21:45,676f3610-d9c9-5727-a5bd-d93aac82cad2,패배,3/8/5
#8374860199,2026-09-09 21:45,f691451d-87d3-5db5-94cf-22971436cf70,패배,11/8/9
#8374860199,2026-09-09 21:45,9cf20ad8-ea37-5c6b-a6f7-3b5d69dce526,패배,14/8/10
#8374860199,2026-09-09 21:45,bc7d9161-a7d7-559a-9a9f-ac3c63c6e84d,패배,2/11/9
#8374860199,2026-09-09 21:45,aeae46fe-2d38-56d8-ac4a-fcb48eb4a13a,패배,2/10/8
#8374946838,2026-09-09 22:36,30b8a5b1-1f16-5bc1-aa73-125e56aa560c,승리,4/8/10
#8374946838,2026-09-09 22:36,c9456c44-7c1e-5fd7-8907-737737772014,승리,7/1/17
#8374946838,2026-09-09 22:36,33d4446b-a1b9-5b44-ae8a-2009b77218d4,승리,12/4/14
#8374946838,2026-09-09 22:36,1197e8f5-daec-5145-854e-a6f73237afc8,승리,13/5/8
#8374946838,2026-09-09 22:36,a2cff7d6-9172-5eb9-aa2d-56c3f2b0182f,승리,2/7/16
#8374946838,2026-09-09 22:36,3e583936-ec9b-5f86-a923-77adcd637241,패배,5/6/3
#8374946838,2026-09-09 22:36,bc7d9161-a7d7-559a-9a9f-ac3c63c6e84d,패배,3/6/11
#8374946838,2026-09-09 22:36,843f6b49-c018-52aa-932e-14bcba62e0cd,패배,2/9/5
#8374946838,2026-09-09 22:36,1a69a4f5-32c7-57f9-be56-fb56bf263513,패배,9/9/3
#8374946838,2026-09-09 22:36,f691451d-87d3-5db5-94cf-22971436cf70,패배,6/8/5
#8375030547,2026-09-09 23:23,30b8a5b1-1f16-5bc1-aa73-125e56aa560c,패배,0/5/10
#8375030547,2026-09-09 23:23,1a69a4f5-32c7-57f9-be56-fb56bf263513,승리,0/1/10
#8375030547,2026-09-09 23:23,f691451d-87d3-5db5-94cf-22971436cf70,승리,15/2/5
#8375030547,2026-09-09 23:23,33d4446b-a1b9-5b44-ae8a-2009b77218d4,승리,4/8/8
#8375030547,2026-09-09 23:23,f32b7e39-e110-5981-824f-907aa25cf6cc,승리,9/2/10
#8375030547,2026-09-09 23:23,3e583936-ec9b-5f86-a923-77adcd637241,승리,1/3/16
#8375030547,2026-09-09 23:23,454320a7-8c33-58cc-a8ce-300dd2f3c4b9,패배,6/4/4
#8375030547,2026-09-09 23:23,7e2bfe82-2409-5da9-968b-246723d3b167,패배,2/5/7
#8375030547,2026-09-09 23:23,1197e8f5-daec-5145-854e-a6f73237afc8,패배,5/7/3
#8375030547,2026-09-09 23:23,a2cff7d6-9172-5eb9-aa2d-56c3f2b0182f,패배,3/8/9
#8375121271,2026-09-10 00:18,30b8a5b1-1f16-5bc1-aa73-125e56aa560c,패배,6/10/12
#8375121271,2026-09-10 00:18,77bb09d0-2c95-596d-885a-3be23112cc76,승리,5/6/10
#8375121271,2026-09-10 00:18,fa6d5ea3-c57a-500a-9f4d-c2c1e9265684,승리,4/5/15
#8375121271,2026-09-10 00:18,7e2bfe82-2409-5da9-968b-246723d3b167,승리,14/7/10
#8375121271,2026-09-10 00:18,f691451d-87d3-5db5-94cf-22971436cf70,승리,11/7/9
#8375121271,2026-09-10 00:18,a2cff7d6-9172-5eb9-aa2d-56c3f2b0182f,승리,9/6/16
#8375121271,2026-09-10 00:18,1a69a4f5-32c7-57f9-be56-fb56bf263513,패배,7/4/15
#8375121271,2026-09-10 00:18,454320a7-8c33-58cc-a8ce-300dd2f3c4b9,패배,5/10/9
#8375121271,2026-09-10 00:18,5b3bf88d-076a-5339-9317-e6e1ba821cad,패배,11/10/11
#8375121271,2026-09-10 00:18,f32b7e39-e110-5981-824f-907aa25cf6cc,패배,2/9/20
#8375167894,2026-09-10 01:14,30b8a5b1-1f16-5bc1-aa73-125e56aa560c,패배,4/9/9
#8375167894,2026-09-10 01:14,7e2bfe82-2409-5da9-968b-246723d3b167,승리,9/6/5
#8375167894,2026-09-10 01:14,fa6d5ea3-c57a-500a-9f4d-c2c1e9265684,승리,13/6/12
#8375167894,2026-09-10 01:14,26583f10-50a4-5f03-b49b-8c3d8acfac5d,승리,2/4/12
#8375167894,2026-09-10 01:14,5b3bf88d-076a-5339-9317-e6e1ba821cad,승리,8/7/10
#8375167894,2026-09-10 01:14,f691451d-87d3-5db5-94cf-22971436cf70,승리,10/8/13
#8375167894,2026-09-10 01:14,77bb09d0-2c95-596d-885a-3be23112cc76,패배,4/9/5
#8375167894,2026-09-10 01:14,454320a7-8c33-58cc-a8ce-300dd2f3c4b9,패배,4/8/8
#8375167894,2026-09-10 01:14,1a69a4f5-32c7-57f9-be56-fb56bf263513,패배,12/7/7
#8375167894,2026-09-10 01:14,a2cff7d6-9172-5eb9-aa2d-56c3f2b0182f,패배,7/9/10
#8375209754,2026-09-10 02:04,454320a7-8c33-58cc-a8ce-300dd2f3c4b9,승리,6/3/2
#8375209754,2026-09-10 02:04,1a69a4f5-32c7-57f9-be56-fb56bf263513,승리,3/2/2
#8375209754,2026-09-10 02:04,fa6d5ea3-c57a-500a-9f4d-c2c1e9265684,승리,5/1/3
#8375209754,2026-09-10 02:04,f691451d-87d3-5db5-94cf-22971436cf70,승리,3/3/2
#8375209754,2026-09-10 02:04,26583f10-50a4-5f03-b49b-8c3d8acfac5d,승리,2/0/7
#8375209754,2026-09-10 02:04,77bb09d0-2c95-596d-885a-3be23112cc76,패배,2/3/1
#8375209754,2026-09-10 02:04,7e2bfe82-2409-5da9-968b-246723d3b167,패배,3/1/2
#8375209754,2026-09-10 02:04,6a4f5512-0b22-5bd1-ae85-8d8c07d751ab,패배,1/5/2
#8375209754,2026-09-10 02:04,a2cff7d6-9172-5eb9-aa2d-56c3f2b0182f,패배,3/6/0
#8375209754,2026-09-10 02:04,e25a31d2-835a-56f0-9cce-fd4438f88124,패배,0/4/3
#8375230882,2026-09-10 02:43,454320a7-8c33-58cc-a8ce-300dd2f3c4b9,패배,1/9/7
#8375230882,2026-09-10 02:43,77bb09d0-2c95-596d-885a-3be23112cc76,패배,2/11/1
#8375230882,2026-09-10 02:43,a2cff7d6-9172-5eb9-aa2d-56c3f2b0182f,패배,4/10/10
#8375230882,2026-09-10 02:43,e25a31d2-835a-56f0-9cce-fd4438f88124,패배,11/4/1
#8375230882,2026-09-10 02:43,74f1ee22-c5a2-59b2-91b9-8f6b6ef71b9b,패배,3/7/9
#8375230882,2026-09-10 02:43,7e2bfe82-2409-5da9-968b-246723d3b167,승리,5/4/13
#8375230882,2026-09-10 02:43,fa6d5ea3-c57a-500a-9f4d-c2c1e9265684,승리,24/3/11
#8375230882,2026-09-10 02:43,6a4f5512-0b22-5bd1-ae85-8d8c07d751ab,승리,3/5/13
#8375230882,2026-09-10 02:43,1a69a4f5-32c7-57f9-be56-fb56bf263513,승리,8/5/10
#8375230882,2026-09-10 02:43,f691451d-87d3-5db5-94cf-22971436cf70,승리,1/5/22
#8375786042,2026-09-10 20:12,3823a606-856c-5a41-9363-697967ef0d50,패배,1/2/1
#8375786042,2026-09-10 20:12,c9456c44-7c1e-5fd7-8907-737737772014,패배,1/5/1
#8375786042,2026-09-10 20:12,c0a4bb50-24f8-5d32-b20b-3e2a730399e7,패배,0/5/0
#8375786042,2026-09-10 20:12,33d4446b-a1b9-5b44-ae8a-2009b77218d4,패배,0/8/0
#8375786042,2026-09-10 20:12,bc7d9161-a7d7-559a-9a9f-ac3c63c6e84d,패배,1/5/0
#8375786042,2026-09-10 20:12,b374355f-b65d-52fe-990b-5e6accd3ae9c,승리,0/2/4
#8375786042,2026-09-10 20:12,671680a6-c5c8-5457-a92b-91f0c83bfb91,승리,3/0/9
#8375786042,2026-09-10 20:12,c0f6a404-6917-50b6-9289-79e4fb83e77e,승리,9/0/3
#8375786042,2026-09-10 20:12,aa91628d-1def-593d-862a-968b8287a439,승리,11/0/3
#8375786042,2026-09-10 20:12,32648f54-7e5b-571b-87d1-ee6ffdc14f5d,승리,2/1/15
#8375824519,2026-09-10 20:47,b374355f-b65d-52fe-990b-5e6accd3ae9c,패배,3/6/5
#8375824519,2026-09-10 20:47,671680a6-c5c8-5457-a92b-91f0c83bfb91,패배,6/5/6
#8375824519,2026-09-10 20:47,33d4446b-a1b9-5b44-ae8a-2009b77218d4,패배,0/7/8
#8375824519,2026-09-10 20:47,3823a606-856c-5a41-9363-697967ef0d50,패배,6/6/5
#8375824519,2026-09-10 20:47,aa91628d-1def-593d-862a-968b8287a439,패배,2/10/9
#8375824519,2026-09-10 20:47,c0f6a404-6917-50b6-9289-79e4fb83e77e,승리,14/4/8
#8375824519,2026-09-10 20:47,c9456c44-7c1e-5fd7-8907-737737772014,승리,5/3/9
#8375824519,2026-09-10 20:47,c0a4bb50-24f8-5d32-b20b-3e2a730399e7,승리,3/2/17
#8375824519,2026-09-10 20:47,32648f54-7e5b-571b-87d1-ee6ffdc14f5d,승리,10/4/7
#8375824519,2026-09-10 20:47,bc7d9161-a7d7-559a-9a9f-ac3c63c6e84d,승리,2/4/17
#8375883793,2026-09-10 21:29,33d4446b-a1b9-5b44-ae8a-2009b77218d4,승리,16/5/13
#8375883793,2026-09-10 21:29,b374355f-b65d-52fe-990b-5e6accd3ae9c,승리,8/6/23
#8375883793,2026-09-10 21:29,671680a6-c5c8-5457-a92b-91f0c83bfb91,승리,11/5/15
#8375883793,2026-09-10 21:29,c9456c44-7c1e-5fd7-8907-737737772014,승리,6/5/12
#8375883793,2026-09-10 21:29,c0f6a404-6917-50b6-9289-79e4fb83e77e,승리,1/8/26
#8375883793,2026-09-10 21:29,c0a4bb50-24f8-5d32-b20b-3e2a730399e7,패배,2/8/10
#8375883793,2026-09-10 21:29,bc7d9161-a7d7-559a-9a9f-ac3c63c6e84d,패배,4/10/6
#8375883793,2026-09-10 21:29,3823a606-856c-5a41-9363-697967ef0d50,패배,9/9/8
#8375883793,2026-09-10 21:29,32648f54-7e5b-571b-87d1-ee6ffdc14f5d,패배,13/10/9
#8375883793,2026-09-10 21:29,aa91628d-1def-593d-862a-968b8287a439,패배,1/5/24
#8375972828,2026-09-10 22:18,3e247e02-ecab-5b32-a0e2-6ded375a6e34,패배,3/6/5
#8375972828,2026-09-10 22:18,c9456c44-7c1e-5fd7-8907-737737772014,패배,6/4/6
#8375972828,2026-09-10 22:18,3823a606-856c-5a41-9363-697967ef0d50,패배,2/9/3
#8375972828,2026-09-10 22:18,48a9676c-6f4a-5dfb-9a36-fca24b95153a,패배,6/5/4
#8375972828,2026-09-10 22:18,bc7d9161-a7d7-559a-9a9f-ac3c63c6e84d,패배,0/9/11
#8375972828,2026-09-10 22:18,b374355f-b65d-52fe-990b-5e6accd3ae9c,승리,5/6/2
#8375972828,2026-09-10 22:18,671680a6-c5c8-5457-a92b-91f0c83bfb91,승리,9/2/9
#8375972828,2026-09-10 22:18,33d4446b-a1b9-5b44-ae8a-2009b77218d4,승리,9/1/9
#8375972828,2026-09-10 22:18,aa91628d-1def-593d-862a-968b8287a439,승리,8/5/6
#8375972828,2026-09-10 22:18,dd292162-22fe-59b5-9f3e-7dc56a96567d,승리,2/3/15
#8376062966,2026-09-10 23:15,cac75d28-bc8f-535a-9cba-80d88502dbd1,승리,0/3/15
#8376062966,2026-09-10 23:15,31e88dc8-bc4a-5b0e-b7f0-9d47bec34024,승리,7/3/7
#8376062966,2026-09-10 23:15,4f8efa45-702e-52f6-88b5-e6c3859449ef,승리,12/1/9
#8376062966,2026-09-10 23:15,3e247e02-ecab-5b32-a0e2-6ded375a6e34,승리,1/5/11
#8376062966,2026-09-10 23:15,1197e8f5-daec-5145-854e-a6f73237afc8,승리,6/4/7
#8376062966,2026-09-10 23:15,77bb09d0-2c95-596d-885a-3be23112cc76,패배,2/5/3
#8376062966,2026-09-10 23:15,aa2fbfdd-c17f-5e1b-a04e-8567e1c45d5e,패배,0/6/5
#8376062966,2026-09-10 23:15,fd30acf7-dfb6-55e3-8ee1-8463244a92d5,패배,8/4/4
#8376062966,2026-09-10 23:15,48a9676c-6f4a-5dfb-9a36-fca24b95153a,패배,4/7/5
#8376062966,2026-09-10 23:15,dd292162-22fe-59b5-9f3e-7dc56a96567d,패배,1/4/9
#8376158794,2026-09-11 00:16,f77ab658-de62-52da-a1e5-3a0b018e1495,승리,4/0/2
#8376158794,2026-09-11 00:16,c0a4bb50-24f8-5d32-b20b-3e2a730399e7,승리,3/2/9
#8376158794,2026-09-11 00:16,3e247e02-ecab-5b32-a0e2-6ded375a6e34,승리,1/2/6
#8376158794,2026-09-11 00:16,fa6d5ea3-c57a-500a-9f4d-c2c1e9265684,승리,14/3/4
#8376158794,2026-09-11 00:16,cac75d28-bc8f-535a-9cba-80d88502dbd1,승리,2/3/16
#8376158794,2026-09-11 00:16,77bb09d0-2c95-596d-885a-3be23112cc76,패배,0/4/0
#8376158794,2026-09-11 00:16,1197e8f5-daec-5145-854e-a6f73237afc8,패배,1/4/5
#8376158794,2026-09-11 00:16,fd30acf7-dfb6-55e3-8ee1-8463244a92d5,패배,5/4/0
#8376158794,2026-09-11 00:16,48a9676c-6f4a-5dfb-9a36-fca24b95153a,패배,3/7/2
#8376158794,2026-09-11 00:16,31e88dc8-bc4a-5b0e-b7f0-9d47bec34024,패배,1/5/4
#8376899759,2026-09-11 20:10,30b8a5b1-1f16-5bc1-aa73-125e56aa560c,패배,11/9/5
#8376899759,2026-09-11 20:10,5da6f598-fb7f-51f3-98ab-bf2dc8fb1003,패배,4/10/3
#8376899759,2026-09-11 20:10,843f6b49-c018-52aa-932e-14bcba62e0cd,패배,1/5/6
#8376899759,2026-09-11 20:10,aa91628d-1def-593d-862a-968b8287a439,패배,1/8/6
#8376899759,2026-09-11 20:10,f6913164-7a0a-5d4f-a898-54665431820b,패배,2/12/8
#8376899759,2026-09-11 20:10,bc7d9161-a7d7-559a-9a9f-ac3c63c6e84d,승리,8/4/18
#8376899759,2026-09-11 20:10,c9456c44-7c1e-5fd7-8907-737737772014,승리,5/7/13
#8376899759,2026-09-11 20:10,d4ed9d18-939c-549c-92bc-c2accb63a5f0,승리,15/2/14
#8376899759,2026-09-11 20:10,fc0f19c9-c655-5915-ad47-0ef0d2bff998,승리,10/1/15
#8376899759,2026-09-11 20:10,a2cff7d6-9172-5eb9-aa2d-56c3f2b0182f,승리,6/5/18
#8376966582,2026-09-11 20:53,30b8a5b1-1f16-5bc1-aa73-125e56aa560c,승리,6/3/7
#8376966582,2026-09-11 20:53,bc7d9161-a7d7-559a-9a9f-ac3c63c6e84d,승리,1/4/10
#8376966582,2026-09-11 20:53,a2cff7d6-9172-5eb9-aa2d-56c3f2b0182f,승리,12/3/9
#8376966582,2026-09-11 20:53,fc0f19c9-c655-5915-ad47-0ef0d2bff998,승리,6/4/10
#8376966582,2026-09-11 20:53,aa91628d-1def-593d-862a-968b8287a439,승리,4/6/15
#8376966582,2026-09-11 20:53,c9456c44-7c1e-5fd7-8907-737737772014,패배,4/6/1
#8376966582,2026-09-11 20:53,5da6f598-fb7f-51f3-98ab-bf2dc8fb1003,패배,7/4/7
#8376966582,2026-09-11 20:53,843f6b49-c018-52aa-932e-14bcba62e0cd,패배,2/4/9
#8376966582,2026-09-11 20:53,d4ed9d18-939c-549c-92bc-c2accb63a5f0,패배,7/7/6
#8376966582,2026-09-11 20:53,f6913164-7a0a-5d4f-a898-54665431820b,패배,0/8/9
#8377039490,2026-09-11 21:35,30b8a5b1-1f16-5bc1-aa73-125e56aa560c,승리,16/2/6
#8377039490,2026-09-11 21:35,c4c8cdc0-24db-5def-9120-c0eae39625cb,승리,2/1/12
#8377039490,2026-09-11 21:35,843f6b49-c018-52aa-932e-14bcba62e0cd,승리,9/2/12
#8377039490,2026-09-11 21:35,c9456c44-7c1e-5fd7-8907-737737772014,승리,5/4/9
#8377039490,2026-09-11 21:35,aa91628d-1def-593d-862a-968b8287a439,승리,0/3/25
#8377039490,2026-09-11 21:35,d4ed9d18-939c-549c-92bc-c2accb63a5f0,패배,1/6/0
#8377039490,2026-09-11 21:35,de788e96-8e64-5895-8539-94ccaf0c7078,패배,4/8/3
#8377039490,2026-09-11 21:35,f6913164-7a0a-5d4f-a898-54665431820b,패배,2/5/5
#8377039490,2026-09-11 21:35,fc0f19c9-c655-5915-ad47-0ef0d2bff998,패배,4/6/4
#8377039490,2026-09-11 21:35,bc7d9161-a7d7-559a-9a9f-ac3c63c6e84d,패배,1/7/7
#8377134140,2026-09-11 22:18,30b8a5b1-1f16-5bc1-aa73-125e56aa560c,패배,3/11/3
#8377134140,2026-09-11 22:18,b11b38c2-a223-5750-bd79-804eb7882764,승리,16/3/3
#8377134140,2026-09-11 22:18,de788e96-8e64-5895-8539-94ccaf0c7078,승리,7/0/14
#8377134140,2026-09-11 22:18,f6913164-7a0a-5d4f-a898-54665431820b,승리,8/0/10
#8377134140,2026-09-11 22:18,c9456c44-7c1e-5fd7-8907-737737772014,승리,3/4/8
#8377134140,2026-09-11 22:18,aa91628d-1def-593d-862a-968b8287a439,승리,1/4/17
#8377134140,2026-09-11 22:18,ce01c0d8-8ebf-57c1-b433-88aa89739103,패배,2/5/2
#8377134140,2026-09-11 22:18,843f6b49-c018-52aa-932e-14bcba62e0cd,패배,2/6/2
#8377134140,2026-09-11 22:18,fc0f19c9-c655-5915-ad47-0ef0d2bff998,패배,4/7/2
#8377134140,2026-09-11 22:18,bc7d9161-a7d7-559a-9a9f-ac3c63c6e84d,패배,0/6/8
#8377231738,2026-09-11 23:07,aa91628d-1def-593d-862a-968b8287a439,패배,3/3/1
#8377231738,2026-09-11 23:07,d18ec7c7-d61a-58b8-98d9-ee36e9b5ce58,승리,4/3/10
#8377231738,2026-09-11 23:07,ce01c0d8-8ebf-57c1-b433-88aa89739103,승리,5/0/9
#8377231738,2026-09-11 23:07,b11b38c2-a223-5750-bd79-804eb7882764,승리,12/0/1
#8377231738,2026-09-11 23:07,fc0f19c9-c655-5915-ad47-0ef0d2bff998,승리,3/4/2
#8377231738,2026-09-11 23:07,bc7d9161-a7d7-559a-9a9f-ac3c63c6e84d,승리,0/2/12
#8377231738,2026-09-11 23:07,3e247e02-ecab-5b32-a0e2-6ded375a6e34,패배,1/7/3
#8377231738,2026-09-11 23:07,671680a6-c5c8-5457-a92b-91f0c83bfb91,패배,4/7/1
#8377231738,2026-09-11 23:07,c9372432-0fdc-5fd3-b8e6-cbb273ca03fd,패배,1/4/4
#8377231738,2026-09-11 23:07,aa2fbfdd-c17f-5e1b-a04e-8567e1c45d5e,패배,0/3/6
#8377326264,2026-09-11 23:51,7e2bfe82-2409-5da9-968b-246723d3b167,승리,19/6/3
#8377326264,2026-09-11 23:51,676f3610-d9c9-5727-a5bd-d93aac82cad2,패배,4/11/8
#8377326264,2026-09-11 23:51,3e247e02-ecab-5b32-a0e2-6ded375a6e34,패배,1/6/12
#8377326264,2026-09-11 23:51,c9372432-0fdc-5fd3-b8e6-cbb273ca03fd,패배,8/3/7
#8377326264,2026-09-11 23:51,d18ec7c7-d61a-58b8-98d9-ee36e9b5ce58,패배,8/7/6
#8377326264,2026-09-11 23:51,aa2fbfdd-c17f-5e1b-a04e-8567e1c45d5e,패배,0/7/7
#8377326264,2026-09-11 23:51,c0a4bb50-24f8-5d32-b20b-3e2a730399e7,승리,5/3/17
#8377326264,2026-09-11 23:51,ce01c0d8-8ebf-57c1-b433-88aa89739103,승리,4/4/13
#8377326264,2026-09-11 23:51,671680a6-c5c8-5457-a92b-91f0c83bfb91,승리,6/2/7
#8377326264,2026-09-11 23:51,f691451d-87d3-5db5-94cf-22971436cf70,승리,0/6/16
#8377402960,2026-09-12 00:40,c0a4bb50-24f8-5d32-b20b-3e2a730399e7,승리,9/4/7
#8377402960,2026-09-12 00:40,ce01c0d8-8ebf-57c1-b433-88aa89739103,승리,11/4/14
#8377402960,2026-09-12 00:40,d18ec7c7-d61a-58b8-98d9-ee36e9b5ce58,승리,7/5/19
#8377402960,2026-09-12 00:40,671680a6-c5c8-5457-a92b-91f0c83bfb91,승리,8/8/9
#8377402960,2026-09-12 00:40,7e2bfe82-2409-5da9-968b-246723d3b167,승리,5/12/16
#8377402960,2026-09-12 00:40,3e247e02-ecab-5b32-a0e2-6ded375a6e34,패배,4/7/8
#8377402960,2026-09-12 00:40,f691451d-87d3-5db5-94cf-22971436cf70,패배,8/5/12
#8377402960,2026-09-12 00:40,79079bf7-8099-53bc-93f8-ea308ffd9170,패배,5/10/12
#8377402960,2026-09-12 00:40,9698fdaf-6098-5b6c-80f4-e1b06071009c,패배,6/9/9
#8377402960,2026-09-12 00:40,676f3610-d9c9-5727-a5bd-d93aac82cad2,패배,10/9/12
#8377500100,2026-09-12 01:26,f691451d-87d3-5db5-94cf-22971436cf70,승리,5/7/2
#8377500100,2026-09-12 01:26,c0a4bb50-24f8-5d32-b20b-3e2a730399e7,승리,7/7/14
#8377500100,2026-09-12 01:26,33d4446b-a1b9-5b44-ae8a-2009b77218d4,승리,21/8/6
#8377500100,2026-09-12 01:26,676f3610-d9c9-5727-a5bd-d93aac82cad2,승리,8/4/13
#8377500100,2026-09-12 01:26,9698fdaf-6098-5b6c-80f4-e1b06071009c,승리,1/0/29
#8377500100,2026-09-12 01:26,3e247e02-ecab-5b32-a0e2-6ded375a6e34,패배,6/7/8
#8377500100,2026-09-12 01:26,ce01c0d8-8ebf-57c1-b433-88aa89739103,패배,4/4/12
#8377500100,2026-09-12 01:26,79079bf7-8099-53bc-93f8-ea308ffd9170,패배,7/10/11
#8377500100,2026-09-12 01:26,671680a6-c5c8-5457-a92b-91f0c83bfb91,패배,5/9/9
#8377500100,2026-09-12 01:26,7e2bfe82-2409-5da9-968b-246723d3b167,패배,4/12/9
#8377541878,2026-09-12 02:15,676f3610-d9c9-5727-a5bd-d93aac82cad2,승리,5/1/5
#8377541878,2026-09-12 02:15,79079bf7-8099-53bc-93f8-ea308ffd9170,승리,8/2/5
#8377541878,2026-09-12 02:15,f691451d-87d3-5db5-94cf-22971436cf70,승리,5/4/4
#8377541878,2026-09-12 02:15,9698fdaf-6098-5b6c-80f4-e1b06071009c,승리,2/4/3
#8377541878,2026-09-12 02:15,3e247e02-ecab-5b32-a0e2-6ded375a6e34,승리,1/5/10
#8377541878,2026-09-12 02:15,ce01c0d8-8ebf-57c1-b433-88aa89739103,패배,1/2/1
#8377541878,2026-09-12 02:15,c0a4bb50-24f8-5d32-b20b-3e2a730399e7,패배,3/6/7
#8377541878,2026-09-12 02:15,7e2bfe82-2409-5da9-968b-246723d3b167,패배,7/7/0
#8377541878,2026-09-12 02:15,33d4446b-a1b9-5b44-ae8a-2009b77218d4,패배,4/4/5
#8377541878,2026-09-12 02:15,671680a6-c5c8-5457-a92b-91f0c83bfb91,패배,1/2/10
#8377587872,2026-09-12 02:59,f691451d-87d3-5db5-94cf-22971436cf70,패배,3/10/0
#8377587872,2026-09-12 02:59,c0a4bb50-24f8-5d32-b20b-3e2a730399e7,패배,1/8/4
#8377587872,2026-09-12 02:59,33d4446b-a1b9-5b44-ae8a-2009b77218d4,패배,1/10/2
#8377587872,2026-09-12 02:59,dc7ecf5f-0952-573d-9eae-96253295d4c5,패배,5/9/1
#8377587872,2026-09-12 02:59,12e4fa1c-6a14-5524-bbbb-e115cc63eb29,패배,2/6/6
#8377587872,2026-09-12 02:59,676f3610-d9c9-5727-a5bd-d93aac82cad2,승리,1/2/13
#8377587872,2026-09-12 02:59,ce01c0d8-8ebf-57c1-b433-88aa89739103,승리,12/1/5
#8377587872,2026-09-12 02:59,7e2bfe82-2409-5da9-968b-246723d3b167,승리,12/4/5
#8377587872,2026-09-12 02:59,671680a6-c5c8-5457-a92b-91f0c83bfb91,승리,9/1/11
#8377587872,2026-09-12 02:59,79079bf7-8099-53bc-93f8-ea308ffd9170,승리,9/4/10
#8377636013,2026-09-12 03:42,7e2bfe82-2409-5da9-968b-246723d3b167,패배,4/7/4
#8377636013,2026-09-12 03:42,c0a4bb50-24f8-5d32-b20b-3e2a730399e7,승리,5/3/7
#8377636013,2026-09-12 03:42,a7fe1bb4-32ca-51b2-9048-183e2cb1cce7,승리,3/3/10
#8377636013,2026-09-12 03:42,79079bf7-8099-53bc-93f8-ea308ffd9170,승리,7/7/7
#8377636013,2026-09-12 03:42,dc7ecf5f-0952-573d-9eae-96253295d4c5,승리,7/5/8
#8377636013,2026-09-12 03:42,a2cff7d6-9172-5eb9-aa2d-56c3f2b0182f,승리,2/5/15
#8377636013,2026-09-12 03:42,33d4446b-a1b9-5b44-ae8a-2009b77218d4,패배,2/7/5
#8377636013,2026-09-12 03:42,fa6d5ea3-c57a-500a-9f4d-c2c1e9265684,패배,11/2/6
#8377636013,2026-09-12 03:42,9698fdaf-6098-5b6c-80f4-e1b06071009c,패배,3/5/5
#8377636013,2026-09-12 03:42,f691451d-87d3-5db5-94cf-22971436cf70,패배,2/3/15
#8378453044,2026-09-12 20:22,454320a7-8c33-58cc-a8ce-300dd2f3c4b9,승리,10/2/11
#8378453044,2026-09-12 20:22,15e34f7e-6eb9-5638-b11d-47284ddad510,승리,2/1/9
#8378453044,2026-09-12 20:22,571b9bb0-8cd9-5b9e-81e6-814b49141ad4,승리,4/2/11
#8378453044,2026-09-12 20:22,fc0f19c9-c655-5915-ad47-0ef0d2bff998,승리,17/2/7
#8378453044,2026-09-12 20:22,f5b1b3fc-5819-512f-8fc4-1e3f12e480f4,승리,2/4/20
#8378453044,2026-09-12 20:22,2988b6ec-4d8c-5cf7-88ea-be08c42a1416,패배,0/6/3
#8378453044,2026-09-12 20:22,5da6f598-fb7f-51f3-98ab-bf2dc8fb1003,패배,4/7/4
#8378453044,2026-09-12 20:22,bca1f7cc-4819-538b-a4d9-9bbcd8a42c51,패배,3/8/3
#8378453044,2026-09-12 20:22,1d7539b5-5566-57d4-b9cd-5158923a589d,패배,3/7/4
#8378453044,2026-09-12 20:22,cdbeeaa3-2d54-5732-8cbe-e5643e6561f4,패배,1/7/8
#8378446161,2026-09-12 20:22,aa2fbfdd-c17f-5e1b-a04e-8567e1c45d5e,승리,0/3/11
#8378446161,2026-09-12 20:22,108ad62e-8642-5e2e-88b4-f0cc8b19efa4,승리,14/2/14
#8378446161,2026-09-12 20:22,843f6b49-c018-52aa-932e-14bcba62e0cd,승리,2/1/22
#8378446161,2026-09-12 20:22,aa91628d-1def-593d-862a-968b8287a439,승리,18/3/12
#8378446161,2026-09-12 20:22,1b9aa7ca-461b-5d31-8834-7816dd82589b,승리,3/7/26
#8378446161,2026-09-12 20:22,5e13fc05-ff0c-5435-80dd-63bbd252f467,패배,1/4/3
#8378446161,2026-09-12 20:22,671680a6-c5c8-5457-a92b-91f0c83bfb91,패배,3/8/7
#8378446161,2026-09-12 20:22,33d4446b-a1b9-5b44-ae8a-2009b77218d4,패배,4/4/4
#8378446161,2026-09-12 20:22,702dbc2f-105c-5ec9-b414-b980ad393153,패배,7/7/5
#8378446161,2026-09-12 20:22,3e247e02-ecab-5b32-a0e2-6ded375a6e34,패배,1/14/9
#8378453107,2026-09-12 20:23,7194b576-83cd-53a8-bd90-250ef2973cb2,패배,3/4/4
#8378453107,2026-09-12 20:23,f77ab658-de62-52da-a1e5-3a0b018e1495,승리,4/2/6
#8378453107,2026-09-12 20:23,ca35d025-a97f-5e6f-a185-1a3e0bc24c0c,승리,3/3/10
#8378453107,2026-09-12 20:23,7e2bfe82-2409-5da9-968b-246723d3b167,승리,12/4/4
#8378453107,2026-09-12 20:23,de788e96-8e64-5895-8539-94ccaf0c7078,승리,3/2/7
#8378453107,2026-09-12 20:23,bc7d9161-a7d7-559a-9a9f-ac3c63c6e84d,승리,1/3/14
#8378453107,2026-09-12 20:23,f6913164-7a0a-5d4f-a898-54665431820b,패배,0/4/3
#8378453107,2026-09-12 20:23,3e583936-ec9b-5f86-a923-77adcd637241,패배,6/6/5
#8378453107,2026-09-12 20:23,d4ed9d18-939c-549c-92bc-c2accb63a5f0,패배,5/5/8
#8378453107,2026-09-12 20:23,3618145e-ae1d-53c5-82ab-11ae6836ea95,패배,0/4/10
#8378455242,2026-09-12 20:27,77a65121-6eb2-5e4a-af35-c55ad40ec191,패배,2/8/6
#8378455242,2026-09-12 20:27,5b3bf88d-076a-5339-9317-e6e1ba821cad,패배,12/9/16
#8378455242,2026-09-12 20:27,79079bf7-8099-53bc-93f8-ea308ffd9170,패배,6/9/13
#8378455242,2026-09-12 20:27,48a9676c-6f4a-5dfb-9a36-fca24b95153a,패배,8/11/8
#8378455242,2026-09-12 20:27,dd292162-22fe-59b5-9f3e-7dc56a96567d,패배,2/9/16
#8378455242,2026-09-12 20:27,676f3610-d9c9-5727-a5bd-d93aac82cad2,승리,8/4/10
#8378455242,2026-09-12 20:27,c0a4bb50-24f8-5d32-b20b-3e2a730399e7,승리,5/8/30
#8378455242,2026-09-12 20:27,b11b38c2-a223-5750-bd79-804eb7882764,승리,11/4/22
#8378455242,2026-09-12 20:27,32648f54-7e5b-571b-87d1-ee6ffdc14f5d,승리,22/4/8
#8378455242,2026-09-12 20:27,bf515608-1608-5c9f-91bb-25b56f3b1050,승리,0/10/28
#8378467553,2026-09-12 20:45,72e917d7-9f4e-52b2-82ad-8c7d8741ad78,승리,13/7/8
#8378467553,2026-09-12 20:45,9698fdaf-6098-5b6c-80f4-e1b06071009c,패배,2/6/10
#8378467553,2026-09-12 20:45,fa6d5ea3-c57a-500a-9f4d-c2c1e9265684,패배,9/8/5
#8378467553,2026-09-12 20:45,26583f10-50a4-5f03-b49b-8c3d8acfac5d,패배,4/5/8
#8378467553,2026-09-12 20:45,04bae512-786a-57b8-9080-f818034e533f,패배,12/11/6
#8378467553,2026-09-12 20:45,73291f2a-d93a-59c4-8627-10679a8932a6,패배,0/7/17
#8378467553,2026-09-12 20:45,898843b8-3f65-555f-9dcb-d566ebcd206e,승리,6/4/10
#8378467553,2026-09-12 20:45,015afc84-5281-50ca-bbd0-3773fe9d3b2f,승리,11/5/7
#8378467553,2026-09-12 20:45,f691451d-87d3-5db5-94cf-22971436cf70,승리,7/5/13
#8378467553,2026-09-12 20:45,dc7ecf5f-0952-573d-9eae-96253295d4c5,승리,0/6/22
#8378502309,2026-09-12 20:57,454320a7-8c33-58cc-a8ce-300dd2f3c4b9,패배,1/5/4
#8378502309,2026-09-12 20:57,bca1f7cc-4819-538b-a4d9-9bbcd8a42c51,승리,2/2/3
#8378502309,2026-09-12 20:57,5da6f598-fb7f-51f3-98ab-bf2dc8fb1003,승리,2/2/10
#8378502309,2026-09-12 20:57,2988b6ec-4d8c-5cf7-88ea-be08c42a1416,승리,7/0/9
#8378502309,2026-09-12 20:57,1d7539b5-5566-57d4-b9cd-5158923a589d,승리,15/3/6
#8378502309,2026-09-12 20:57,cdbeeaa3-2d54-5732-8cbe-e5643e6561f4,승리,2/2/15
#8378502309,2026-09-12 20:57,15e34f7e-6eb9-5638-b11d-47284ddad510,패배,2/3/4
#8378502309,2026-09-12 20:57,571b9bb0-8cd9-5b9e-81e6-814b49141ad4,패배,3/6/5
#8378502309,2026-09-12 20:57,fc0f19c9-c655-5915-ad47-0ef0d2bff998,패배,2/6/4
#8378502309,2026-09-12 20:57,f5b1b3fc-5819-512f-8fc4-1e3f12e480f4,패배,1/8/5
#8378505651,2026-09-12 21:01,7194b576-83cd-53a8-bd90-250ef2973cb2,승리,11/4/8
#8378505651,2026-09-12 21:01,d4ed9d18-939c-549c-92bc-c2accb63a5f0,승리,8/2/9
#8378505651,2026-09-12 21:01,3e583936-ec9b-5f86-a923-77adcd637241,승리,6/0/16
#8378505651,2026-09-12 21:01,f6913164-7a0a-5d4f-a898-54665431820b,승리,6/4/10
#8378505651,2026-09-12 21:01,3618145e-ae1d-53c5-82ab-11ae6836ea95,승리,2/2/20
#8378505651,2026-09-12 21:01,f77ab658-de62-52da-a1e5-3a0b018e1495,패배,0/7/4
#8378505651,2026-09-12 21:01,ca35d025-a97f-5e6f-a185-1a3e0bc24c0c,패배,2/5/7
#8378505651,2026-09-12 21:01,7e2bfe82-2409-5da9-968b-246723d3b167,패배,6/6/1
#8378505651,2026-09-12 21:01,de788e96-8e64-5895-8539-94ccaf0c7078,패배,4/7/2
#8378505651,2026-09-12 21:01,bc7d9161-a7d7-559a-9a9f-ac3c63c6e84d,패배,0/8/8
#8378517996,2026-09-12 21:12,3e247e02-ecab-5b32-a0e2-6ded375a6e34,패배,0/7/4
#8378517996,2026-09-12 21:12,671680a6-c5c8-5457-a92b-91f0c83bfb91,패배,9/5/6
#8378517996,2026-09-12 21:12,33d4446b-a1b9-5b44-ae8a-2009b77218d4,패배,4/3/8
#8378517996,2026-09-12 21:12,5e13fc05-ff0c-5435-80dd-63bbd252f467,패배,5/5/10
#8378517996,2026-09-12 21:12,702dbc2f-105c-5ec9-b414-b980ad393153,패배,2/4/15
#8378517996,2026-09-12 21:12,aa2fbfdd-c17f-5e1b-a04e-8567e1c45d5e,승리,6/1/9
#8378517996,2026-09-12 21:12,108ad62e-8642-5e2e-88b4-f0cc8b19efa4,승리,2/4/9
#8378517996,2026-09-12 21:12,843f6b49-c018-52aa-932e-14bcba62e0cd,승리,4/4/9
#8378517996,2026-09-12 21:12,aa91628d-1def-593d-862a-968b8287a439,승리,12/5/7
#8378517996,2026-09-12 21:12,1b9aa7ca-461b-5d31-8834-7816dd82589b,승리,0/6/21
#8378538893,2026-09-12 21:23,676f3610-d9c9-5727-a5bd-d93aac82cad2,승리,6/2/6
#8378538893,2026-09-12 21:23,c0a4bb50-24f8-5d32-b20b-3e2a730399e7,승리,2/5/7
#8378538893,2026-09-12 21:23,b11b38c2-a223-5750-bd79-804eb7882764,승리,4/2/5
#8378538893,2026-09-12 21:23,32648f54-7e5b-571b-87d1-ee6ffdc14f5d,승리,6/7/10
#8378538893,2026-09-12 21:23,bf515608-1608-5c9f-91bb-25b56f3b1050,승리,1/5/15
#8378538893,2026-09-12 21:23,77a65121-6eb2-5e4a-af35-c55ad40ec191,패배,2/5/7
#8378538893,2026-09-12 21:23,5b3bf88d-076a-5339-9317-e6e1ba821cad,패배,8/5/6
#8378538893,2026-09-12 21:23,79079bf7-8099-53bc-93f8-ea308ffd9170,패배,4/3/7
#8378538893,2026-09-12 21:23,48a9676c-6f4a-5dfb-9a36-fca24b95153a,패배,6/4/8
#8378538893,2026-09-12 21:23,dd292162-22fe-59b5-9f3e-7dc56a96567d,패배,1/3/11
#8378582216,2026-09-12 21:38,454320a7-8c33-58cc-a8ce-300dd2f3c4b9,패배,1/5/3
#8378582216,2026-09-12 21:38,15e34f7e-6eb9-5638-b11d-47284ddad510,패배,1/6/1
#8378582216,2026-09-12 21:38,571b9bb0-8cd9-5b9e-81e6-814b49141ad4,패배,4/5/3
#8378582216,2026-09-12 21:38,fc0f19c9-c655-5915-ad47-0ef0d2bff998,패배,2/5/2
#8378582216,2026-09-12 21:38,f5b1b3fc-5819-512f-8fc4-1e3f12e480f4,패배,0/7/2
#8378582216,2026-09-12 21:38,bca1f7cc-4819-538b-a4d9-9bbcd8a42c51,승리,9/2/1
#8378582216,2026-09-12 21:38,5da6f598-fb7f-51f3-98ab-bf2dc8fb1003,승리,6/0/10
#8378582216,2026-09-12 21:38,2988b6ec-4d8c-5cf7-88ea-be08c42a1416,승리,4/3/7
#8378582216,2026-09-12 21:38,1d7539b5-5566-57d4-b9cd-5158923a589d,승리,9/2/8
#8378582216,2026-09-12 21:38,cdbeeaa3-2d54-5732-8cbe-e5643e6561f4,승리,0/1/19
#8378583299,2026-09-12 21:38,7194b576-83cd-53a8-bd90-250ef2973cb2,승리,10/3/4
#8378583299,2026-09-12 21:38,f77ab658-de62-52da-a1e5-3a0b018e1495,패배,1/4/1
#8378583299,2026-09-12 21:38,ca35d025-a97f-5e6f-a185-1a3e0bc24c0c,패배,4/5/4
#8378583299,2026-09-12 21:38,7e2bfe82-2409-5da9-968b-246723d3b167,패배,6/5/4
#8378583299,2026-09-12 21:38,de788e96-8e64-5895-8539-94ccaf0c7078,패배,3/4/2
#8378583299,2026-09-12 21:38,bc7d9161-a7d7-559a-9a9f-ac3c63c6e84d,패배,2/6/9
#8378583299,2026-09-12 21:38,f6913164-7a0a-5d4f-a898-54665431820b,승리,3/3/14
#8378583299,2026-09-12 21:38,3e583936-ec9b-5f86-a923-77adcd637241,승리,0/6/11
#8378583299,2026-09-12 21:38,d4ed9d18-939c-549c-92bc-c2accb63a5f0,승리,9/3/7
#8378583299,2026-09-12 21:38,3618145e-ae1d-53c5-82ab-11ae6836ea95,승리,2/1/16
#8378580924,2026-09-12 21:50,72e917d7-9f4e-52b2-82ad-8c7d8741ad78,패배,7/10/13
#8378580924,2026-09-12 21:50,898843b8-3f65-555f-9dcb-d566ebcd206e,승리,7/8/11
#8378580924,2026-09-12 21:50,b5380629-d74b-5796-8e72-98a060d864de,승리,13/9/9
#8378580924,2026-09-12 21:50,f691451d-87d3-5db5-94cf-22971436cf70,승리,9/7/10
#8378580924,2026-09-12 21:50,04bae512-786a-57b8-9080-f818034e533f,승리,9/7/12
#8378580924,2026-09-12 21:50,9698fdaf-6098-5b6c-80f4-e1b06071009c,승리,2/8/21
#8378580924,2026-09-12 21:50,73291f2a-d93a-59c4-8627-10679a8932a6,패배,6/8/16
#8378580924,2026-09-12 21:50,fa6d5ea3-c57a-500a-9f4d-c2c1e9265684,패배,13/9/17
#8378580924,2026-09-12 21:50,dc7ecf5f-0952-573d-9eae-96253295d4c5,패배,8/2/11
#8378580924,2026-09-12 21:50,26583f10-50a4-5f03-b49b-8c3d8acfac5d,패배,5/11/14
#8378678091,2026-09-12 22:22,d4ed9d18-939c-549c-92bc-c2accb63a5f0,승리,8/0/2
#8378678091,2026-09-12 22:22,3e583936-ec9b-5f86-a923-77adcd637241,승리,2/1/8
#8378678091,2026-09-12 22:22,f6913164-7a0a-5d4f-a898-54665431820b,승리,3/0/2
#8378678091,2026-09-12 22:22,7194b576-83cd-53a8-bd90-250ef2973cb2,승리,7/0/3
#8378678091,2026-09-12 22:22,3618145e-ae1d-53c5-82ab-11ae6836ea95,승리,0/0/11
#8378678091,2026-09-12 22:22,676f3610-d9c9-5727-a5bd-d93aac82cad2,패배,0/5/0
#8378678091,2026-09-12 22:22,c0a4bb50-24f8-5d32-b20b-3e2a730399e7,패배,1/4/0
#8378678091,2026-09-12 22:22,b11b38c2-a223-5750-bd79-804eb7882764,패배,0/4/0
#8378678091,2026-09-12 22:22,32648f54-7e5b-571b-87d1-ee6ffdc14f5d,패배,0/2/0
#8378678091,2026-09-12 22:22,bf515608-1608-5c9f-91bb-25b56f3b1050,패배,0/5/1
#8378685254,2026-09-12 22:28,bca1f7cc-4819-538b-a4d9-9bbcd8a42c51,승리,3/1/20
#8378685254,2026-09-12 22:28,2988b6ec-4d8c-5cf7-88ea-be08c42a1416,승리,14/3/9
#8378685254,2026-09-12 22:28,5da6f598-fb7f-51f3-98ab-bf2dc8fb1003,승리,6/3/23
#8378685254,2026-09-12 22:28,1d7539b5-5566-57d4-b9cd-5158923a589d,승리,8/3/13
#8378685254,2026-09-12 22:28,cdbeeaa3-2d54-5732-8cbe-e5643e6561f4,승리,0/3/24
#8378685254,2026-09-12 22:28,aa2fbfdd-c17f-5e1b-a04e-8567e1c45d5e,패배,2/5/2
#8378685254,2026-09-12 22:28,843f6b49-c018-52aa-932e-14bcba62e0cd,패배,3/6/4
#8378685254,2026-09-12 22:28,108ad62e-8642-5e2e-88b4-f0cc8b19efa4,패배,4/6/6
#8378685254,2026-09-12 22:28,aa91628d-1def-593d-862a-968b8287a439,패배,4/7/5
#8378685254,2026-09-12 22:28,1b9aa7ca-461b-5d31-8834-7816dd82589b,패배,0/7/9
#8378717775,2026-09-12 22:50,9cf20ad8-ea37-5c6b-a6f7-3b5d69dce526,승리,5/5/13
#8378717775,2026-09-12 22:50,fa6d5ea3-c57a-500a-9f4d-c2c1e9265684,승리,5/6/18
#8378717775,2026-09-12 22:50,dc7ecf5f-0952-573d-9eae-96253295d4c5,승리,17/3/7
#8378717775,2026-09-12 22:50,9698fdaf-6098-5b6c-80f4-e1b06071009c,승리,11/4/11
#8378717775,2026-09-12 22:50,bc7d9161-a7d7-559a-9a9f-ac3c63c6e84d,승리,2/6/23
#8378717775,2026-09-12 22:50,898843b8-3f65-555f-9dcb-d566ebcd206e,패배,3/10/1
#8378717775,2026-09-12 22:50,f691451d-87d3-5db5-94cf-22971436cf70,패배,8/5/10
#8378717775,2026-09-12 22:50,26583f10-50a4-5f03-b49b-8c3d8acfac5d,패배,6/7/7
#8378717775,2026-09-12 22:50,04bae512-786a-57b8-9080-f818034e533f,패배,5/8/8
#8378717775,2026-09-12 22:50,c9456c44-7c1e-5fd7-8907-737737772014,패배,2/10/11
#8378810027,2026-09-12 23:22,d4ed9d18-939c-549c-92bc-c2accb63a5f0,승리,2/3/2
#8378810027,2026-09-12 23:22,3e583936-ec9b-5f86-a923-77adcd637241,승리,7/3/8
#8378810027,2026-09-12 23:22,f6913164-7a0a-5d4f-a898-54665431820b,승리,5/2/14
#8378810027,2026-09-12 23:22,7194b576-83cd-53a8-bd90-250ef2973cb2,승리,13/4/10
#8378810027,2026-09-12 23:22,3618145e-ae1d-53c5-82ab-11ae6836ea95,승리,3/3/20
#8378810027,2026-09-12 23:22,2988b6ec-4d8c-5cf7-88ea-be08c42a1416,패배,3/5/0
#8378810027,2026-09-12 23:22,5da6f598-fb7f-51f3-98ab-bf2dc8fb1003,패배,2/6/4
#8378810027,2026-09-12 23:22,bca1f7cc-4819-538b-a4d9-9bbcd8a42c51,패배,4/5/6
#8378810027,2026-09-12 23:22,1d7539b5-5566-57d4-b9cd-5158923a589d,패배,6/7/3
#8378810027,2026-09-12 23:22,cdbeeaa3-2d54-5732-8cbe-e5643e6561f4,패배,0/7/7
#8378822266,2026-09-12 23:37,898843b8-3f65-555f-9dcb-d566ebcd206e,승리,12/3/8
#8378822266,2026-09-12 23:37,f691451d-87d3-5db5-94cf-22971436cf70,승리,12/6/16
#8378822266,2026-09-12 23:37,26583f10-50a4-5f03-b49b-8c3d8acfac5d,승리,11/4/9
#8378822266,2026-09-12 23:37,c9456c44-7c1e-5fd7-8907-737737772014,승리,7/6/19
#8378822266,2026-09-12 23:37,bc7d9161-a7d7-559a-9a9f-ac3c63c6e84d,승리,3/3/26
#8378822266,2026-09-12 23:37,3e247e02-ecab-5b32-a0e2-6ded375a6e34,패배,6/8/2
#8378822266,2026-09-12 23:37,ce01c0d8-8ebf-57c1-b433-88aa89739103,패배,6/10/8
#8378822266,2026-09-12 23:37,2bad60d3-3fbc-5408-aed7-02038de352dd,패배,1/7/6
#8378822266,2026-09-12 23:37,fa6d5ea3-c57a-500a-9f4d-c2c1e9265684,패배,5/12/4
#8378822266,2026-09-12 23:37,9cf20ad8-ea37-5c6b-a6f7-3b5d69dce526,패배,4/8/12
#8378858050,2026-09-12 23:51,676f3610-d9c9-5727-a5bd-d93aac82cad2,승리,3/6/14
#8378858050,2026-09-12 23:51,702dbc2f-105c-5ec9-b414-b980ad393153,승리,10/3/20
#8378858050,2026-09-12 23:51,33d4446b-a1b9-5b44-ae8a-2009b77218d4,승리,15/8/10
#8378858050,2026-09-12 23:51,48a9676c-6f4a-5dfb-9a36-fca24b95153a,승리,9/3/7
#8378858050,2026-09-12 23:51,77a65121-6eb2-5e4a-af35-c55ad40ec191,승리,2/2/15
#8378858050,2026-09-12 23:51,aa2fbfdd-c17f-5e1b-a04e-8567e1c45d5e,패배,4/3/9
#8378858050,2026-09-12 23:51,fc0f19c9-c655-5915-ad47-0ef0d2bff998,패배,4/9/10
#8378858050,2026-09-12 23:51,fd30acf7-dfb6-55e3-8ee1-8463244a92d5,패배,8/12/5
#8378858050,2026-09-12 23:51,d18ec7c7-d61a-58b8-98d9-ee36e9b5ce58,패배,6/6/6
#8378858050,2026-09-12 23:51,aa91628d-1def-593d-862a-968b8287a439,패배,0/9/10
#8378922704,2026-09-13 00:28,9cf20ad8-ea37-5c6b-a6f7-3b5d69dce526,승리,19/2/1
#8378922704,2026-09-13 00:28,ce01c0d8-8ebf-57c1-b433-88aa89739103,승리,5/4/3
#8378922704,2026-09-13 00:28,fa6d5ea3-c57a-500a-9f4d-c2c1e9265684,승리,5/3/11
#8378922704,2026-09-13 00:28,c9456c44-7c1e-5fd7-8907-737737772014,승리,6/7/5
#8378922704,2026-09-13 00:28,898843b8-3f65-555f-9dcb-d566ebcd206e,승리,1/7/13
#8378922704,2026-09-13 00:28,bc7d9161-a7d7-559a-9a9f-ac3c63c6e84d,패배,1/9/3
#8378922704,2026-09-13 00:28,f691451d-87d3-5db5-94cf-22971436cf70,패배,9/10/4
#8378922704,2026-09-13 00:28,2bad60d3-3fbc-5408-aed7-02038de352dd,패배,1/6/5
#8378922704,2026-09-13 00:28,3e247e02-ecab-5b32-a0e2-6ded375a6e34,패배,11/6/4
#8378922704,2026-09-13 00:28,0b69abc1-a13f-5185-85f8-30968b3f5c08,패배,1/5/15
#8378950469,2026-09-13 00:40,676f3610-d9c9-5727-a5bd-d93aac82cad2,패배,3/7/4
#8378950469,2026-09-13 00:40,d18ec7c7-d61a-58b8-98d9-ee36e9b5ce58,패배,7/6/6
#8378950469,2026-09-13 00:40,fd30acf7-dfb6-55e3-8ee1-8463244a92d5,패배,4/7/4
#8378950469,2026-09-13 00:40,48a9676c-6f4a-5dfb-9a36-fca24b95153a,패배,5/6/3
#8378950469,2026-09-13 00:40,77a65121-6eb2-5e4a-af35-c55ad40ec191,패배,0/7/7
#8378950469,2026-09-13 00:40,aa2fbfdd-c17f-5e1b-a04e-8567e1c45d5e,승리,3/3/13
#8378950469,2026-09-13 00:40,702dbc2f-105c-5ec9-b414-b980ad393153,승리,10/5/7
#8378950469,2026-09-13 00:40,33d4446b-a1b9-5b44-ae8a-2009b77218d4,승리,5/3/16
#8378950469,2026-09-13 00:40,fc0f19c9-c655-5915-ad47-0ef0d2bff998,승리,14/3/4
#8378950469,2026-09-13 00:40,aa91628d-1def-593d-862a-968b8287a439,승리,1/5/22
#8379025400,2026-09-13 01:26,77a65121-6eb2-5e4a-af35-c55ad40ec191,승리,11/0/6
#8379025400,2026-09-13 01:26,702dbc2f-105c-5ec9-b414-b980ad393153,승리,3/6/15
#8379025400,2026-09-13 01:26,d18ec7c7-d61a-58b8-98d9-ee36e9b5ce58,승리,11/1/10
#8379025400,2026-09-13 01:26,fc0f19c9-c655-5915-ad47-0ef0d2bff998,승리,11/6/10
#8379025400,2026-09-13 01:26,48a9676c-6f4a-5dfb-9a36-fca24b95153a,승리,4/7/17
#8379025400,2026-09-13 01:26,aa2fbfdd-c17f-5e1b-a04e-8567e1c45d5e,패배,3/9/3
#8379025400,2026-09-13 01:26,676f3610-d9c9-5727-a5bd-d93aac82cad2,패배,7/7/7
#8379025400,2026-09-13 01:26,fd30acf7-dfb6-55e3-8ee1-8463244a92d5,패배,2/9/5
#8379025400,2026-09-13 01:26,33d4446b-a1b9-5b44-ae8a-2009b77218d4,패배,8/6/8
#8379025400,2026-09-13 01:26,aa91628d-1def-593d-862a-968b8287a439,패배,0/9/14
#8379081875,2026-09-13 02:12,33d4446b-a1b9-5b44-ae8a-2009b77218d4,승리,5/2/7
#8379081875,2026-09-13 02:12,fa6d5ea3-c57a-500a-9f4d-c2c1e9265684,승리,9/5/8
#8379081875,2026-09-13 02:12,d18ec7c7-d61a-58b8-98d9-ee36e9b5ce58,승리,9/0/5
#8379081875,2026-09-13 02:12,48a9676c-6f4a-5dfb-9a36-fca24b95153a,승리,7/1/3
#8379081875,2026-09-13 02:12,cac75d28-bc8f-535a-9cba-80d88502dbd1,승리,0/3/15
#8379081875,2026-09-13 02:12,77a65121-6eb2-5e4a-af35-c55ad40ec191,패배,1/7/2
#8379081875,2026-09-13 02:12,108ad62e-8642-5e2e-88b4-f0cc8b19efa4,패배,5/9/2
#8379081875,2026-09-13 02:12,702dbc2f-105c-5ec9-b414-b980ad393153,패배,2/6/3
#8379081875,2026-09-13 02:12,fc0f19c9-c655-5915-ad47-0ef0d2bff998,패배,3/6/2
#8379081875,2026-09-13 02:12,aa91628d-1def-593d-862a-968b8287a439,패배,0/2/3
#8379140013,2026-09-13 02:50,454320a7-8c33-58cc-a8ce-300dd2f3c4b9,패배,3/11/6
#8379140013,2026-09-13 02:50,6a4f5512-0b22-5bd1-ae85-8d8c07d751ab,승리,9/8/11
#8379140013,2026-09-13 02:50,fa6d5ea3-c57a-500a-9f4d-c2c1e9265684,승리,8/8/11
#8379140013,2026-09-13 02:50,79079bf7-8099-53bc-93f8-ea308ffd9170,승리,17/3/17
#8379140013,2026-09-13 02:50,fc0f19c9-c655-5915-ad47-0ef0d2bff998,승리,14/2/23
#8379140013,2026-09-13 02:50,cac75d28-bc8f-535a-9cba-80d88502dbd1,승리,4/2/37
#8379140013,2026-09-13 02:50,702dbc2f-105c-5ec9-b414-b980ad393153,패배,9/7/5
#8379140013,2026-09-13 02:50,ce01c0d8-8ebf-57c1-b433-88aa89739103,패배,5/8/8
#8379140013,2026-09-13 02:50,77a65121-6eb2-5e4a-af35-c55ad40ec191,패배,5/10/9
#8379140013,2026-09-13 02:50,a2cff7d6-9172-5eb9-aa2d-56c3f2b0182f,패배,1/16/9
#8379161559,2026-09-13 03:32,702dbc2f-105c-5ec9-b414-b980ad393153,승리,7/6/14
#8379161559,2026-09-13 03:32,fa6d5ea3-c57a-500a-9f4d-c2c1e9265684,승리,10/7/10
#8379161559,2026-09-13 03:32,454320a7-8c33-58cc-a8ce-300dd2f3c4b9,승리,11/3/21
#8379161559,2026-09-13 03:32,fc0f19c9-c655-5915-ad47-0ef0d2bff998,승리,11/6/9
#8379161559,2026-09-13 03:32,dd48b93f-132a-56f2-aa29-95bddefc4a53,승리,1/8/19
#8379161559,2026-09-13 03:32,79079bf7-8099-53bc-93f8-ea308ffd9170,패배,6/7/16
#8379161559,2026-09-13 03:32,ce01c0d8-8ebf-57c1-b433-88aa89739103,패배,6/7/10
#8379161559,2026-09-13 03:32,6a4f5512-0b22-5bd1-ae85-8d8c07d751ab,패배,8/11/12
#8379161559,2026-09-13 03:32,a2cff7d6-9172-5eb9-aa2d-56c3f2b0182f,패배,9/8/10
#8379161559,2026-09-13 03:32,cac75d28-bc8f-535a-9cba-80d88502dbd1,패배,1/7/13
#8379933927,2026-09-13 19:06,30b8a5b1-1f16-5bc1-aa73-125e56aa560c,승리,8/3/8
#8379933927,2026-09-13 19:06,c4c8cdc0-24db-5def-9120-c0eae39625cb,승리,3/2/13
#8379933927,2026-09-13 19:06,fa6d5ea3-c57a-500a-9f4d-c2c1e9265684,승리,11/2/8
#8379933927,2026-09-13 19:06,f6913164-7a0a-5d4f-a898-54665431820b,승리,7/1/11
#8379933927,2026-09-13 19:06,aa91628d-1def-593d-862a-968b8287a439,승리,2/5/13
#8379933927,2026-09-13 19:06,c0a4bb50-24f8-5d32-b20b-3e2a730399e7,패배,3/5/5
#8379933927,2026-09-13 19:06,4aa66eba-e75c-5e2e-8981-3451f6f89d18,패배,5/6/3
#8379933927,2026-09-13 19:06,d4ed9d18-939c-549c-92bc-c2accb63a5f0,패배,2/7/5
#8379933927,2026-09-13 19:06,702dbc2f-105c-5ec9-b414-b980ad393153,패배,3/3/4
#8379933927,2026-09-13 19:06,9cf20ad8-ea37-5c6b-a6f7-3b5d69dce526,패배,0/10/7
#8379949362,2026-09-13 19:11,7194b576-83cd-53a8-bd90-250ef2973cb2,승리,16/3/2
#8379949362,2026-09-13 19:11,aa2fbfdd-c17f-5e1b-a04e-8567e1c45d5e,승리,10/3/8
#8379949362,2026-09-13 19:11,3e583936-ec9b-5f86-a923-77adcd637241,승리,2/7/10
#8379949362,2026-09-13 19:11,26583f10-50a4-5f03-b49b-8c3d8acfac5d,승리,2/8/9
#8379949362,2026-09-13 19:11,bc7d9161-a7d7-559a-9a9f-ac3c63c6e84d,승리,0/4/18
#8379949362,2026-09-13 19:11,bf515608-1608-5c9f-91bb-25b56f3b1050,패배,0/6/5
#8379949362,2026-09-13 19:11,898843b8-3f65-555f-9dcb-d566ebcd206e,패배,2/5/5
#8379949362,2026-09-13 19:11,33d4446b-a1b9-5b44-ae8a-2009b77218d4,패배,15/8/6
#8379949362,2026-09-13 19:11,48a9676c-6f4a-5dfb-9a36-fca24b95153a,패배,7/5/5
#8379949362,2026-09-13 19:11,cac75d28-bc8f-535a-9cba-80d88502dbd1,패배,1/6/12
#8379978077,2026-09-13 19:25,f77ab658-de62-52da-a1e5-3a0b018e1495,승리,3/4/5
#8379978077,2026-09-13 19:25,c0d32782-292b-5483-9fc0-711fa33cd94f,승리,9/7/9
#8379978077,2026-09-13 19:25,b0eaa8e9-4c21-5666-83bf-cfbd56778a18,승리,5/3/9
#8379978077,2026-09-13 19:25,0828921a-6693-576c-b1dd-3f0594bbf637,승리,8/0/12
#8379978077,2026-09-13 19:25,3189601c-1e82-5dbd-b304-d034803ccfa2,승리,2/1/20
#8379978077,2026-09-13 19:25,2988b6ec-4d8c-5cf7-88ea-be08c42a1416,패배,1/4/5
#8379978077,2026-09-13 19:25,a2cff7d6-9172-5eb9-aa2d-56c3f2b0182f,패배,8/6/3
#8379978077,2026-09-13 19:25,af3c1609-d379-52f6-98b7-fe36b0ce25ea,패배,3/8/6
#8379978077,2026-09-13 19:25,9698fdaf-6098-5b6c-80f4-e1b06071009c,패배,1/4/3
#8379978077,2026-09-13 19:25,3618145e-ae1d-53c5-82ab-11ae6836ea95,패배,2/5/5
#8377634642,2026-09-12 04:03,2988b6ec-4d8c-5cf7-88ea-be08c42a1416,승리,8/4/7
#8377634642,2026-09-12 04:03,c0d32782-292b-5483-9fc0-711fa33cd94f,승리,6/2/16
#8377634642,2026-09-12 04:03,3189601c-1e82-5dbd-b304-d034803ccfa2,승리,1/7/7
#8377634642,2026-09-12 04:03,392d67da-5d50-596c-b27b-09363d290f56,승리,13/4/5
#8377634642,2026-09-12 04:03,1ec6dd23-d28d-55de-89f0-d32946db17d4,승리,5/4/17
#8377634642,2026-09-12 04:03,b18b9ba1-29b5-5192-a690-a7ddd8ee3797,패배,5/5/4
#8377634642,2026-09-12 04:03,1b9aa7ca-461b-5d31-8834-7816dd82589b,패배,7/8/4
#8377634642,2026-09-12 04:03,276613c3-9e05-5979-9d25-6ed3e61ce89e,패배,4/5/8
#8377634642,2026-09-12 04:03,af3c1609-d379-52f6-98b7-fe36b0ce25ea,패배,5/8/5
#8377634642,2026-09-12 04:03,68402d56-384a-5c41-b61c-6e82c4831d7a,패배,0/7/11
#8377599941,2026-09-12 03:23,68402d56-384a-5c41-b61c-6e82c4831d7a,승리,9/8/7
#8377599941,2026-09-12 03:23,af3c1609-d379-52f6-98b7-fe36b0ce25ea,승리,9/4/12
#8377599941,2026-09-12 03:23,1b9aa7ca-461b-5d31-8834-7816dd82589b,승리,7/8/7
#8377599941,2026-09-12 03:23,b18b9ba1-29b5-5192-a690-a7ddd8ee3797,승리,14/7/12
#8377599941,2026-09-12 03:23,276613c3-9e05-5979-9d25-6ed3e61ce89e,승리,1/5/24
#8377599941,2026-09-12 03:23,3189601c-1e82-5dbd-b304-d034803ccfa2,패배,7/13/7
#8377599941,2026-09-12 03:23,2988b6ec-4d8c-5cf7-88ea-be08c42a1416,패배,11/6/8
#8377599941,2026-09-12 03:23,392d67da-5d50-596c-b27b-09363d290f56,패배,3/6/5
#8377599941,2026-09-12 03:23,c0d32782-292b-5483-9fc0-711fa33cd94f,패배,10/8/6
#8377599941,2026-09-12 03:23,1ec6dd23-d28d-55de-89f0-d32946db17d4,패배,0/7/14
#8377577364,2026-09-12 02:39,3189601c-1e82-5dbd-b304-d034803ccfa2,승리,7/9/10
#8377577364,2026-09-12 02:39,392d67da-5d50-596c-b27b-09363d290f56,승리,8/9/18
#8377577364,2026-09-12 02:39,2988b6ec-4d8c-5cf7-88ea-be08c42a1416,승리,12/5/10
#8377577364,2026-09-12 02:39,c0d32782-292b-5483-9fc0-711fa33cd94f,승리,15/9/13
#8377577364,2026-09-12 02:39,1ec6dd23-d28d-55de-89f0-d32946db17d4,승리,2/8/24
#8377577364,2026-09-12 02:39,68402d56-384a-5c41-b61c-6e82c4831d7a,패배,1/11/15
#8377577364,2026-09-12 02:39,1b9aa7ca-461b-5d31-8834-7816dd82589b,패배,8/12/15
#8377577364,2026-09-12 02:39,af3c1609-d379-52f6-98b7-fe36b0ce25ea,패배,9/9/12
#8377577364,2026-09-12 02:39,b18b9ba1-29b5-5192-a690-a7ddd8ee3797,패배,21/7/9
#8377577364,2026-09-12 02:39,276613c3-9e05-5979-9d25-6ed3e61ce89e,패배,1/5/29
#8380018521,2026-09-13 19:54,30b8a5b1-1f16-5bc1-aa73-125e56aa560c,패배,6/5/3
#8380018521,2026-09-13 19:54,c4c8cdc0-24db-5def-9120-c0eae39625cb,승리,10/1/11
#8380018521,2026-09-13 19:54,fa6d5ea3-c57a-500a-9f4d-c2c1e9265684,승리,10/4/12
#8380018521,2026-09-13 19:54,702dbc2f-105c-5ec9-b414-b980ad393153,승리,5/5/15
#8380018521,2026-09-13 19:54,4aa66eba-e75c-5e2e-8981-3451f6f89d18,승리,5/4/4
#8380018521,2026-09-13 19:54,9cf20ad8-ea37-5c6b-a6f7-3b5d69dce526,승리,0/2/15
#8380018521,2026-09-13 19:54,c0a4bb50-24f8-5d32-b20b-3e2a730399e7,패배,8/9/1
#8380018521,2026-09-13 19:54,d4ed9d18-939c-549c-92bc-c2accb63a5f0,패배,1/9/3
#8380018521,2026-09-13 19:54,f6913164-7a0a-5d4f-a898-54665431820b,패배,1/3/5
#8380018521,2026-09-13 19:54,aa91628d-1def-593d-862a-968b8287a439,패배,0/4/10
#8380026030,2026-09-13 19:54,7194b576-83cd-53a8-bd90-250ef2973cb2,패배,8/4/3
#8380026030,2026-09-13 19:54,aa2fbfdd-c17f-5e1b-a04e-8567e1c45d5e,패배,2/7/4
#8380026030,2026-09-13 19:54,898843b8-3f65-555f-9dcb-d566ebcd206e,패배,4/7/10
#8380026030,2026-09-13 19:54,26583f10-50a4-5f03-b49b-8c3d8acfac5d,패배,7/10/1
#8380026030,2026-09-13 19:54,bc7d9161-a7d7-559a-9a9f-ac3c63c6e84d,패배,1/4/13
#8380026030,2026-09-13 19:54,bf515608-1608-5c9f-91bb-25b56f3b1050,승리,2/3/5
#8380026030,2026-09-13 19:54,3e583936-ec9b-5f86-a923-77adcd637241,승리,13/6/7
#8380026030,2026-09-13 19:54,33d4446b-a1b9-5b44-ae8a-2009b77218d4,승리,8/4/10
#8380026030,2026-09-13 19:54,48a9676c-6f4a-5dfb-9a36-fca24b95153a,승리,8/4/1
#8380026030,2026-09-13 19:54,cac75d28-bc8f-535a-9cba-80d88502dbd1,승리,1/6/11
#8380041222,2026-09-13 20:05,2988b6ec-4d8c-5cf7-88ea-be08c42a1416,패배,5/5/4
#8380041222,2026-09-13 20:05,c0d32782-292b-5483-9fc0-711fa33cd94f,패배,4/4/9
#8380041222,2026-09-13 20:05,3189601c-1e82-5dbd-b304-d034803ccfa2,패배,2/6/5
#8380041222,2026-09-13 20:05,b0eaa8e9-4c21-5666-83bf-cfbd56778a18,패배,8/9/6
#8380041222,2026-09-13 20:05,3618145e-ae1d-53c5-82ab-11ae6836ea95,패배,2/8/12
#8380041222,2026-09-13 20:05,f77ab658-de62-52da-a1e5-3a0b018e1495,승리,3/5/12
#8380041222,2026-09-13 20:05,0828921a-6693-576c-b1dd-3f0594bbf637,승리,8/4/16
#8380041222,2026-09-13 20:05,a2cff7d6-9172-5eb9-aa2d-56c3f2b0182f,승리,6/3/14
#8380041222,2026-09-13 20:05,af3c1609-d379-52f6-98b7-fe36b0ce25ea,승리,15/5/8
#8380041222,2026-09-13 20:05,9698fdaf-6098-5b6c-80f4-e1b06071009c,승리,0/4/23
#8380090710,2026-09-13 20:35,d4ed9d18-939c-549c-92bc-c2accb63a5f0,패배,6/7/10
#8380090710,2026-09-13 20:35,30b8a5b1-1f16-5bc1-aa73-125e56aa560c,패배,9/12/6
#8380090710,2026-09-13 20:35,f5b1b3fc-5819-512f-8fc4-1e3f12e480f4,패배,4/9/13
#8380090710,2026-09-13 20:35,aa91628d-1def-593d-862a-968b8287a439,패배,8/6/4
#8380090710,2026-09-13 20:35,9cf20ad8-ea37-5c6b-a6f7-3b5d69dce526,패배,0/9/13
#8380090710,2026-09-13 20:35,c0a4bb50-24f8-5d32-b20b-3e2a730399e7,승리,10/6/14
#8380090710,2026-09-13 20:35,fa6d5ea3-c57a-500a-9f4d-c2c1e9265684,승리,11/2/15
#8380090710,2026-09-13 20:35,f6913164-7a0a-5d4f-a898-54665431820b,승리,13/6/8
#8380090710,2026-09-13 20:35,4aa66eba-e75c-5e2e-8981-3451f6f89d18,승리,9/7/21
#8380090710,2026-09-13 20:35,702dbc2f-105c-5ec9-b414-b980ad393153,승리,0/6/32
#8380104029,2026-09-13 20:39,aa2fbfdd-c17f-5e1b-a04e-8567e1c45d5e,패배,8/5/6
#8380104029,2026-09-13 20:39,898843b8-3f65-555f-9dcb-d566ebcd206e,패배,7/6/15
#8380104029,2026-09-13 20:39,26583f10-50a4-5f03-b49b-8c3d8acfac5d,패배,6/8/8
#8380104029,2026-09-13 20:39,48a9676c-6f4a-5dfb-9a36-fca24b95153a,패배,13/15/12
#8380104029,2026-09-13 20:39,cac75d28-bc8f-535a-9cba-80d88502dbd1,패배,4/7/16
#8380104029,2026-09-13 20:39,bc7d9161-a7d7-559a-9a9f-ac3c63c6e84d,승리,0/5/4
#8380104029,2026-09-13 20:39,3e583936-ec9b-5f86-a923-77adcd637241,승리,3/4/14
#8380104029,2026-09-13 20:39,33d4446b-a1b9-5b44-ae8a-2009b77218d4,승리,19/8/6
#8380104029,2026-09-13 20:39,7194b576-83cd-53a8-bd90-250ef2973cb2,승리,18/11/7
#8380104029,2026-09-13 20:39,bf515608-1608-5c9f-91bb-25b56f3b1050,승리,1/10/26
#8380125402,2026-09-13 20:53,77bb09d0-2c95-596d-885a-3be23112cc76,승리,8/6/12
#8380125402,2026-09-13 20:53,f77ab658-de62-52da-a1e5-3a0b018e1495,승리,9/5/13
#8380125402,2026-09-13 20:53,af3c1609-d379-52f6-98b7-fe36b0ce25ea,승리,10/3/9
#8380125402,2026-09-13 20:53,0828921a-6693-576c-b1dd-3f0594bbf637,승리,10/7/12
#8380125402,2026-09-13 20:53,3618145e-ae1d-53c5-82ab-11ae6836ea95,승리,3/3/28
#8380125402,2026-09-13 20:53,2988b6ec-4d8c-5cf7-88ea-be08c42a1416,패배,3/9/6
#8380125402,2026-09-13 20:53,ce01c0d8-8ebf-57c1-b433-88aa89739103,패배,10/7/3
#8380125402,2026-09-13 20:53,b0eaa8e9-4c21-5666-83bf-cfbd56778a18,패배,0/7/15
#8380125402,2026-09-13 20:53,c0d32782-292b-5483-9fc0-711fa33cd94f,패배,5/10/6
#8380125402,2026-09-13 20:53,3189601c-1e82-5dbd-b304-d034803ccfa2,패배,6/7/7
#8380193247,2026-09-13 21:24,30b8a5b1-1f16-5bc1-aa73-125e56aa560c,패배,7/5/9
#8380193247,2026-09-13 21:24,f5b1b3fc-5819-512f-8fc4-1e3f12e480f4,패배,2/10/8
#8380193247,2026-09-13 21:24,fd30acf7-dfb6-55e3-8ee1-8463244a92d5,패배,5/7/9
#8380193247,2026-09-13 21:24,32648f54-7e5b-571b-87d1-ee6ffdc14f5d,패배,8/5/7
#8380193247,2026-09-13 21:24,9cf20ad8-ea37-5c6b-a6f7-3b5d69dce526,패배,1/7/13
#8380193247,2026-09-13 21:24,c0a4bb50-24f8-5d32-b20b-3e2a730399e7,승리,16/3/6
#8380193247,2026-09-13 21:24,702dbc2f-105c-5ec9-b414-b980ad393153,승리,5/3/15
#8380193247,2026-09-13 21:24,f6913164-7a0a-5d4f-a898-54665431820b,승리,1/6/12
#8380193247,2026-09-13 21:24,d4ed9d18-939c-549c-92bc-c2accb63a5f0,승리,11/8/7
#8380193247,2026-09-13 21:24,aa91628d-1def-593d-862a-968b8287a439,승리,1/3/18
#8380195618,2026-09-13 21:28,898843b8-3f65-555f-9dcb-d566ebcd206e,패배,3/8/1
#8380195618,2026-09-13 21:28,3e583936-ec9b-5f86-a923-77adcd637241,패배,5/6/3
#8380195618,2026-09-13 21:28,26583f10-50a4-5f03-b49b-8c3d8acfac5d,패배,1/5/8
#8380195618,2026-09-13 21:28,48a9676c-6f4a-5dfb-9a36-fca24b95153a,패배,8/7/4
#8380195618,2026-09-13 21:28,cac75d28-bc8f-535a-9cba-80d88502dbd1,패배,3/3/10
#8380195618,2026-09-13 21:28,aa2fbfdd-c17f-5e1b-a04e-8567e1c45d5e,승리,10/0/4
#8380195618,2026-09-13 21:28,bf515608-1608-5c9f-91bb-25b56f3b1050,승리,7/4/11
#8380195618,2026-09-13 21:28,33d4446b-a1b9-5b44-ae8a-2009b77218d4,승리,5/3/12
#8380195618,2026-09-13 21:28,7194b576-83cd-53a8-bd90-250ef2973cb2,승리,7/7/8
#8380195618,2026-09-13 21:28,bc7d9161-a7d7-559a-9a9f-ac3c63c6e84d,승리,0/6/21
#8380231316,2026-09-13 21:43,f77ab658-de62-52da-a1e5-3a0b018e1495,승리,8/3/13
#8380231316,2026-09-13 21:43,ce01c0d8-8ebf-57c1-b433-88aa89739103,승리,6/7/9
#8380231316,2026-09-13 21:43,77bb09d0-2c95-596d-885a-3be23112cc76,승리,8/9/4
#8380231316,2026-09-13 21:43,0828921a-6693-576c-b1dd-3f0594bbf637,승리,16/6/8
#8380231316,2026-09-13 21:43,af3c1609-d379-52f6-98b7-fe36b0ce25ea,승리,6/11/16
#8380231316,2026-09-13 21:43,c0d32782-292b-5483-9fc0-711fa33cd94f,패배,3/12/6
#8380231316,2026-09-13 21:43,77a65121-6eb2-5e4a-af35-c55ad40ec191,패배,4/7/15
#8380231316,2026-09-13 21:43,2988b6ec-4d8c-5cf7-88ea-be08c42a1416,패배,10/7/12
#8380231316,2026-09-13 21:43,b0eaa8e9-4c21-5666-83bf-cfbd56778a18,패배,13/11/8
#8380231316,2026-09-13 21:43,3189601c-1e82-5dbd-b304-d034803ccfa2,패배,6/7/18
#8380294714,2026-09-13 22:15,898843b8-3f65-555f-9dcb-d566ebcd206e,패배,9/4/3
#8380294714,2026-09-13 22:15,3e583936-ec9b-5f86-a923-77adcd637241,패배,1/10/5
#8380294714,2026-09-13 22:15,5b3bf88d-076a-5339-9317-e6e1ba821cad,패배,6/11/4
#8380294714,2026-09-13 22:15,48a9676c-6f4a-5dfb-9a36-fca24b95153a,패배,6/5/5
#8380294714,2026-09-13 22:15,cac75d28-bc8f-535a-9cba-80d88502dbd1,패배,0/8/10
#8380294714,2026-09-13 22:15,aa2fbfdd-c17f-5e1b-a04e-8567e1c45d5e,승리,4/8/6
#8380294714,2026-09-13 22:15,606f28cb-0a7f-5055-937b-038613f448a9,승리,7/2/16
#8380294714,2026-09-13 22:15,7194b576-83cd-53a8-bd90-250ef2973cb2,승리,14/4/5
#8380294714,2026-09-13 22:15,33d4446b-a1b9-5b44-ae8a-2009b77218d4,승리,10/4/13
#8380294714,2026-09-13 22:15,bc7d9161-a7d7-559a-9a9f-ac3c63c6e84d,승리,3/5/24
#8380303579,2026-09-13 22:19,30b8a5b1-1f16-5bc1-aa73-125e56aa560c,패배,3/6/3
#8380303579,2026-09-13 22:19,aa89211b-8e58-50dd-96a7-e9821eddcaae,패배,0/6/3
#8380303579,2026-09-13 22:19,f6913164-7a0a-5d4f-a898-54665431820b,패배,6/5/0
#8380303579,2026-09-13 22:19,32648f54-7e5b-571b-87d1-ee6ffdc14f5d,패배,1/8/3
#8380303579,2026-09-13 22:19,9cf20ad8-ea37-5c6b-a6f7-3b5d69dce526,패배,2/12/3
#8380303579,2026-09-13 22:19,c0a4bb50-24f8-5d32-b20b-3e2a730399e7,승리,11/3/5
#8380303579,2026-09-13 22:19,f5b1b3fc-5819-512f-8fc4-1e3f12e480f4,승리,8/2/12
#8380303579,2026-09-13 22:19,fd30acf7-dfb6-55e3-8ee1-8463244a92d5,승리,8/2/5
#8380303579,2026-09-13 22:19,702dbc2f-105c-5ec9-b414-b980ad393153,승리,10/1/7
#8380303579,2026-09-13 22:19,aa91628d-1def-593d-862a-968b8287a439,승리,0/4/26
#8380328767,2026-09-13 22:32,3e247e02-ecab-5b32-a0e2-6ded375a6e34,승리,4/7/13
#8380328767,2026-09-13 22:32,b1f4307a-346f-574a-8484-c48200a43a21,승리,1/4/21
#8380328767,2026-09-13 22:32,af3c1609-d379-52f6-98b7-fe36b0ce25ea,승리,9/7/13
#8380328767,2026-09-13 22:32,c0d32782-292b-5483-9fc0-711fa33cd94f,승리,25/7/10
#8380328767,2026-09-13 22:32,3189601c-1e82-5dbd-b304-d034803ccfa2,승리,1/6/30
#8380328767,2026-09-13 22:32,77a65121-6eb2-5e4a-af35-c55ad40ec191,패배,8/7/4
#8380328767,2026-09-13 22:32,ce01c0d8-8ebf-57c1-b433-88aa89739103,패배,5/9/16
#8380328767,2026-09-13 22:32,f77ab658-de62-52da-a1e5-3a0b018e1495,패배,8/4/9
#8380328767,2026-09-13 22:32,0828921a-6693-576c-b1dd-3f0594bbf637,패배,6/9/7
#8380328767,2026-09-13 22:32,94923fe7-4521-52ed-b143-ee509e386b2b,패배,4/11/14
#8380445737,2026-09-13 23:31,bc7d9161-a7d7-559a-9a9f-ac3c63c6e84d,패배,3/6/12
#8380445737,2026-09-13 23:31,b1f4307a-346f-574a-8484-c48200a43a21,패배,7/8/13
#8380445737,2026-09-13 23:31,3e247e02-ecab-5b32-a0e2-6ded375a6e34,패배,5/5/8
#8380445737,2026-09-13 23:31,c0d32782-292b-5483-9fc0-711fa33cd94f,패배,7/7/8
#8380445737,2026-09-13 23:31,0b69abc1-a13f-5185-85f8-30968b3f5c08,패배,2/7/15
#8380445737,2026-09-13 23:31,df809154-16da-5f9a-ba7c-b282d8a9c8a5,승리,8/7/9
#8380445737,2026-09-13 23:31,ce01c0d8-8ebf-57c1-b433-88aa89739103,승리,2/3/11
#8380445737,2026-09-13 23:31,af3c1609-d379-52f6-98b7-fe36b0ce25ea,승리,10/5/2
#8380445737,2026-09-13 23:31,32648f54-7e5b-571b-87d1-ee6ffdc14f5d,승리,13/4/8
#8380445737,2026-09-13 23:31,0828921a-6693-576c-b1dd-3f0594bbf637,승리,0/5/19
#8381210519,2026-09-14 20:11,702dbc2f-105c-5ec9-b414-b980ad393153,패배,8/4/9
#8381210519,2026-09-14 20:11,fc0f19c9-c655-5915-ad47-0ef0d2bff998,패배,7/6/7
#8381210519,2026-09-14 20:11,f5b1b3fc-5819-512f-8fc4-1e3f12e480f4,패배,1/6/9
#8381210519,2026-09-14 20:11,48a9676c-6f4a-5dfb-9a36-fca24b95153a,패배,3/5/8
#8381210519,2026-09-14 20:11,7a8ba539-7e36-5ebc-8c84-affc83acb409,패배,0/6/9
#8381210519,2026-09-14 20:11,aa2fbfdd-c17f-5e1b-a04e-8567e1c45d5e,승리,6/6/13
#8381210519,2026-09-14 20:11,bf515608-1608-5c9f-91bb-25b56f3b1050,승리,3/4/18
#8381210519,2026-09-14 20:11,33d4446b-a1b9-5b44-ae8a-2009b77218d4,승리,5/3/11
#8381210519,2026-09-14 20:11,aa91628d-1def-593d-862a-968b8287a439,승리,12/2/12
#8381210519,2026-09-14 20:11,bc7d9161-a7d7-559a-9a9f-ac3c63c6e84d,승리,1/4/21
#8381223507,2026-09-14 20:22,af3c1609-d379-52f6-98b7-fe36b0ce25ea,승리,1/2/26
#8381223507,2026-09-14 20:22,f691451d-87d3-5db5-94cf-22971436cf70,승리,3/4/17
#8381223507,2026-09-14 20:22,2831ba35-c9fa-50fc-ac65-681dcb247726,승리,14/10/10
#8381223507,2026-09-14 20:22,d18ec7c7-d61a-58b8-98d9-ee36e9b5ce58,승리,3/5/12
#8381223507,2026-09-14 20:22,f32b7e39-e110-5981-824f-907aa25cf6cc,승리,15/3/10
#8381223507,2026-09-14 20:22,1a69a4f5-32c7-57f9-be56-fb56bf263513,패배,5/3/11
#8381223507,2026-09-14 20:22,fa6d5ea3-c57a-500a-9f4d-c2c1e9265684,패배,7/9/7
#8381223507,2026-09-14 20:22,79079bf7-8099-53bc-93f8-ea308ffd9170,패배,7/7/4
#8381223507,2026-09-14 20:22,671680a6-c5c8-5457-a92b-91f0c83bfb91,패배,4/7/10
#8381223507,2026-09-14 20:22,dd48b93f-132a-56f2-aa29-95bddefc4a53,패배,1/10/12
#8381277748,2026-09-14 20:57,bc7d9161-a7d7-559a-9a9f-ac3c63c6e84d,승리,4/6/8
#8381277748,2026-09-14 20:57,f5b1b3fc-5819-512f-8fc4-1e3f12e480f4,승리,3/2/17
#8381277748,2026-09-14 20:57,33d4446b-a1b9-5b44-ae8a-2009b77218d4,승리,9/8/6
#8381277748,2026-09-14 20:57,48a9676c-6f4a-5dfb-9a36-fca24b95153a,승리,11/4/12
#8381277748,2026-09-14 20:57,fc0f19c9-c655-5915-ad47-0ef0d2bff998,승리,2/5/21
#8381277748,2026-09-14 20:57,aa2fbfdd-c17f-5e1b-a04e-8567e1c45d5e,패배,4/4/8
#8381277748,2026-09-14 20:57,bf515608-1608-5c9f-91bb-25b56f3b1050,패배,4/6/8
#8381277748,2026-09-14 20:57,7a8ba539-7e36-5ebc-8c84-affc83acb409,패배,6/4/12
#8381277748,2026-09-14 20:57,702dbc2f-105c-5ec9-b414-b980ad393153,패배,11/6/7
#8381277748,2026-09-14 20:57,aa91628d-1def-593d-862a-968b8287a439,패배,0/9/16
#8381310144,2026-09-14 21:14,af3c1609-d379-52f6-98b7-fe36b0ce25ea,패배,0/7/22
#8381310144,2026-09-14 21:14,1a69a4f5-32c7-57f9-be56-fb56bf263513,패배,10/2/8
#8381310144,2026-09-14 21:14,671680a6-c5c8-5457-a92b-91f0c83bfb91,패배,5/6/24
#8381310144,2026-09-14 21:14,79079bf7-8099-53bc-93f8-ea308ffd9170,패배,12/6/6
#8381310144,2026-09-14 21:14,fa6d5ea3-c57a-500a-9f4d-c2c1e9265684,패배,8/8/10
#8381310144,2026-09-14 21:14,f691451d-87d3-5db5-94cf-22971436cf70,승리,2/9/4
#8381310144,2026-09-14 21:14,2831ba35-c9fa-50fc-ac65-681dcb247726,승리,8/9/7
#8381310144,2026-09-14 21:14,d18ec7c7-d61a-58b8-98d9-ee36e9b5ce58,승리,6/5/9
#8381310144,2026-09-14 21:14,f32b7e39-e110-5981-824f-907aa25cf6cc,승리,13/5/6
#8381310144,2026-09-14 21:14,dd48b93f-132a-56f2-aa29-95bddefc4a53,승리,0/7/23
#8381351661,2026-09-14 21:43,aa2fbfdd-c17f-5e1b-a04e-8567e1c45d5e,승리,2/4/9
#8381351661,2026-09-14 21:43,f5b1b3fc-5819-512f-8fc4-1e3f12e480f4,승리,8/4/7
#8381351661,2026-09-14 21:43,33d4446b-a1b9-5b44-ae8a-2009b77218d4,승리,2/2/6
#8381351661,2026-09-14 21:43,702dbc2f-105c-5ec9-b414-b980ad393153,승리,10/6/8
#8381351661,2026-09-14 21:43,aa91628d-1def-593d-862a-968b8287a439,승리,0/5/19
#8381351661,2026-09-14 21:43,bc7d9161-a7d7-559a-9a9f-ac3c63c6e84d,패배,3/5/5
#8381351661,2026-09-14 21:43,7a8ba539-7e36-5ebc-8c84-affc83acb409,패배,5/5/6
#8381351661,2026-09-14 21:43,fd30acf7-dfb6-55e3-8ee1-8463244a92d5,패배,5/2/3
#8381351661,2026-09-14 21:43,fc0f19c9-c655-5915-ad47-0ef0d2bff998,패배,5/6/10
#8381351661,2026-09-14 21:43,bf515608-1608-5c9f-91bb-25b56f3b1050,패배,3/4/9
#8381403357,2026-09-14 22:09,af3c1609-d379-52f6-98b7-fe36b0ce25ea,패배,0/8/13
#8381403357,2026-09-14 22:09,2831ba35-c9fa-50fc-ac65-681dcb247726,승리,6/5/6
#8381403357,2026-09-14 22:09,f691451d-87d3-5db5-94cf-22971436cf70,승리,6/8/8
#8381403357,2026-09-14 22:09,d4ed9d18-939c-549c-92bc-c2accb63a5f0,승리,13/4/4
#8381403357,2026-09-14 22:09,f32b7e39-e110-5981-824f-907aa25cf6cc,승리,5/4/12
#8381403357,2026-09-14 22:09,79079bf7-8099-53bc-93f8-ea308ffd9170,승리,0/6/13
#8381403357,2026-09-14 22:09,31e88dc8-bc4a-5b0e-b7f0-9d47bec34024,패배,8/6/4
#8381403357,2026-09-14 22:09,fa6d5ea3-c57a-500a-9f4d-c2c1e9265684,패배,9/7/6
#8381403357,2026-09-14 22:09,f6913164-7a0a-5d4f-a898-54665431820b,패배,3/6/8
#8381403357,2026-09-14 22:09,1a69a4f5-32c7-57f9-be56-fb56bf263513,패배,7/3/5
#8381435878,2026-09-14 22:29,aa2fbfdd-c17f-5e1b-a04e-8567e1c45d5e,패배,3/7/5
#8381435878,2026-09-14 22:29,94923fe7-4521-52ed-b143-ee509e386b2b,패배,9/7/13
#8381435878,2026-09-14 22:29,33d4446b-a1b9-5b44-ae8a-2009b77218d4,패배,8/11/9
#8381435878,2026-09-14 22:29,fc0f19c9-c655-5915-ad47-0ef0d2bff998,패배,9/7/6
#8381435878,2026-09-14 22:29,bf515608-1608-5c9f-91bb-25b56f3b1050,패배,0/6/16
#8381435878,2026-09-14 22:29,7a8ba539-7e36-5ebc-8c84-affc83acb409,승리,7/9/9
#8381435878,2026-09-14 22:29,f5b1b3fc-5819-512f-8fc4-1e3f12e480f4,승리,11/8/15
#8381435878,2026-09-14 22:29,fd30acf7-dfb6-55e3-8ee1-8463244a92d5,승리,11/3/4
#8381435878,2026-09-14 22:29,702dbc2f-105c-5ec9-b414-b980ad393153,승리,7/5/14
#8381435878,2026-09-14 22:29,aa91628d-1def-593d-862a-968b8287a439,승리,2/4/23
#8381499149,2026-09-14 22:56,af3c1609-d379-52f6-98b7-fe36b0ce25ea,패배,1/8/11
#8381499149,2026-09-14 22:56,1a69a4f5-32c7-57f9-be56-fb56bf263513,패배,10/3/8
#8381499149,2026-09-14 22:56,fa6d5ea3-c57a-500a-9f4d-c2c1e9265684,패배,5/10/7
#8381499149,2026-09-14 22:56,f6913164-7a0a-5d4f-a898-54665431820b,패배,5/10/8
#8381499149,2026-09-14 22:56,d4ed9d18-939c-549c-92bc-c2accb63a5f0,패배,2/10/9
#8381499149,2026-09-14 22:56,31e88dc8-bc4a-5b0e-b7f0-9d47bec34024,승리,13/8/9
#8381499149,2026-09-14 22:56,f691451d-87d3-5db5-94cf-22971436cf70,승리,7/8/20
#8381499149,2026-09-14 22:56,79079bf7-8099-53bc-93f8-ea308ffd9170,승리,7/2/13
#8381499149,2026-09-14 22:56,c9372432-0fdc-5fd3-b8e6-cbb273ca03fd,승리,12/1/14
#8381499149,2026-09-14 22:56,f32b7e39-e110-5981-824f-907aa25cf6cc,승리,2/4/21
#8381529815,2026-09-14 23:23,aa2fbfdd-c17f-5e1b-a04e-8567e1c45d5e,승리,6/3/3
#8381529815,2026-09-14 23:23,94923fe7-4521-52ed-b143-ee509e386b2b,승리,8/0/4
#8381529815,2026-09-14 23:23,1197e8f5-daec-5145-854e-a6f73237afc8,승리,7/1/8
#8381529815,2026-09-14 23:23,33d4446b-a1b9-5b44-ae8a-2009b77218d4,승리,8/1/6
#8381529815,2026-09-14 23:23,aa91628d-1def-593d-862a-968b8287a439,승리,1/5/14
#8381529815,2026-09-14 23:23,7a8ba539-7e36-5ebc-8c84-affc83acb409,패배,2/5/2
#8381529815,2026-09-14 23:23,cac75d28-bc8f-535a-9cba-80d88502dbd1,패배,2/7/2
#8381529815,2026-09-14 23:23,fd30acf7-dfb6-55e3-8ee1-8463244a92d5,패배,2/7/1
#8381529815,2026-09-14 23:23,fc0f19c9-c655-5915-ad47-0ef0d2bff998,패배,2/5/2
#8381529815,2026-09-14 23:23,bf515608-1608-5c9f-91bb-25b56f3b1050,패배,1/6/5
#8381594152,2026-09-14 23:55,af3c1609-d379-52f6-98b7-fe36b0ce25ea,패배,1/6/3
#8381594152,2026-09-14 23:55,d4ed9d18-939c-549c-92bc-c2accb63a5f0,패배,1/2/2
#8381594152,2026-09-14 23:55,fa6d5ea3-c57a-500a-9f4d-c2c1e9265684,패배,2/4/3
#8381594152,2026-09-14 23:55,79079bf7-8099-53bc-93f8-ea308ffd9170,패배,1/2/1
#8381594152,2026-09-14 23:55,f6913164-7a0a-5d4f-a898-54665431820b,패배,1/7/2
#8381594152,2026-09-14 23:55,31e88dc8-bc4a-5b0e-b7f0-9d47bec34024,승리,3/2/1
#8381594152,2026-09-14 23:55,c9372432-0fdc-5fd3-b8e6-cbb273ca03fd,승리,3/1/9
#8381594152,2026-09-14 23:55,1a69a4f5-32c7-57f9-be56-fb56bf263513,승리,7/0/2
#8381594152,2026-09-14 23:55,f691451d-87d3-5db5-94cf-22971436cf70,승리,7/1/3
#8381594152,2026-09-14 23:55,f32b7e39-e110-5981-824f-907aa25cf6cc,승리,1/2/12
#8381596818,2026-09-15 00:04,30b8a5b1-1f16-5bc1-aa73-125e56aa560c,패배,9/6/2
#8381596818,2026-09-15 00:04,3ee03b31-3cfa-5edc-9b02-a6f089749330,승리,4/3/8
#8381596818,2026-09-15 00:04,1197e8f5-daec-5145-854e-a6f73237afc8,승리,12/4/9
#8381596818,2026-09-15 00:04,77bb09d0-2c95-596d-885a-3be23112cc76,승리,6/7/7
#8381596818,2026-09-15 00:04,7a8ba539-7e36-5ebc-8c84-affc83acb409,승리,11/3/9
#8381596818,2026-09-15 00:04,cac75d28-bc8f-535a-9cba-80d88502dbd1,승리,1/2/19
#8381596818,2026-09-15 00:04,41e09551-926a-5c0d-a51d-22e93e95d748,패배,1/7/2
#8381596818,2026-09-15 00:04,df809154-16da-5f9a-ba7c-b282d8a9c8a5,패배,4/5/4
#8381596818,2026-09-15 00:04,48a9676c-6f4a-5dfb-9a36-fca24b95153a,패배,3/7/7
#8381596818,2026-09-15 00:04,454320a7-8c33-58cc-a8ce-300dd2f3c4b9,패배,1/9/5
#8381677007,2026-09-15 01:00,30b8a5b1-1f16-5bc1-aa73-125e56aa560c,승리,16/2/7
#8381677007,2026-09-15 01:00,77bb09d0-2c95-596d-885a-3be23112cc76,승리,3/3/3
#8381677007,2026-09-15 01:00,41e09551-926a-5c0d-a51d-22e93e95d748,승리,10/4/9
#8381677007,2026-09-15 01:00,48a9676c-6f4a-5dfb-9a36-fca24b95153a,승리,4/3/14
#8381677007,2026-09-15 01:00,7a8ba539-7e36-5ebc-8c84-affc83acb409,승리,1/0/17
#8381677007,2026-09-15 01:00,df809154-16da-5f9a-ba7c-b282d8a9c8a5,패배,1/4/2
#8381677007,2026-09-15 01:00,3ee03b31-3cfa-5edc-9b02-a6f089749330,패배,2/9/7
#8381677007,2026-09-15 01:00,454320a7-8c33-58cc-a8ce-300dd2f3c4b9,패배,1/8/4
#8381677007,2026-09-15 01:00,3890c3e5-0d1f-5c93-8e20-445d164296fb,패배,5/6/4
#8381677007,2026-09-15 01:00,6a4f5512-0b22-5bd1-ae85-8d8c07d751ab,패배,3/7/6
#8381696965,2026-09-15 01:44,30b8a5b1-1f16-5bc1-aa73-125e56aa560c,승리,12/4/8
#8381696965,2026-09-15 01:44,6a4f5512-0b22-5bd1-ae85-8d8c07d751ab,패배,4/8/3
#8381696965,2026-09-15 01:44,fa6d5ea3-c57a-500a-9f4d-c2c1e9265684,패배,1/5/8
#8381696965,2026-09-15 01:44,454320a7-8c33-58cc-a8ce-300dd2f3c4b9,패배,5/4/5
#8381696965,2026-09-15 01:44,7a8ba539-7e36-5ebc-8c84-affc83acb409,패배,1/4/2
#8381696965,2026-09-15 01:44,0b69abc1-a13f-5185-85f8-30968b3f5c08,패배,1/4/4
#8381696965,2026-09-15 01:44,df809154-16da-5f9a-ba7c-b282d8a9c8a5,승리,6/3/3
#8381696965,2026-09-15 01:44,c9372432-0fdc-5fd3-b8e6-cbb273ca03fd,승리,1/1/10
#8381696965,2026-09-15 01:44,48a9676c-6f4a-5dfb-9a36-fca24b95153a,승리,6/2/5
#8381696965,2026-09-15 01:44,41e09551-926a-5c0d-a51d-22e93e95d748,승리,0/2/10
#8381732441,2026-09-15 02:28,30b8a5b1-1f16-5bc1-aa73-125e56aa560c,패배,2/12/14
#8381732441,2026-09-15 02:28,6a4f5512-0b22-5bd1-ae85-8d8c07d751ab,승리,3/3/21
#8381732441,2026-09-15 02:28,fa6d5ea3-c57a-500a-9f4d-c2c1e9265684,승리,15/6/14
#8381732441,2026-09-15 02:28,79079bf7-8099-53bc-93f8-ea308ffd9170,승리,10/5/27
#8381732441,2026-09-15 02:28,7a8ba539-7e36-5ebc-8c84-affc83acb409,승리,15/3/16
#8381732441,2026-09-15 02:28,41e09551-926a-5c0d-a51d-22e93e95d748,승리,1/7/30
#8381732441,2026-09-15 02:28,454320a7-8c33-58cc-a8ce-300dd2f3c4b9,패배,4/5/9
#8381732441,2026-09-15 02:28,c9372432-0fdc-5fd3-b8e6-cbb273ca03fd,패배,5/5/10
#8381732441,2026-09-15 02:28,1d7539b5-5566-57d4-b9cd-5158923a589d,패배,13/10/5
#8381732441,2026-09-15 02:28,0b69abc1-a13f-5185-85f8-30968b3f5c08,패배,0/12/10
#8381757643,2026-09-15 03:19,454320a7-8c33-58cc-a8ce-300dd2f3c4b9,승리,14/3/15
#8381757643,2026-09-15 03:19,6a4f5512-0b22-5bd1-ae85-8d8c07d751ab,패배,3/7/9
#8381757643,2026-09-15 03:19,fa6d5ea3-c57a-500a-9f4d-c2c1e9265684,패배,10/7/4
#8381757643,2026-09-15 03:19,e25a31d2-835a-56f0-9cce-fd4438f88124,패배,6/6/6
#8381757643,2026-09-15 03:19,77bb09d0-2c95-596d-885a-3be23112cc76,패배,4/6/4
#8381757643,2026-09-15 03:19,1d7539b5-5566-57d4-b9cd-5158923a589d,패배,0/10/17
#8381757643,2026-09-15 03:19,7a8ba539-7e36-5ebc-8c84-affc83acb409,승리,8/4/17
#8381757643,2026-09-15 03:19,7e2bfe82-2409-5da9-968b-246723d3b167,승리,3/9/15
#8381757643,2026-09-15 03:19,79079bf7-8099-53bc-93f8-ea308ffd9170,승리,11/2/15
#8381757643,2026-09-15 03:19,0b69abc1-a13f-5185-85f8-30968b3f5c08,승리,0/5/25
#8382274787,2026-09-15 20:14,c4c8cdc0-24db-5def-9120-c0eae39625cb,승리,4/5/8
#8382274787,2026-09-15 20:14,1197e8f5-daec-5145-854e-a6f73237afc8,승리,10/2/11
#8382274787,2026-09-15 20:14,f691451d-87d3-5db5-94cf-22971436cf70,승리,18/7/5
#8382274787,2026-09-15 20:14,fc1c7e19-03f5-5f38-ab83-4a8ae1e80dcc,승리,4/6/7
#8382274787,2026-09-15 20:14,dc7ecf5f-0952-573d-9eae-96253295d4c5,승리,0/7/17
#8382274787,2026-09-15 20:14,df809154-16da-5f9a-ba7c-b282d8a9c8a5,패배,0/8/4
#8382274787,2026-09-15 20:14,47807318-74f3-5694-81af-6511b4e32f33,패배,5/7/12
#8382274787,2026-09-15 20:14,d4ed9d18-939c-549c-92bc-c2accb63a5f0,패배,13/9/7
#8382274787,2026-09-15 20:14,fc0f19c9-c655-5915-ad47-0ef0d2bff998,패배,5/5/10
#8382274787,2026-09-15 20:14,7a8ba539-7e36-5ebc-8c84-affc83acb409,패배,3/7/13
#8382354252,2026-09-15 21:02,c4c8cdc0-24db-5def-9120-c0eae39625cb,패배,1/8/9
#8382354252,2026-09-15 21:02,7a8ba539-7e36-5ebc-8c84-affc83acb409,승리,7/7/11
#8382354252,2026-09-15 21:02,47807318-74f3-5694-81af-6511b4e32f33,승리,0/9/14
#8382354252,2026-09-15 21:02,d4ed9d18-939c-549c-92bc-c2accb63a5f0,승리,20/3/14
#8382354252,2026-09-15 21:02,fc1c7e19-03f5-5f38-ab83-4a8ae1e80dcc,승리,13/6/12
#8382354252,2026-09-15 21:02,fc0f19c9-c655-5915-ad47-0ef0d2bff998,승리,2/5/22
#8382354252,2026-09-15 21:02,dc7ecf5f-0952-573d-9eae-96253295d4c5,패배,13/4/8
#8382354252,2026-09-15 21:02,f691451d-87d3-5db5-94cf-22971436cf70,패배,9/10/6
#8382354252,2026-09-15 21:02,1197e8f5-daec-5145-854e-a6f73237afc8,패배,6/6/6
#8382354252,2026-09-15 21:02,df809154-16da-5f9a-ba7c-b282d8a9c8a5,패배,1/14/11
#8382355666,2026-09-15 21:07,30b8a5b1-1f16-5bc1-aa73-125e56aa560c,승리,10/5/16
#8382355666,2026-09-15 21:07,aa2fbfdd-c17f-5e1b-a04e-8567e1c45d5e,패배,0/5/3
#8382355666,2026-09-15 21:07,108ad62e-8642-5e2e-88b4-f0cc8b19efa4,패배,3/7/10
#8382355666,2026-09-15 21:07,fd30acf7-dfb6-55e3-8ee1-8463244a92d5,패배,3/7/3
#8382355666,2026-09-15 21:07,843f6b49-c018-52aa-932e-14bcba62e0cd,패배,8/9/3
#8382355666,2026-09-15 21:07,bc7d9161-a7d7-559a-9a9f-ac3c63c6e84d,패배,4/8/7
#8382355666,2026-09-15 21:07,41e09551-926a-5c0d-a51d-22e93e95d748,승리,2/1/4
#8382355666,2026-09-15 21:07,5e13fc05-ff0c-5435-80dd-63bbd252f467,승리,10/3/6
#8382355666,2026-09-15 21:07,bca1f7cc-4819-538b-a4d9-9bbcd8a42c51,승리,12/6/7
#8382355666,2026-09-15 21:07,cac75d28-bc8f-535a-9cba-80d88502dbd1,승리,2/3/19
#8382437198,2026-09-15 21:50,30b8a5b1-1f16-5bc1-aa73-125e56aa560c,패배,6/7/6
#8382437198,2026-09-15 21:50,aa2fbfdd-c17f-5e1b-a04e-8567e1c45d5e,승리,4/2/6
#8382437198,2026-09-15 21:50,108ad62e-8642-5e2e-88b4-f0cc8b19efa4,승리,10/4/7
#8382437198,2026-09-15 21:50,fd30acf7-dfb6-55e3-8ee1-8463244a92d5,승리,8/2/7
#8382437198,2026-09-15 21:50,843f6b49-c018-52aa-932e-14bcba62e0cd,승리,11/1/10
#8382437198,2026-09-15 21:50,bc7d9161-a7d7-559a-9a9f-ac3c63c6e84d,승리,1/7/12
#8382437198,2026-09-15 21:50,41e09551-926a-5c0d-a51d-22e93e95d748,패배,4/8/1
#8382437198,2026-09-15 21:50,5e13fc05-ff0c-5435-80dd-63bbd252f467,패배,2/10/3
#8382437198,2026-09-15 21:50,ca35d025-a97f-5e6f-a185-1a3e0bc24c0c,패배,3/5/3
#8382437198,2026-09-15 21:50,cac75d28-bc8f-535a-9cba-80d88502dbd1,패배,0/4/10
#8382429882,2026-09-15 21:52,c4c8cdc0-24db-5def-9120-c0eae39625cb,패배,1/7/14
#8382429882,2026-09-15 21:52,df809154-16da-5f9a-ba7c-b282d8a9c8a5,승리,5/7/4
#8382429882,2026-09-15 21:52,47807318-74f3-5694-81af-6511b4e32f33,승리,8/5/11
#8382429882,2026-09-15 21:52,d4ed9d18-939c-549c-92bc-c2accb63a5f0,승리,8/6/16
#8382429882,2026-09-15 21:52,fc0f19c9-c655-5915-ad47-0ef0d2bff998,승리,21/4/6
#8382429882,2026-09-15 21:52,dc7ecf5f-0952-573d-9eae-96253295d4c5,승리,2/5/30
#8382429882,2026-09-15 21:52,f691451d-87d3-5db5-94cf-22971436cf70,패배,17/6/8
#8382429882,2026-09-15 21:52,1197e8f5-daec-5145-854e-a6f73237afc8,패배,5/10/9
#8382429882,2026-09-15 21:52,fc1c7e19-03f5-5f38-ab83-4a8ae1e80dcc,패배,4/10/8
#8382429882,2026-09-15 21:52,7a8ba539-7e36-5ebc-8c84-affc83acb409,패배,0/12/7
#8382521869,2026-09-15 22:46,aa2fbfdd-c17f-5e1b-a04e-8567e1c45d5e,패배,5/7/4
#8382521869,2026-09-15 22:46,ca35d025-a97f-5e6f-a185-1a3e0bc24c0c,패배,3/5/12
#8382521869,2026-09-15 22:46,843f6b49-c018-52aa-932e-14bcba62e0cd,패배,6/8/4
#8382521869,2026-09-15 22:46,94923fe7-4521-52ed-b143-ee509e386b2b,패배,8/8/8
#8382521869,2026-09-15 22:46,bc7d9161-a7d7-559a-9a9f-ac3c63c6e84d,패배,4/12/10
#8382521869,2026-09-15 22:46,41e09551-926a-5c0d-a51d-22e93e95d748,승리,5/6/7
#8382521869,2026-09-15 22:46,108ad62e-8642-5e2e-88b4-f0cc8b19efa4,승리,5/5/15
#8382521869,2026-09-15 22:46,30b8a5b1-1f16-5bc1-aa73-125e56aa560c,승리,16/4/11
#8382521869,2026-09-15 22:46,5e13fc05-ff0c-5435-80dd-63bbd252f467,승리,12/8/10
#8382521869,2026-09-15 22:46,cac75d28-bc8f-535a-9cba-80d88502dbd1,승리,1/4/20
#8382629425,2026-09-15 23:47,ca35d025-a97f-5e6f-a185-1a3e0bc24c0c,패배,4/3/2
#8382629425,2026-09-15 23:47,108ad62e-8642-5e2e-88b4-f0cc8b19efa4,패배,1/7/8
#8382629425,2026-09-15 23:47,c9372432-0fdc-5fd3-b8e6-cbb273ca03fd,패배,2/11/4
#8382629425,2026-09-15 23:47,48a9676c-6f4a-5dfb-9a36-fca24b95153a,패배,7/6/7
#8382629425,2026-09-15 23:47,cac75d28-bc8f-535a-9cba-80d88502dbd1,패배,4/5/9
#8382629425,2026-09-15 23:47,41e09551-926a-5c0d-a51d-22e93e95d748,승리,6/2/6
#8382629425,2026-09-15 23:47,30b8a5b1-1f16-5bc1-aa73-125e56aa560c,승리,7/2/9
#8382629425,2026-09-15 23:47,5e13fc05-ff0c-5435-80dd-63bbd252f467,승리,12/4/6
#8382629425,2026-09-15 23:47,1197e8f5-daec-5145-854e-a6f73237afc8,승리,6/6/11
#8382629425,2026-09-15 23:47,3890c3e5-0d1f-5c93-8e20-445d164296fb,승리,1/5/16
#8383323210,2026-09-16 20:08,676f3610-d9c9-5727-a5bd-d93aac82cad2,패배,7/7/6
#8383323210,2026-09-16 20:08,4aa66eba-e75c-5e2e-8981-3451f6f89d18,패배,12/6/8
#8383323210,2026-09-16 20:08,9698fdaf-6098-5b6c-80f4-e1b06071009c,패배,4/8/9
#8383323210,2026-09-16 20:08,32648f54-7e5b-571b-87d1-ee6ffdc14f5d,패배,7/8/9
#8383323210,2026-09-16 20:08,bc7d9161-a7d7-559a-9a9f-ac3c63c6e84d,패배,1/10/13
#8383323210,2026-09-16 20:08,bca1f7cc-4819-538b-a4d9-9bbcd8a42c51,승리,3/5/11
#8383323210,2026-09-16 20:08,ca35d025-a97f-5e6f-a185-1a3e0bc24c0c,승리,2/6/19
#8383323210,2026-09-16 20:08,d4ed9d18-939c-549c-92bc-c2accb63a5f0,승리,10/7/10
#8383323210,2026-09-16 20:08,f6913164-7a0a-5d4f-a898-54665431820b,승리,20/4/4
#8383323210,2026-09-16 20:08,aa91628d-1def-593d-862a-968b8287a439,승리,4/9/23
#8383333836,2026-09-16 20:21,571b9bb0-8cd9-5b9e-81e6-814b49141ad4,패배,9/6/11
#8383333836,2026-09-16 20:21,15e34f7e-6eb9-5638-b11d-47284ddad510,패배,2/6/9
#8383333836,2026-09-16 20:21,6a4f5512-0b22-5bd1-ae85-8d8c07d751ab,패배,8/3/13
#8383333836,2026-09-16 20:21,48a9676c-6f4a-5dfb-9a36-fca24b95153a,패배,5/3/11
#8383333836,2026-09-16 20:21,bf515608-1608-5c9f-91bb-25b56f3b1050,패배,3/2/13
#8383333836,2026-09-16 20:21,b374355f-b65d-52fe-990b-5e6accd3ae9c,승리,6/5/11
#8383333836,2026-09-16 20:21,5b3bf88d-076a-5339-9317-e6e1ba821cad,승리,10/9/6
#8383333836,2026-09-16 20:21,3e247e02-ecab-5b32-a0e2-6ded375a6e34,승리,1/6/11
#8383333836,2026-09-16 20:21,fc0f19c9-c655-5915-ad47-0ef0d2bff998,승리,3/3/9
#8383333836,2026-09-16 20:21,f5b1b3fc-5819-512f-8fc4-1e3f12e480f4,승리,0/4/16
#8383380980,2026-09-16 21:03,4aa66eba-e75c-5e2e-8981-3451f6f89d18,승리,10/7/7
#8383380980,2026-09-16 21:03,ca35d025-a97f-5e6f-a185-1a3e0bc24c0c,승리,4/4/12
#8383380980,2026-09-16 21:03,d4ed9d18-939c-549c-92bc-c2accb63a5f0,승리,5/9/6
#8383380980,2026-09-16 21:03,32648f54-7e5b-571b-87d1-ee6ffdc14f5d,승리,11/9/6
#8383380980,2026-09-16 21:03,bc7d9161-a7d7-559a-9a9f-ac3c63c6e84d,승리,1/5/18
#8383380980,2026-09-16 21:03,bca1f7cc-4819-538b-a4d9-9bbcd8a42c51,패배,3/7/17
#8383380980,2026-09-16 21:03,676f3610-d9c9-5727-a5bd-d93aac82cad2,패배,12/7/13
#8383380980,2026-09-16 21:03,f6913164-7a0a-5d4f-a898-54665431820b,패배,9/5/10
#8383380980,2026-09-16 21:03,9698fdaf-6098-5b6c-80f4-e1b06071009c,패배,4/6/21
#8383380980,2026-09-16 21:03,aa91628d-1def-593d-862a-968b8287a439,패배,6/6/27
#8383396897,2026-09-16 21:12,571b9bb0-8cd9-5b9e-81e6-814b49141ad4,승리,3/4/7
#8383396897,2026-09-16 21:12,6a4f5512-0b22-5bd1-ae85-8d8c07d751ab,패배,0/4/8
#8383396897,2026-09-16 21:12,15e34f7e-6eb9-5638-b11d-47284ddad510,패배,1/8/7
#8383396897,2026-09-16 21:12,5b3bf88d-076a-5339-9317-e6e1ba821cad,패배,7/6/8
#8383396897,2026-09-16 21:12,fc0f19c9-c655-5915-ad47-0ef0d2bff998,패배,9/4/5
#8383396897,2026-09-16 21:12,bf515608-1608-5c9f-91bb-25b56f3b1050,패배,0/6/14
#8383396897,2026-09-16 21:12,3e247e02-ecab-5b32-a0e2-6ded375a6e34,승리,4/1/3
#8383396897,2026-09-16 21:12,b374355f-b65d-52fe-990b-5e6accd3ae9c,승리,9/4/5
#8383396897,2026-09-16 21:12,48a9676c-6f4a-5dfb-9a36-fca24b95153a,승리,12/3/3
#8383396897,2026-09-16 21:12,f5b1b3fc-5819-512f-8fc4-1e3f12e480f4,승리,0/5/19
#8383456788,2026-09-16 21:48,571b9bb0-8cd9-5b9e-81e6-814b49141ad4,승리,10/4/25
#8383456788,2026-09-16 21:48,3e247e02-ecab-5b32-a0e2-6ded375a6e34,승리,9/6/12
#8383456788,2026-09-16 21:48,5b3bf88d-076a-5339-9317-e6e1ba821cad,승리,18/7/27
#8383456788,2026-09-16 21:48,48a9676c-6f4a-5dfb-9a36-fca24b95153a,승리,11/8/23
#8383456788,2026-09-16 21:48,15e34f7e-6eb9-5638-b11d-47284ddad510,승리,4/9/28
#8383456788,2026-09-16 21:48,bf515608-1608-5c9f-91bb-25b56f3b1050,패배,9/8/8
#8383456788,2026-09-16 21:48,b374355f-b65d-52fe-990b-5e6accd3ae9c,패배,9/10/12
#8383456788,2026-09-16 21:48,6a4f5512-0b22-5bd1-ae85-8d8c07d751ab,패배,6/14/12
#8383456788,2026-09-16 21:48,f5b1b3fc-5819-512f-8fc4-1e3f12e480f4,패배,7/12/14
#8383456788,2026-09-16 21:48,fc0f19c9-c655-5915-ad47-0ef0d2bff998,패배,2/8/17
#8383488057,2026-09-16 21:56,676f3610-d9c9-5727-a5bd-d93aac82cad2,패배,5/7/3
#8383488057,2026-09-16 21:56,bc7d9161-a7d7-559a-9a9f-ac3c63c6e84d,패배,5/10/8
#8383488057,2026-09-16 21:56,f6913164-7a0a-5d4f-a898-54665431820b,패배,4/5/3
#8383488057,2026-09-16 21:56,aa91628d-1def-593d-862a-968b8287a439,패배,4/6/5
#8383488057,2026-09-16 21:56,9698fdaf-6098-5b6c-80f4-e1b06071009c,패배,1/10/8
#8383488057,2026-09-16 21:56,d4ed9d18-939c-549c-92bc-c2accb63a5f0,승리,5/6/6
#8383488057,2026-09-16 21:56,ca35d025-a97f-5e6f-a185-1a3e0bc24c0c,승리,5/2/11
#8383488057,2026-09-16 21:56,41e09551-926a-5c0d-a51d-22e93e95d748,승리,9/4/12
#8383488057,2026-09-16 21:56,32648f54-7e5b-571b-87d1-ee6ffdc14f5d,승리,15/2/10
#8383488057,2026-09-16 21:56,bca1f7cc-4819-538b-a4d9-9bbcd8a42c51,승리,4/5/15
#8383572079,2026-09-16 22:43,1d7539b5-5566-57d4-b9cd-5158923a589d,승리,4/7/17
#8383572079,2026-09-16 22:43,9cf20ad8-ea37-5c6b-a6f7-3b5d69dce526,승리,15/8/8
#8383572079,2026-09-16 22:43,41e09551-926a-5c0d-a51d-22e93e95d748,승리,14/8/9
#8383572079,2026-09-16 22:43,aa91628d-1def-593d-862a-968b8287a439,승리,7/9/9
#8383572079,2026-09-16 22:43,cac75d28-bc8f-535a-9cba-80d88502dbd1,승리,3/5/21
#8383572079,2026-09-16 22:43,bc7d9161-a7d7-559a-9a9f-ac3c63c6e84d,패배,3/10/13
#8383572079,2026-09-16 22:43,e25a31d2-835a-56f0-9cce-fd4438f88124,패배,22/5/7
#8383572079,2026-09-16 22:43,f6913164-7a0a-5d4f-a898-54665431820b,패배,4/9/11
#8383572079,2026-09-16 22:43,32648f54-7e5b-571b-87d1-ee6ffdc14f5d,패배,7/11/11
#8383572079,2026-09-16 22:43,9698fdaf-6098-5b6c-80f4-e1b06071009c,패배,1/8/18
#8383575189,2026-09-16 22:48,3ecbcaa4-8cf5-5e3f-94c0-89d8af23ee8b,승리,4/2/22
#8383575189,2026-09-16 22:48,3e247e02-ecab-5b32-a0e2-6ded375a6e34,승리,5/3/14
#8383575189,2026-09-16 22:48,fc0f19c9-c655-5915-ad47-0ef0d2bff998,승리,4/5/11
#8383575189,2026-09-16 22:48,15e34f7e-6eb9-5638-b11d-47284ddad510,승리,2/3/12
#8383575189,2026-09-16 22:48,5e13fc05-ff0c-5435-80dd-63bbd252f467,승리,14/3/7
#8383575189,2026-09-16 22:48,b374355f-b65d-52fe-990b-5e6accd3ae9c,패배,2/7/2
#8383575189,2026-09-16 22:48,571b9bb0-8cd9-5b9e-81e6-814b49141ad4,패배,2/5/10
#8383575189,2026-09-16 22:48,f5b1b3fc-5819-512f-8fc4-1e3f12e480f4,패배,2/5/8
#8383575189,2026-09-16 22:48,48a9676c-6f4a-5dfb-9a36-fca24b95153a,패배,10/5/2
#8383575189,2026-09-16 22:48,bf515608-1608-5c9f-91bb-25b56f3b1050,패배,0/7/13
#8383658270,2026-09-16 23:43,3ecbcaa4-8cf5-5e3f-94c0-89d8af23ee8b,패배,2/10/1
#8383658270,2026-09-16 23:43,3e247e02-ecab-5b32-a0e2-6ded375a6e34,패배,2/3/2
#8383658270,2026-09-16 23:43,9cf20ad8-ea37-5c6b-a6f7-3b5d69dce526,패배,0/10/2
#8383658270,2026-09-16 23:43,5e13fc05-ff0c-5435-80dd-63bbd252f467,패배,5/6/0
#8383658270,2026-09-16 23:43,8808dd77-7553-5937-bf1d-5ffa0f00682a,패배,0/9/6
#8383658270,2026-09-16 23:43,15e34f7e-6eb9-5638-b11d-47284ddad510,승리,1/1/11
#8383658270,2026-09-16 23:43,108ad62e-8642-5e2e-88b4-f0cc8b19efa4,승리,15/0/14
#8383658270,2026-09-16 23:43,41e09551-926a-5c0d-a51d-22e93e95d748,승리,10/2/6
#8383658270,2026-09-16 23:43,e25a31d2-835a-56f0-9cce-fd4438f88124,승리,11/4/11
#8383658270,2026-09-16 23:43,cac75d28-bc8f-535a-9cba-80d88502dbd1,승리,1/2/18
#8383717494,2026-09-17 00:33,3ecbcaa4-8cf5-5e3f-94c0-89d8af23ee8b,패배,6/8/3
#8383717494,2026-09-17 00:33,41e09551-926a-5c0d-a51d-22e93e95d748,승리,8/3/8
#8383717494,2026-09-17 00:33,108ad62e-8642-5e2e-88b4-f0cc8b19efa4,승리,6/1/12
#8383717494,2026-09-17 00:33,fd30acf7-dfb6-55e3-8ee1-8463244a92d5,승리,6/2/7
#8383717494,2026-09-17 00:33,5e13fc05-ff0c-5435-80dd-63bbd252f467,승리,5/6/5
#8383717494,2026-09-17 00:33,9cf20ad8-ea37-5c6b-a6f7-3b5d69dce526,승리,7/7/11
#8383717494,2026-09-17 00:33,e25a31d2-835a-56f0-9cce-fd4438f88124,패배,4/8/3
#8383717494,2026-09-17 00:33,15e34f7e-6eb9-5638-b11d-47284ddad510,패배,4/4/0
#8383717494,2026-09-17 00:33,8808dd77-7553-5937-bf1d-5ffa0f00682a,패배,2/6/3
#8383717494,2026-09-17 00:33,cac75d28-bc8f-535a-9cba-80d88502dbd1,패배,3/6/10
#8384337758,2026-09-17 20:07,77bb09d0-2c95-596d-885a-3be23112cc76,패배,1/5/1
#8384337758,2026-09-17 20:07,676f3610-d9c9-5727-a5bd-d93aac82cad2,패배,6/2/6
#8384337758,2026-09-17 20:07,cdbeeaa3-2d54-5732-8cbe-e5643e6561f4,패배,3/9/4
#8384337758,2026-09-17 20:07,1197e8f5-daec-5145-854e-a6f73237afc8,패배,4/5/6
#8384337758,2026-09-17 20:07,aa91628d-1def-593d-862a-968b8287a439,패배,3/13/7
#8384337758,2026-09-17 20:07,bca1f7cc-4819-538b-a4d9-9bbcd8a42c51,승리,3/3/3
#8384337758,2026-09-17 20:07,b5380629-d74b-5796-8e72-98a060d864de,승리,7/2/8
#8384337758,2026-09-17 20:07,26583f10-50a4-5f03-b49b-8c3d8acfac5d,승리,3/2/9
#8384337758,2026-09-17 20:07,5b3bf88d-076a-5339-9317-e6e1ba821cad,승리,18/5/7
#8384337758,2026-09-17 20:07,bc7d9161-a7d7-559a-9a9f-ac3c63c6e84d,승리,2/5/25
#8384361109,2026-09-17 20:14,7e2bfe82-2409-5da9-968b-246723d3b167,패배,17/12/9
#8384361109,2026-09-17 20:14,3712c3ab-a24a-5bf1-85c1-b92c4d68e907,패배,5/10/11
#8384361109,2026-09-17 20:14,4aa66eba-e75c-5e2e-8981-3451f6f89d18,패배,8/7/21
#8384361109,2026-09-17 20:14,1d7539b5-5566-57d4-b9cd-5158923a589d,패배,7/8/15
#8384361109,2026-09-17 20:14,73291f2a-d93a-59c4-8627-10679a8932a6,패배,2/8/26
#8384361109,2026-09-17 20:14,fd30acf7-dfb6-55e3-8ee1-8463244a92d5,승리,13/9/14
#8384361109,2026-09-17 20:14,fc0f19c9-c655-5915-ad47-0ef0d2bff998,승리,7/7/14
#8384361109,2026-09-17 20:14,d18ec7c7-d61a-58b8-98d9-ee36e9b5ce58,승리,7/8/24
#8384361109,2026-09-17 20:14,48a9676c-6f4a-5dfb-9a36-fca24b95153a,승리,15/8/10
#8384361109,2026-09-17 20:14,8808dd77-7553-5937-bf1d-5ffa0f00682a,승리,3/7/26
#8384403267,2026-09-17 20:48,77bb09d0-2c95-596d-885a-3be23112cc76,패배,6/8/6
#8384403267,2026-09-17 20:48,26583f10-50a4-5f03-b49b-8c3d8acfac5d,패배,5/7/12
#8384403267,2026-09-17 20:48,5b3bf88d-076a-5339-9317-e6e1ba821cad,패배,6/7/16
#8384403267,2026-09-17 20:48,676f3610-d9c9-5727-a5bd-d93aac82cad2,패배,11/3/11
#8384403267,2026-09-17 20:48,aa91628d-1def-593d-862a-968b8287a439,패배,1/7/21
#8384403267,2026-09-17 20:48,bca1f7cc-4819-538b-a4d9-9bbcd8a42c51,승리,10/4/6
#8384403267,2026-09-17 20:48,cdbeeaa3-2d54-5732-8cbe-e5643e6561f4,승리,5/6/7
#8384403267,2026-09-17 20:48,b5380629-d74b-5796-8e72-98a060d864de,승리,12/5/11
#8384403267,2026-09-17 20:48,1197e8f5-daec-5145-854e-a6f73237afc8,승리,5/7/8
#8384403267,2026-09-17 20:48,bc7d9161-a7d7-559a-9a9f-ac3c63c6e84d,승리,0/7/15
#8384430887,2026-09-17 21:14,1d7539b5-5566-57d4-b9cd-5158923a589d,승리,0/5/4
#8384430887,2026-09-17 21:14,3712c3ab-a24a-5bf1-85c1-b92c4d68e907,승리,9/1/17
#8384430887,2026-09-17 21:14,d18ec7c7-d61a-58b8-98d9-ee36e9b5ce58,승리,9/4/17
#8384430887,2026-09-17 21:14,4aa66eba-e75c-5e2e-8981-3451f6f89d18,승리,21/3/6
#8384430887,2026-09-17 21:14,8808dd77-7553-5937-bf1d-5ffa0f00682a,승리,0/2/24
#8384430887,2026-09-17 21:14,fd30acf7-dfb6-55e3-8ee1-8463244a92d5,패배,2/6/3
#8384430887,2026-09-17 21:14,fc0f19c9-c655-5915-ad47-0ef0d2bff998,패배,0/9/8
#8384430887,2026-09-17 21:14,7e2bfe82-2409-5da9-968b-246723d3b167,패배,8/8/1
#8384430887,2026-09-17 21:14,48a9676c-6f4a-5dfb-9a36-fca24b95153a,패배,3/9/3
#8384430887,2026-09-17 21:14,73291f2a-d93a-59c4-8627-10679a8932a6,패배,1/7/6
#8384491790,2026-09-17 21:49,bca1f7cc-4819-538b-a4d9-9bbcd8a42c51,패배,0/9/3
#8384491790,2026-09-17 21:49,5b3bf88d-076a-5339-9317-e6e1ba821cad,패배,4/4/3
#8384491790,2026-09-17 21:49,26583f10-50a4-5f03-b49b-8c3d8acfac5d,패배,4/3/4
#8384491790,2026-09-17 21:49,aa91628d-1def-593d-862a-968b8287a439,패배,7/8/5
#8384491790,2026-09-17 21:49,bc7d9161-a7d7-559a-9a9f-ac3c63c6e84d,패배,0/6/13
#8384491790,2026-09-17 21:49,676f3610-d9c9-5727-a5bd-d93aac82cad2,승리,13/1/2
#8384491790,2026-09-17 21:49,b5380629-d74b-5796-8e72-98a060d864de,승리,5/3/11
#8384491790,2026-09-17 21:49,77bb09d0-2c95-596d-885a-3be23112cc76,승리,0/2/9
#8384491790,2026-09-17 21:49,1197e8f5-daec-5145-854e-a6f73237afc8,승리,12/5/7
#8384491790,2026-09-17 21:49,cdbeeaa3-2d54-5732-8cbe-e5643e6561f4,승리,0/4/17
#8384513371,2026-09-17 21:57,1d7539b5-5566-57d4-b9cd-5158923a589d,승리,9/5/9
#8384513371,2026-09-17 21:57,fd30acf7-dfb6-55e3-8ee1-8463244a92d5,패배,6/3/13
#8384513371,2026-09-17 21:57,73291f2a-d93a-59c4-8627-10679a8932a6,패배,11/12/13
#8384513371,2026-09-17 21:57,d18ec7c7-d61a-58b8-98d9-ee36e9b5ce58,패배,3/12/18
#8384513371,2026-09-17 21:57,fc0f19c9-c655-5915-ad47-0ef0d2bff998,패배,10/6/6
#8384513371,2026-09-17 21:57,48a9676c-6f4a-5dfb-9a36-fca24b95153a,패배,1/8/15
#8384513371,2026-09-17 21:57,4aa66eba-e75c-5e2e-8981-3451f6f89d18,승리,5/5/7
#8384513371,2026-09-17 21:57,3712c3ab-a24a-5bf1-85c1-b92c4d68e907,승리,9/6/20
#8384513371,2026-09-17 21:57,7e2bfe82-2409-5da9-968b-246723d3b167,승리,15/9/11
#8384513371,2026-09-17 21:57,8808dd77-7553-5937-bf1d-5ffa0f00682a,승리,3/6/20
#8384567474,2026-09-17 22:30,31e88dc8-bc4a-5b0e-b7f0-9d47bec34024,승리,5/2/7
#8384567474,2026-09-17 22:30,bc7d9161-a7d7-559a-9a9f-ac3c63c6e84d,승리,10/5/16
#8384567474,2026-09-17 22:30,bca1f7cc-4819-538b-a4d9-9bbcd8a42c51,승리,6/7/7
#8384567474,2026-09-17 22:30,aa91628d-1def-593d-862a-968b8287a439,승리,15/3/11
#8384567474,2026-09-17 22:30,cdbeeaa3-2d54-5732-8cbe-e5643e6561f4,승리,3/2/21
#8384567474,2026-09-17 22:30,77bb09d0-2c95-596d-885a-3be23112cc76,패배,0/5/7
#8384567474,2026-09-17 22:30,b5380629-d74b-5796-8e72-98a060d864de,패배,11/6/5
#8384567474,2026-09-17 22:30,f6913164-7a0a-5d4f-a898-54665431820b,패배,4/9/6
#8384567474,2026-09-17 22:30,5b3bf88d-076a-5339-9317-e6e1ba821cad,패배,2/9/2
#8384567474,2026-09-17 22:30,676f3610-d9c9-5727-a5bd-d93aac82cad2,패배,2/10/6
#8385448591,2026-09-18 20:09,30b8a5b1-1f16-5bc1-aa73-125e56aa560c,패배,4/8/8
#8385448591,2026-09-18 20:09,aa2fbfdd-c17f-5e1b-a04e-8567e1c45d5e,패배,3/7/1
#8385448591,2026-09-18 20:09,671680a6-c5c8-5457-a92b-91f0c83bfb91,패배,9/4/9
#8385448591,2026-09-18 20:09,26583f10-50a4-5f03-b49b-8c3d8acfac5d,패배,2/9/10
#8385448591,2026-09-18 20:09,c4c8cdc0-24db-5def-9120-c0eae39625cb,패배,3/4/13
#8385448591,2026-09-18 20:09,77bb09d0-2c95-596d-885a-3be23112cc76,승리,5/4/12
#8385448591,2026-09-18 20:09,bc7d9161-a7d7-559a-9a9f-ac3c63c6e84d,승리,2/3/12
#8385448591,2026-09-18 20:09,7e2bfe82-2409-5da9-968b-246723d3b167,승리,11/6/8
#8385448591,2026-09-18 20:09,aa91628d-1def-593d-862a-968b8287a439,승리,11/5/12
#8385448591,2026-09-18 20:09,bf515608-1608-5c9f-91bb-25b56f3b1050,승리,3/3/18
#8385502555,2026-09-18 20:48,30b8a5b1-1f16-5bc1-aa73-125e56aa560c,승리,10/5/15
#8385502555,2026-09-18 20:48,aa2fbfdd-c17f-5e1b-a04e-8567e1c45d5e,승리,3/3/10
#8385502555,2026-09-18 20:48,671680a6-c5c8-5457-a92b-91f0c83bfb91,승리,3/2/16
#8385502555,2026-09-18 20:48,aa91628d-1def-593d-862a-968b8287a439,승리,17/4/12
#8385502555,2026-09-18 20:48,bf515608-1608-5c9f-91bb-25b56f3b1050,승리,3/6/20
#8385502555,2026-09-18 20:48,77bb09d0-2c95-596d-885a-3be23112cc76,패배,0/4/6
#8385502555,2026-09-18 20:48,c4c8cdc0-24db-5def-9120-c0eae39625cb,패배,8/8/7
#8385502555,2026-09-18 20:48,26583f10-50a4-5f03-b49b-8c3d8acfac5d,패배,3/7/11
#8385502555,2026-09-18 20:48,7e2bfe82-2409-5da9-968b-246723d3b167,패배,9/8/6
#8385502555,2026-09-18 20:48,bc7d9161-a7d7-559a-9a9f-ac3c63c6e84d,패배,0/9/10
#8385583121,2026-09-18 21:34,7e2bfe82-2409-5da9-968b-246723d3b167,승리,10/1/13
#8385583121,2026-09-18 21:34,77bb09d0-2c95-596d-885a-3be23112cc76,승리,8/1/12
#8385583121,2026-09-18 21:34,26583f10-50a4-5f03-b49b-8c3d8acfac5d,승리,4/1/16
#8385583121,2026-09-18 21:34,bc7d9161-a7d7-559a-9a9f-ac3c63c6e84d,승리,19/3/5
#8385583121,2026-09-18 21:34,f5b1b3fc-5819-512f-8fc4-1e3f12e480f4,승리,1/7/22
#8385583121,2026-09-18 21:34,aa2fbfdd-c17f-5e1b-a04e-8567e1c45d5e,패배,1/7/4
#8385583121,2026-09-18 21:34,671680a6-c5c8-5457-a92b-91f0c83bfb91,패배,3/9/3
#8385583121,2026-09-18 21:34,c4c8cdc0-24db-5def-9120-c0eae39625cb,패배,4/6/4
#8385583121,2026-09-18 21:34,aa91628d-1def-593d-862a-968b8287a439,패배,3/10/5
#8385583121,2026-09-18 21:34,bf515608-1608-5c9f-91bb-25b56f3b1050,패배,1/10/10
#8385591866,2026-09-18 21:43,0a7b4119-42e6-502f-afa3-80e33dde1025,패배,6/7/4
#8385591866,2026-09-18 21:43,2988b6ec-4d8c-5cf7-88ea-be08c42a1416,패배,4/4/3
#8385591866,2026-09-18 21:43,33d4446b-a1b9-5b44-ae8a-2009b77218d4,패배,2/5/10
#8385591866,2026-09-18 21:43,5b3bf88d-076a-5339-9317-e6e1ba821cad,패배,7/8/3
#8385591866,2026-09-18 21:43,1b9aa7ca-461b-5d31-8834-7816dd82589b,패배,0/7/11
#8385591866,2026-09-18 21:43,b374355f-b65d-52fe-990b-5e6accd3ae9c,승리,3/2/7
#8385591866,2026-09-18 21:43,f691451d-87d3-5db5-94cf-22971436cf70,승리,7/5/7
#8385591866,2026-09-18 21:43,d4ed9d18-939c-549c-92bc-c2accb63a5f0,승리,4/3/7
#8385591866,2026-09-18 21:43,fc0f19c9-c655-5915-ad47-0ef0d2bff998,승리,15/3/8
#8385591866,2026-09-18 21:43,dd48b93f-132a-56f2-aa29-95bddefc4a53,승리,2/6/14
#8385675100,2026-09-18 22:22,7e2bfe82-2409-5da9-968b-246723d3b167,승리,5/10/4
#8385675100,2026-09-18 22:22,671680a6-c5c8-5457-a92b-91f0c83bfb91,승리,15/5/19
#8385675100,2026-09-18 22:22,26583f10-50a4-5f03-b49b-8c3d8acfac5d,승리,12/2/16
#8385675100,2026-09-18 22:22,f5b1b3fc-5819-512f-8fc4-1e3f12e480f4,승리,11/8/19
#8385675100,2026-09-18 22:22,c4c8cdc0-24db-5def-9120-c0eae39625cb,승리,1/7/27
#8385675100,2026-09-18 22:22,aa2fbfdd-c17f-5e1b-a04e-8567e1c45d5e,패배,9/7/8
#8385675100,2026-09-18 22:22,bf515608-1608-5c9f-91bb-25b56f3b1050,패배,3/9/10
#8385675100,2026-09-18 22:22,bc7d9161-a7d7-559a-9a9f-ac3c63c6e84d,패배,4/10/8
#8385675100,2026-09-18 22:22,aa91628d-1def-593d-862a-968b8287a439,패배,15/8/8
#8385675100,2026-09-18 22:22,8808dd77-7553-5937-bf1d-5ffa0f00682a,패배,1/10/19
#8385680239,2026-09-18 22:24,0a7b4119-42e6-502f-afa3-80e33dde1025,승리,5/6/11
#8385680239,2026-09-18 22:24,33d4446b-a1b9-5b44-ae8a-2009b77218d4,승리,6/6/5
#8385680239,2026-09-18 22:24,2988b6ec-4d8c-5cf7-88ea-be08c42a1416,승리,11/3/12
#8385680239,2026-09-18 22:24,f691451d-87d3-5db5-94cf-22971436cf70,승리,9/5/4
#8385680239,2026-09-18 22:24,dd48b93f-132a-56f2-aa29-95bddefc4a53,승리,3/3/20
#8385680239,2026-09-18 22:24,b374355f-b65d-52fe-990b-5e6accd3ae9c,패배,6/6/5
#8385680239,2026-09-18 22:24,5b3bf88d-076a-5339-9317-e6e1ba821cad,패배,6/9/6
#8385680239,2026-09-18 22:24,d4ed9d18-939c-549c-92bc-c2accb63a5f0,패배,7/6/6
#8385680239,2026-09-18 22:24,fc0f19c9-c655-5915-ad47-0ef0d2bff998,패배,3/9/5
#8385680239,2026-09-18 22:24,1b9aa7ca-461b-5d31-8834-7816dd82589b,패배,1/5/9
#8385770015,2026-09-18 23:05,0a7b4119-42e6-502f-afa3-80e33dde1025,승리,7/6/9
#8385770015,2026-09-18 23:05,b374355f-b65d-52fe-990b-5e6accd3ae9c,패배,0/3/2
#8385770015,2026-09-18 23:05,2988b6ec-4d8c-5cf7-88ea-be08c42a1416,패배,8/5/2
#8385770015,2026-09-18 23:05,33d4446b-a1b9-5b44-ae8a-2009b77218d4,패배,6/9/2
#8385770015,2026-09-18 23:05,fc0f19c9-c655-5915-ad47-0ef0d2bff998,패배,2/7/3
#8385770015,2026-09-18 23:05,1b9aa7ca-461b-5d31-8834-7816dd82589b,패배,1/6/7
#8385770015,2026-09-18 23:05,3712c3ab-a24a-5bf1-85c1-b92c4d68e907,승리,3/2/2
#8385770015,2026-09-18 23:05,d4ed9d18-939c-549c-92bc-c2accb63a5f0,승리,7/3/8
#8385770015,2026-09-18 23:05,5b3bf88d-076a-5339-9317-e6e1ba821cad,승리,12/3/7
#8385770015,2026-09-18 23:05,dd48b93f-132a-56f2-aa29-95bddefc4a53,승리,1/3/19
#8385769022,2026-09-18 23:06,7e2bfe82-2409-5da9-968b-246723d3b167,승리,19/6/8
#8385769022,2026-09-18 23:06,c4c8cdc0-24db-5def-9120-c0eae39625cb,패배,3/8/6
#8385769022,2026-09-18 23:06,f5b1b3fc-5819-512f-8fc4-1e3f12e480f4,패배,13/6/5
#8385769022,2026-09-18 23:06,8808dd77-7553-5937-bf1d-5ffa0f00682a,패배,5/10/8
#8385769022,2026-09-18 23:06,aa91628d-1def-593d-862a-968b8287a439,패배,1/10/9
#8385769022,2026-09-18 23:06,bf515608-1608-5c9f-91bb-25b56f3b1050,패배,3/11/9
#8385769022,2026-09-18 23:06,aa2fbfdd-c17f-5e1b-a04e-8567e1c45d5e,승리,8/1/9
#8385769022,2026-09-18 23:06,671680a6-c5c8-5457-a92b-91f0c83bfb91,승리,9/8/26
#8385769022,2026-09-18 23:06,bc7d9161-a7d7-559a-9a9f-ac3c63c6e84d,승리,7/6/15
#8385769022,2026-09-18 23:06,12e4fa1c-6a14-5524-bbbb-e115cc63eb29,승리,2/4/30
#8377407266,2026-09-12 00:32,c3676598-0c77-5790-93fe-66649df34cdb,승리,13/6/9
#8377407266,2026-09-12 00:32,5009b225-df49-56cb-be93-5433b4b68271,승리,5/6/18
#8377407266,2026-09-12 00:32,00cff76d-2584-58ea-8854-2ad58b5f1b94,승리,6/7/7
#8377407266,2026-09-12 00:32,68402d56-384a-5c41-b61c-6e82c4831d7a,승리,8/8/14
#8377407266,2026-09-12 00:32,3189601c-1e82-5dbd-b304-d034803ccfa2,승리,4/8/17
#8377407266,2026-09-12 00:32,1ec6dd23-d28d-55de-89f0-d32946db17d4,패배,6/10/4
#8377407266,2026-09-12 00:32,b18b9ba1-29b5-5192-a690-a7ddd8ee3797,패배,5/4/13
#8377407266,2026-09-12 00:32,392d67da-5d50-596c-b27b-09363d290f56,패배,8/7/1
#8377407266,2026-09-12 00:32,276613c3-9e05-5979-9d25-6ed3e61ce89e,패배,14/7/9
#8377407266,2026-09-12 00:32,b51b8454-3da3-557a-8e6b-8e0f0b1f86b5,패배,1/9/15
#8377321079,2026-09-11 23:48,1ec6dd23-d28d-55de-89f0-d32946db17d4,승리,3/6/8
#8377321079,2026-09-11 23:48,b18b9ba1-29b5-5192-a690-a7ddd8ee3797,승리,9/5/20
#8377321079,2026-09-11 23:48,392d67da-5d50-596c-b27b-09363d290f56,승리,7/5/16
#8377321079,2026-09-11 23:48,276613c3-9e05-5979-9d25-6ed3e61ce89e,승리,12/5/10
#8377321079,2026-09-11 23:48,b51b8454-3da3-557a-8e6b-8e0f0b1f86b5,승리,5/13/15
#8377321079,2026-09-11 23:48,c3676598-0c77-5790-93fe-66649df34cdb,패배,2/6/9
#8377321079,2026-09-11 23:48,5009b225-df49-56cb-be93-5433b4b68271,패배,12/6/12
#8377321079,2026-09-11 23:48,00cff76d-2584-58ea-8854-2ad58b5f1b94,패배,4/9/11
#8377321079,2026-09-11 23:48,68402d56-384a-5c41-b61c-6e82c4831d7a,패배,8/8/10
#8377321079,2026-09-11 23:48,3189601c-1e82-5dbd-b304-d034803ccfa2,패배,8/7/19
#8385868446,2026-09-18 23:56,7e2bfe82-2409-5da9-968b-246723d3b167,패배,5/10/7
#8385868446,2026-09-18 23:56,77a65121-6eb2-5e4a-af35-c55ad40ec191,패배,9/7/5
#8385868446,2026-09-18 23:56,aa2fbfdd-c17f-5e1b-a04e-8567e1c45d5e,패배,4/8/10
#8385868446,2026-09-18 23:56,bc7d9161-a7d7-559a-9a9f-ac3c63c6e84d,패배,8/11/7
#8385868446,2026-09-18 23:56,bf515608-1608-5c9f-91bb-25b56f3b1050,패배,2/10/16
#8385868446,2026-09-18 23:56,aa89211b-8e58-50dd-96a7-e9821eddcaae,승리,6/7/8
#8385868446,2026-09-18 23:56,f5b1b3fc-5819-512f-8fc4-1e3f12e480f4,승리,3/7/26
#8385868446,2026-09-18 23:56,78b31098-ad76-51b0-afac-616c7086f958,승리,18/7/13
#8385868446,2026-09-18 23:56,12e4fa1c-6a14-5524-bbbb-e115cc63eb29,승리,19/3/7
#8385868446,2026-09-18 23:56,aa91628d-1def-593d-862a-968b8287a439,승리,0/4/33
#8386858173,2026-09-19 19:17,26583f10-50a4-5f03-b49b-8c3d8acfac5d,패배,6/7/6
#8386858173,2026-09-19 19:17,bc7d9161-a7d7-559a-9a9f-ac3c63c6e84d,승리,5/6/8
#8386858173,2026-09-19 19:17,1197e8f5-daec-5145-854e-a6f73237afc8,승리,10/1/11
#8386858173,2026-09-19 19:17,b0eaa8e9-4c21-5666-83bf-cfbd56778a18,승리,9/5/7
#8386858173,2026-09-19 19:17,702dbc2f-105c-5ec9-b414-b980ad393153,승리,10/5/11
#8386858173,2026-09-19 19:17,aa91628d-1def-593d-862a-968b8287a439,승리,1/1/23
#8386858173,2026-09-19 19:17,7e2bfe82-2409-5da9-968b-246723d3b167,패배,5/7/5
#8386858173,2026-09-19 19:17,f6913164-7a0a-5d4f-a898-54665431820b,패배,4/7/2
#8386858173,2026-09-19 19:17,7a8ba539-7e36-5ebc-8c84-affc83acb409,패배,3/8/6
#8386858173,2026-09-19 19:17,aa2fbfdd-c17f-5e1b-a04e-8567e1c45d5e,패배,0/6/4
#8386910688,2026-09-19 20:02,2988b6ec-4d8c-5cf7-88ea-be08c42a1416,패배,3/7/5
#8386910688,2026-09-19 20:02,88b9f221-d8c1-5594-a2f8-820fe8a4050c,패배,6/7/7
#8386910688,2026-09-19 20:02,b0eaa8e9-4c21-5666-83bf-cfbd56778a18,패배,1/8/12
#8386910688,2026-09-19 20:02,702dbc2f-105c-5ec9-b414-b980ad393153,패배,7/4/6
#8386910688,2026-09-19 20:02,f6913164-7a0a-5d4f-a898-54665431820b,패배,3/4/10
#8386910688,2026-09-19 20:02,7e2bfe82-2409-5da9-968b-246723d3b167,승리,7/3/8
#8386910688,2026-09-19 20:02,1197e8f5-daec-5145-854e-a6f73237afc8,승리,7/4/11
#8386910688,2026-09-19 20:02,26583f10-50a4-5f03-b49b-8c3d8acfac5d,승리,11/4/8
#8386910688,2026-09-19 20:02,7a8ba539-7e36-5ebc-8c84-affc83acb409,승리,4/4/4
#8386910688,2026-09-19 20:02,aa91628d-1def-593d-862a-968b8287a439,승리,1/5/20
#8386941393,2026-09-19 20:21,571b9bb0-8cd9-5b9e-81e6-814b49141ad4,승리,11/3/8
#8386941393,2026-09-19 20:21,bf515608-1608-5c9f-91bb-25b56f3b1050,승리,2/7/6
#8386941393,2026-09-19 20:21,9cf20ad8-ea37-5c6b-a6f7-3b5d69dce526,승리,6/5/2
#8386941393,2026-09-19 20:21,d4ed9d18-939c-549c-92bc-c2accb63a5f0,승리,11/4/12
#8386941393,2026-09-19 20:21,b1f4307a-346f-574a-8484-c48200a43a21,승리,5/7/15
#8386941393,2026-09-19 20:21,898843b8-3f65-555f-9dcb-d566ebcd206e,패배,6/5/5
#8386941393,2026-09-19 20:21,5b3bf88d-076a-5339-9317-e6e1ba821cad,패배,9/11/7
#8386941393,2026-09-19 20:21,5e13fc05-ff0c-5435-80dd-63bbd252f467,패배,5/6/7
#8386941393,2026-09-19 20:21,7194b576-83cd-53a8-bd90-250ef2973cb2,패배,5/8/4
#8386941393,2026-09-19 20:21,f691451d-87d3-5db5-94cf-22971436cf70,패배,1/5/14
#8386995495,2026-09-19 20:54,7e2bfe82-2409-5da9-968b-246723d3b167,승리,7/14/13
#8386995495,2026-09-19 20:54,88b9f221-d8c1-5594-a2f8-820fe8a4050c,승리,11/5/13
#8386995495,2026-09-19 20:54,7a8ba539-7e36-5ebc-8c84-affc83acb409,승리,3/6/28
#8386995495,2026-09-19 20:54,702dbc2f-105c-5ec9-b414-b980ad393153,승리,15/8/14
#8386995495,2026-09-19 20:54,26583f10-50a4-5f03-b49b-8c3d8acfac5d,승리,3/6/27
#8386995495,2026-09-19 20:54,2988b6ec-4d8c-5cf7-88ea-be08c42a1416,패배,10/8/16
#8386995495,2026-09-19 20:54,1197e8f5-daec-5145-854e-a6f73237afc8,패배,9/9/7
#8386995495,2026-09-19 20:54,f6913164-7a0a-5d4f-a898-54665431820b,패배,16/6/9
#8386995495,2026-09-19 20:54,b0eaa8e9-4c21-5666-83bf-cfbd56778a18,패배,2/9/8
#8386995495,2026-09-19 20:54,aa91628d-1def-593d-862a-968b8287a439,패배,2/7/25
#8387022367,2026-09-19 21:09,571b9bb0-8cd9-5b9e-81e6-814b49141ad4,패배,8/2/3
#8387022367,2026-09-19 21:09,f691451d-87d3-5db5-94cf-22971436cf70,패배,4/4/4
#8387022367,2026-09-19 21:09,5b3bf88d-076a-5339-9317-e6e1ba821cad,패배,3/5/4
#8387022367,2026-09-19 21:09,898843b8-3f65-555f-9dcb-d566ebcd206e,패배,4/7/2
#8387022367,2026-09-19 21:09,b1f4307a-346f-574a-8484-c48200a43a21,패배,3/4/7
#8387022367,2026-09-19 21:09,5e13fc05-ff0c-5435-80dd-63bbd252f467,승리,2/5/5
#8387022367,2026-09-19 21:09,d4ed9d18-939c-549c-92bc-c2accb63a5f0,승리,8/5/6
#8387022367,2026-09-19 21:09,9cf20ad8-ea37-5c6b-a6f7-3b5d69dce526,승리,6/5/2
#8387022367,2026-09-19 21:09,7194b576-83cd-53a8-bd90-250ef2973cb2,승리,6/4/7
#8387022367,2026-09-19 21:09,bf515608-1608-5c9f-91bb-25b56f3b1050,승리,0/3/9
#8387081559,2026-09-19 21:42,7e2bfe82-2409-5da9-968b-246723d3b167,패배,2/6/10
#8387081559,2026-09-19 21:42,91d85fc5-986c-547b-979e-df21dc395496,승리,7/3/4
#8387081559,2026-09-19 21:42,fc0f19c9-c655-5915-ad47-0ef0d2bff998,승리,6/4/14
#8387081559,2026-09-19 21:42,7a8ba539-7e36-5ebc-8c84-affc83acb409,승리,5/5/12
#8387081559,2026-09-19 21:42,48a9676c-6f4a-5dfb-9a36-fca24b95153a,승리,11/3/8
#8387081559,2026-09-19 21:42,702dbc2f-105c-5ec9-b414-b980ad393153,승리,1/7/19
#8387081559,2026-09-19 21:42,88b9f221-d8c1-5594-a2f8-820fe8a4050c,패배,1/7/2
#8387081559,2026-09-19 21:42,ce01c0d8-8ebf-57c1-b433-88aa89739103,패배,3/9/7
#8387081559,2026-09-19 21:42,f6913164-7a0a-5d4f-a898-54665431820b,패배,6/2/6
#8387081559,2026-09-19 21:42,aa91628d-1def-593d-862a-968b8287a439,패배,10/6/6
#8387113027,2026-09-19 21:53,454320a7-8c33-58cc-a8ce-300dd2f3c4b9,패배,12/2/4
#8387113027,2026-09-19 21:53,5e13fc05-ff0c-5435-80dd-63bbd252f467,승리,6/7/5
#8387113027,2026-09-19 21:53,b1f4307a-346f-574a-8484-c48200a43a21,승리,5/3/17
#8387113027,2026-09-19 21:53,f691451d-87d3-5db5-94cf-22971436cf70,승리,3/7/14
#8387113027,2026-09-19 21:53,32648f54-7e5b-571b-87d1-ee6ffdc14f5d,승리,19/4/10
#8387113027,2026-09-19 21:53,9cf20ad8-ea37-5c6b-a6f7-3b5d69dce526,승리,9/4/23
#8387113027,2026-09-19 21:53,d4ed9d18-939c-549c-92bc-c2accb63a5f0,패배,5/7/3
#8387113027,2026-09-19 21:53,898843b8-3f65-555f-9dcb-d566ebcd206e,패배,1/9/13
#8387113027,2026-09-19 21:53,7194b576-83cd-53a8-bd90-250ef2973cb2,패배,6/11/6
#8387113027,2026-09-19 21:53,bf515608-1608-5c9f-91bb-25b56f3b1050,패배,1/13/9
#8387188577,2026-09-19 22:34,7e2bfe82-2409-5da9-968b-246723d3b167,승리,16/7/5
#8387188577,2026-09-19 22:34,33d4446b-a1b9-5b44-ae8a-2009b77218d4,패배,0/8/9
#8387188577,2026-09-19 22:34,88b9f221-d8c1-5594-a2f8-820fe8a4050c,패배,9/7/8
#8387188577,2026-09-19 22:34,7a8ba539-7e36-5ebc-8c84-affc83acb409,패배,10/5/4
#8387188577,2026-09-19 22:34,48a9676c-6f4a-5dfb-9a36-fca24b95153a,패배,2/8/9
#8387188577,2026-09-19 22:34,dc7ecf5f-0952-573d-9eae-96253295d4c5,패배,3/3/15
#8387188577,2026-09-19 22:34,ce01c0d8-8ebf-57c1-b433-88aa89739103,승리,6/1/4
#8387188577,2026-09-19 22:34,ca35d025-a97f-5e6f-a185-1a3e0bc24c0c,승리,2/2/16
#8387188577,2026-09-19 22:34,91d85fc5-986c-547b-979e-df21dc395496,승리,1/9/8
#8387188577,2026-09-19 22:34,fc0f19c9-c655-5915-ad47-0ef0d2bff998,승리,6/5/11
#8387210452,2026-09-19 22:42,454320a7-8c33-58cc-a8ce-300dd2f3c4b9,패배,3/6/14
#8387210452,2026-09-19 22:42,d4ed9d18-939c-549c-92bc-c2accb63a5f0,승리,4/8/4
#8387210452,2026-09-19 22:42,94923fe7-4521-52ed-b143-ee509e386b2b,승리,5/9/16
#8387210452,2026-09-19 22:42,9cf20ad8-ea37-5c6b-a6f7-3b5d69dce526,승리,10/5/5
#8387210452,2026-09-19 22:42,5e13fc05-ff0c-5435-80dd-63bbd252f467,승리,15/3/9
#8387210452,2026-09-19 22:42,bc7d9161-a7d7-559a-9a9f-ac3c63c6e84d,승리,0/5/25
#8387210452,2026-09-19 22:42,676f3610-d9c9-5727-a5bd-d93aac82cad2,패배,13/4/8
#8387210452,2026-09-19 22:42,bf515608-1608-5c9f-91bb-25b56f3b1050,패배,9/5/8
#8387210452,2026-09-19 22:42,32648f54-7e5b-571b-87d1-ee6ffdc14f5d,패배,3/10/8
#8387210452,2026-09-19 22:42,898843b8-3f65-555f-9dcb-d566ebcd206e,패배,2/9/14
#8387297541,2026-09-19 23:26,7e2bfe82-2409-5da9-968b-246723d3b167,승리,16/2/8
#8387297541,2026-09-19 23:26,aa2fbfdd-c17f-5e1b-a04e-8567e1c45d5e,패배,1/6/2
#8387297541,2026-09-19 23:26,ce01c0d8-8ebf-57c1-b433-88aa89739103,패배,4/5/2
#8387297541,2026-09-19 23:26,dfc272ed-f8e9-52a6-aab1-61809c2cb5c4,패배,6/9/1
#8387297541,2026-09-19 23:26,48a9676c-6f4a-5dfb-9a36-fca24b95153a,패배,8/9/2
#8387297541,2026-09-19 23:26,fc0f19c9-c655-5915-ad47-0ef0d2bff998,패배,0/7/11
#8387297541,2026-09-19 23:26,7a8ba539-7e36-5ebc-8c84-affc83acb409,승리,7/4/17
#8387297541,2026-09-19 23:26,ca35d025-a97f-5e6f-a185-1a3e0bc24c0c,승리,4/3/14
#8387297541,2026-09-19 23:26,33d4446b-a1b9-5b44-ae8a-2009b77218d4,승리,9/4/11
#8387297541,2026-09-19 23:26,88b9f221-d8c1-5594-a2f8-820fe8a4050c,승리,0/6/17
#8387327179,2026-09-19 23:36,454320a7-8c33-58cc-a8ce-300dd2f3c4b9,패배,4/5/3
#8387327179,2026-09-19 23:36,676f3610-d9c9-5727-a5bd-d93aac82cad2,승리,15/0/7
#8387327179,2026-09-19 23:36,3712c3ab-a24a-5bf1-85c1-b92c4d68e907,승리,6/3/10
#8387327179,2026-09-19 23:36,3ee03b31-3cfa-5edc-9b02-a6f089749330,승리,5/1/13
#8387327179,2026-09-19 23:36,32648f54-7e5b-571b-87d1-ee6ffdc14f5d,승리,12/8/13
#8387327179,2026-09-19 23:36,4aa66eba-e75c-5e2e-8981-3451f6f89d18,승리,3/5/21
#8387327179,2026-09-19 23:36,d4ed9d18-939c-549c-92bc-c2accb63a5f0,패배,1/12/0
#8387327179,2026-09-19 23:36,94923fe7-4521-52ed-b143-ee509e386b2b,패배,6/8/1
#8387327179,2026-09-19 23:36,9698fdaf-6098-5b6c-80f4-e1b06071009c,패배,6/7/6
#8387327179,2026-09-19 23:36,bc7d9161-a7d7-559a-9a9f-ac3c63c6e84d,패배,0/9/11
#8387401212,2026-09-20 00:14,7e2bfe82-2409-5da9-968b-246723d3b167,승리,15/5/6
#8387401212,2026-09-20 00:14,ce01c0d8-8ebf-57c1-b433-88aa89739103,패배,2/8/9
#8387401212,2026-09-20 00:14,ca35d025-a97f-5e6f-a185-1a3e0bc24c0c,패배,9/5/11
#8387401212,2026-09-20 00:14,fc0f19c9-c655-5915-ad47-0ef0d2bff998,패배,10/4/7
#8387401212,2026-09-20 00:14,48a9676c-6f4a-5dfb-9a36-fca24b95153a,패배,7/8/7
#8387401212,2026-09-20 00:14,dd292162-22fe-59b5-9f3e-7dc56a96567d,패배,1/7/11
#8387401212,2026-09-20 00:14,aa2fbfdd-c17f-5e1b-a04e-8567e1c45d5e,승리,1/5/19
#8387401212,2026-09-20 00:14,88b9f221-d8c1-5594-a2f8-820fe8a4050c,승리,6/9/15
#8387401212,2026-09-20 00:14,dfc272ed-f8e9-52a6-aab1-61809c2cb5c4,승리,10/5/8
#8387401212,2026-09-20 00:14,b143548f-1c02-5836-a61c-8be625af053d,승리,0/5/22
#8387430749,2026-09-20 00:35,454320a7-8c33-58cc-a8ce-300dd2f3c4b9,승리,11/2/18
#8387430749,2026-09-20 00:35,3ee03b31-3cfa-5edc-9b02-a6f089749330,패배,4/13/1
#8387430749,2026-09-20 00:35,94923fe7-4521-52ed-b143-ee509e386b2b,패배,6/7/4
#8387430749,2026-09-20 00:35,3712c3ab-a24a-5bf1-85c1-b92c4d68e907,패배,2/8/5
#8387430749,2026-09-20 00:35,4aa66eba-e75c-5e2e-8981-3451f6f89d18,패배,1/8/3
#8387430749,2026-09-20 00:35,0b69abc1-a13f-5185-85f8-30968b3f5c08,패배,1/8/3
#8387430749,2026-09-20 00:35,702dbc2f-105c-5ec9-b414-b980ad393153,승리,11/4/4
#8387430749,2026-09-20 00:35,d4ed9d18-939c-549c-92bc-c2accb63a5f0,승리,9/3/13
#8387430749,2026-09-20 00:35,9698fdaf-6098-5b6c-80f4-e1b06071009c,승리,10/3/14
#8387430749,2026-09-20 00:35,bc7d9161-a7d7-559a-9a9f-ac3c63c6e84d,승리,3/2/30
#8387488576,2026-09-20 01:06,aa2fbfdd-c17f-5e1b-a04e-8567e1c45d5e,승리,3/7/19
#8387488576,2026-09-20 01:06,ce01c0d8-8ebf-57c1-b433-88aa89739103,패배,7/11/4
#8387488576,2026-09-20 01:06,ca35d025-a97f-5e6f-a185-1a3e0bc24c0c,패배,7/9/7
#8387488576,2026-09-20 01:06,dfc272ed-f8e9-52a6-aab1-61809c2cb5c4,패배,4/8/10
#8387488576,2026-09-20 01:06,48a9676c-6f4a-5dfb-9a36-fca24b95153a,패배,8/9/9
#8387488576,2026-09-20 01:06,dd292162-22fe-59b5-9f3e-7dc56a96567d,패배,1/6/17
#8387488576,2026-09-20 01:06,aa89211b-8e58-50dd-96a7-e9821eddcaae,승리,10/5/10
#8387488576,2026-09-20 01:06,88b9f221-d8c1-5594-a2f8-820fe8a4050c,승리,8/5/15
#8387488576,2026-09-20 01:06,6a4f5512-0b22-5bd1-ae85-8d8c07d751ab,승리,8/4/12
#8387488576,2026-09-20 01:06,b143548f-1c02-5836-a61c-8be625af053d,승리,14/6/13
#8387518133,2026-09-20 01:22,454320a7-8c33-58cc-a8ce-300dd2f3c4b9,승리,5/6/7
#8387518133,2026-09-20 01:22,e25a31d2-835a-56f0-9cce-fd4438f88124,패배,3/5/5
#8387518133,2026-09-20 01:22,f5b1b3fc-5819-512f-8fc4-1e3f12e480f4,패배,11/6/8
#8387518133,2026-09-20 01:22,702dbc2f-105c-5ec9-b414-b980ad393153,패배,5/4/7
#8387518133,2026-09-20 01:22,5e13fc05-ff0c-5435-80dd-63bbd252f467,패배,3/5/9
#8387518133,2026-09-20 01:22,dc7ecf5f-0952-573d-9eae-96253295d4c5,패배,2/2/15
#8387518133,2026-09-20 01:22,1a69a4f5-32c7-57f9-be56-fb56bf263513,승리,3/4/5
#8387518133,2026-09-20 01:22,3ee03b31-3cfa-5edc-9b02-a6f089749330,승리,7/4/9
#8387518133,2026-09-20 01:22,9698fdaf-6098-5b6c-80f4-e1b06071009c,승리,6/5/8
#8387518133,2026-09-20 01:22,0b69abc1-a13f-5185-85f8-30968b3f5c08,승리,1/5/12
#8387560357,2026-09-20 01:55,3ecbcaa4-8cf5-5e3f-94c0-89d8af23ee8b,패배,10/7/2
#8387560357,2026-09-20 01:55,aa89211b-8e58-50dd-96a7-e9821eddcaae,패배,1/6/4
#8387560357,2026-09-20 01:55,88b9f221-d8c1-5594-a2f8-820fe8a4050c,패배,3/5/7
#8387560357,2026-09-20 01:55,6a4f5512-0b22-5bd1-ae85-8d8c07d751ab,패배,4/7/3
#8387560357,2026-09-20 01:55,dd292162-22fe-59b5-9f3e-7dc56a96567d,패배,1/5/11
#8387560357,2026-09-20 01:55,dfc272ed-f8e9-52a6-aab1-61809c2cb5c4,승리,8/5/7
#8387560357,2026-09-20 01:55,ce01c0d8-8ebf-57c1-b433-88aa89739103,승리,4/2/14
#8387560357,2026-09-20 01:55,fd30acf7-dfb6-55e3-8ee1-8463244a92d5,승리,9/3/7
#8387560357,2026-09-20 01:55,b143548f-1c02-5836-a61c-8be625af053d,승리,8/5/7
#8387560357,2026-09-20 01:55,48a9676c-6f4a-5dfb-9a36-fca24b95153a,승리,1/5/14
#8387155519,2026-09-19 22:16,,패배,1/10/5
#8387155519,2026-09-19 22:16,,패배,10/4/2
#8387155519,2026-09-19 22:16,,패배,4/3/3
#8387155519,2026-09-19 22:16,,패배,2/7/4
#8387155519,2026-09-19 22:16,a2cff7d6-9172-5eb9-aa2d-56c3f2b0182f,패배,3/4/8
#8387155519,2026-09-19 22:16,b374355f-b65d-52fe-990b-5e6accd3ae9c,승리,7/4/5
#8387155519,2026-09-19 22:16,108ad62e-8642-5e2e-88b4-f0cc8b19efa4,승리,4/2/14
#8387155519,2026-09-19 22:16,6a4f5512-0b22-5bd1-ae85-8d8c07d751ab,승리,5/2/11
#8387155519,2026-09-19 22:16,04bae512-786a-57b8-9080-f818034e533f,승리,12/7/8
#8387155519,2026-09-19 22:16,dd48b93f-132a-56f2-aa29-95bddefc4a53,승리,0/5/17
#8387222960,2026-09-19 22:54,,패배,2/10/1
#8387222960,2026-09-19 22:54,,패배,1/6/5
#8387222960,2026-09-19 22:54,,패배,4/4/3
#8387222960,2026-09-19 22:54,,패배,1/3/2
#8387222960,2026-09-19 22:54,a2cff7d6-9172-5eb9-aa2d-56c3f2b0182f,패배,0/2/4
#8387222960,2026-09-19 22:54,b374355f-b65d-52fe-990b-5e6accd3ae9c,승리,6/1/5
#8387222960,2026-09-19 22:54,108ad62e-8642-5e2e-88b4-f0cc8b19efa4,승리,6/3/9
#8387222960,2026-09-19 22:54,6a4f5512-0b22-5bd1-ae85-8d8c07d751ab,승리,7/1/2
#8387222960,2026-09-19 22:54,04bae512-786a-57b8-9080-f818034e533f,승리,4/3/6
#8387222960,2026-09-19 22:54,dd48b93f-132a-56f2-aa29-95bddefc4a53,승리,1/0/11
#8387316403,2026-09-19 23:31,b374355f-b65d-52fe-990b-5e6accd3ae9c,패배,1/8/4
#8387316403,2026-09-19 23:31,108ad62e-8642-5e2e-88b4-f0cc8b19efa4,패배,3/7/7
#8387316403,2026-09-19 23:31,6a4f5512-0b22-5bd1-ae85-8d8c07d751ab,패배,3/5/11
#8387316403,2026-09-19 23:31,04bae512-786a-57b8-9080-f818034e533f,패배,10/13/4
#8387316403,2026-09-19 23:31,dd48b93f-132a-56f2-aa29-95bddefc4a53,패배,0/9/12
#8387316403,2026-09-19 23:31,,승리,4/4/10
#8387316403,2026-09-19 23:31,,승리,9/1/12
#8387316403,2026-09-19 23:31,,승리,8/3/10
#8387316403,2026-09-19 23:31,,승리,11/3/17
#8387316403,2026-09-19 23:31,a2cff7d6-9172-5eb9-aa2d-56c3f2b0182f,승리,10/6/21
#8387590026,2026-09-20 02:13,454320a7-8c33-58cc-a8ce-300dd2f3c4b9,승리,0/4/19
#8387590026,2026-09-20 02:13,3ee03b31-3cfa-5edc-9b02-a6f089749330,승리,13/1/12
#8387590026,2026-09-20 02:13,f5b1b3fc-5819-512f-8fc4-1e3f12e480f4,승리,3/5/11
#8387590026,2026-09-20 02:13,79079bf7-8099-53bc-93f8-ea308ffd9170,승리,12/4/6
#8387590026,2026-09-20 02:13,702dbc2f-105c-5ec9-b414-b980ad393153,승리,13/2/4
#8387590026,2026-09-20 02:13,e25a31d2-835a-56f0-9cce-fd4438f88124,패배,0/12/0
#8387590026,2026-09-20 02:13,dc7ecf5f-0952-573d-9eae-96253295d4c5,패배,8/4/2
#8387590026,2026-09-20 02:13,5e13fc05-ff0c-5435-80dd-63bbd252f467,패배,7/12/4
#8387590026,2026-09-20 02:13,9698fdaf-6098-5b6c-80f4-e1b06071009c,패배,1/4/5
#8387590026,2026-09-20 02:13,0b69abc1-a13f-5185-85f8-30968b3f5c08,패배,0/9/10
#8387616879,2026-09-20 02:54,3ecbcaa4-8cf5-5e3f-94c0-89d8af23ee8b,승리,6/5/12
#8387616879,2026-09-20 02:54,5e13fc05-ff0c-5435-80dd-63bbd252f467,패배,2/8/5
#8387616879,2026-09-20 02:54,ce01c0d8-8ebf-57c1-b433-88aa89739103,패배,6/5/6
#8387616879,2026-09-20 02:54,d18ec7c7-d61a-58b8-98d9-ee36e9b5ce58,패배,1/11/4
#8387616879,2026-09-20 02:54,9698fdaf-6098-5b6c-80f4-e1b06071009c,패배,12/7/5
#8387616879,2026-09-20 02:54,dc7ecf5f-0952-573d-9eae-96253295d4c5,패배,2/8/11
#8387616879,2026-09-20 02:54,702dbc2f-105c-5ec9-b414-b980ad393153,승리,6/3/9
#8387616879,2026-09-20 02:54,dfc272ed-f8e9-52a6-aab1-61809c2cb5c4,승리,20/7/8
#8387616879,2026-09-20 02:54,454320a7-8c33-58cc-a8ce-300dd2f3c4b9,승리,5/1/12
#8387616879,2026-09-20 02:54,f5b1b3fc-5819-512f-8fc4-1e3f12e480f4,승리,2/8/12
#8388525917,2026-09-20 20:18,7e2bfe82-2409-5da9-968b-246723d3b167,패배,10/5/4
#8388525917,2026-09-20 20:18,15e34f7e-6eb9-5638-b11d-47284ddad510,패배,0/6/4
#8388525917,2026-09-20 20:18,f5b1b3fc-5819-512f-8fc4-1e3f12e480f4,패배,3/9/2
#8388525917,2026-09-20 20:18,b143548f-1c02-5836-a61c-8be625af053d,패배,6/8/9
#8388525917,2026-09-20 20:18,a2285c3c-c7f4-5d41-b7a0-d60bed3078bf,패배,1/6/13
#8388525917,2026-09-20 20:18,bc7d9161-a7d7-559a-9a9f-ac3c63c6e84d,승리,2/2/14
#8388525917,2026-09-20 20:18,d4ed9d18-939c-549c-92bc-c2accb63a5f0,승리,13/3/13
#8388525917,2026-09-20 20:18,5b3bf88d-076a-5339-9317-e6e1ba821cad,승리,11/6/2
#8388525917,2026-09-20 20:18,5e13fc05-ff0c-5435-80dd-63bbd252f467,승리,7/7/11
#8388525917,2026-09-20 20:18,e9d0d0eb-059e-55a4-8a8a-32d53b61f2fc,승리,1/2/24
#8388540061,2026-09-20 20:19,b374355f-b65d-52fe-990b-5e6accd3ae9c,패배,3/4/5
#8388540061,2026-09-20 20:19,f691451d-87d3-5db5-94cf-22971436cf70,패배,5/7/3
#8388540061,2026-09-20 20:19,33d4446b-a1b9-5b44-ae8a-2009b77218d4,패배,3/3/8
#8388540061,2026-09-20 20:19,88b9f221-d8c1-5594-a2f8-820fe8a4050c,패배,4/5/2
#8388540061,2026-09-20 20:19,8808dd77-7553-5937-bf1d-5ffa0f00682a,패배,0/5/7
#8388540061,2026-09-20 20:19,c4c8cdc0-24db-5def-9120-c0eae39625cb,승리,3/4/10
#8388540061,2026-09-20 20:19,94923fe7-4521-52ed-b143-ee509e386b2b,승리,3/4/12
#8388540061,2026-09-20 20:19,e310dfda-ef55-5307-be03-e59c780ddb2f,승리,7/3/11
#8388540061,2026-09-20 20:19,48a9676c-6f4a-5dfb-9a36-fca24b95153a,승리,9/2/10
#8388540061,2026-09-20 20:19,9045a0a5-c836-5c5e-baeb-a879ec639cf4,승리,2/2/18
#8388531963,2026-09-20 20:23,3712c3ab-a24a-5bf1-85c1-b92c4d68e907,승리,3/2/11
#8388531963,2026-09-20 20:23,e25a31d2-835a-56f0-9cce-fd4438f88124,승리,10/4/10
#8388531963,2026-09-20 20:23,454320a7-8c33-58cc-a8ce-300dd2f3c4b9,승리,5/3/19
#8388531963,2026-09-20 20:23,fc0f19c9-c655-5915-ad47-0ef0d2bff998,승리,10/5/6
#8388531963,2026-09-20 20:23,108ad62e-8642-5e2e-88b4-f0cc8b19efa4,승리,2/10/17
#8388531963,2026-09-20 20:23,3e247e02-ecab-5b32-a0e2-6ded375a6e34,패배,4/5/3
#8388531963,2026-09-20 20:23,898843b8-3f65-555f-9dcb-d566ebcd206e,패배,4/9/6
#8388531963,2026-09-20 20:23,d18ec7c7-d61a-58b8-98d9-ee36e9b5ce58,패배,3/8/11
#8388531963,2026-09-20 20:23,1197e8f5-daec-5145-854e-a6f73237afc8,패배,9/3/10
#8388531963,2026-09-20 20:23,aa91628d-1def-593d-862a-968b8287a439,패배,4/5/18
#8388537830,2026-09-20 20:23,571b9bb0-8cd9-5b9e-81e6-814b49141ad4,승리,15/1/8
#8388537830,2026-09-20 20:23,aa2fbfdd-c17f-5e1b-a04e-8567e1c45d5e,패배,3/6/4
#8388537830,2026-09-20 20:23,f77ab658-de62-52da-a1e5-3a0b018e1495,패배,4/7/4
#8388537830,2026-09-20 20:23,79079bf7-8099-53bc-93f8-ea308ffd9170,패배,2/7/3
#8388537830,2026-09-20 20:23,32648f54-7e5b-571b-87d1-ee6ffdc14f5d,패배,3/7/6
#8388537830,2026-09-20 20:23,1d7539b5-5566-57d4-b9cd-5158923a589d,패배,0/10/9
#8388537830,2026-09-20 20:23,7a8ba539-7e36-5ebc-8c84-affc83acb409,승리,1/4/10
#8388537830,2026-09-20 20:23,f6913164-7a0a-5d4f-a898-54665431820b,승리,11/1/14
#8388537830,2026-09-20 20:23,702dbc2f-105c-5ec9-b414-b980ad393153,승리,9/3/18
#8388537830,2026-09-20 20:23,bf515608-1608-5c9f-91bb-25b56f3b1050,승리,1/3/16
#8388602711,2026-09-20 21:00,7e2bfe82-2409-5da9-968b-246723d3b167,승리,5/2/2
#8388602711,2026-09-20 21:00,bc7d9161-a7d7-559a-9a9f-ac3c63c6e84d,패배,1/3/0
#8388602711,2026-09-20 21:00,d4ed9d18-939c-549c-92bc-c2accb63a5f0,패배,4/7/0
#8388602711,2026-09-20 21:00,5b3bf88d-076a-5339-9317-e6e1ba821cad,패배,0/4/4
#8388602711,2026-09-20 21:00,5e13fc05-ff0c-5435-80dd-63bbd252f467,패배,2/2/0
#8388602711,2026-09-20 21:00,e9d0d0eb-059e-55a4-8a8a-32d53b61f2fc,패배,0/3/2
#8388602711,2026-09-20 21:00,f5b1b3fc-5819-512f-8fc4-1e3f12e480f4,승리,5/3/3
#8388602711,2026-09-20 21:00,15e34f7e-6eb9-5638-b11d-47284ddad510,승리,1/2/7
#8388602711,2026-09-20 21:00,b143548f-1c02-5836-a61c-8be625af053d,승리,7/0/2
#8388602711,2026-09-20 21:00,a2285c3c-c7f4-5d41-b7a0-d60bed3078bf,승리,1/0/11
#8388622280,2026-09-20 21:07,c4c8cdc0-24db-5def-9120-c0eae39625cb,패배,3/4/10
#8388622280,2026-09-20 21:07,94923fe7-4521-52ed-b143-ee509e386b2b,패배,10/4/8
#8388622280,2026-09-20 21:07,e310dfda-ef55-5307-be03-e59c780ddb2f,패배,3/6/10
#8388622280,2026-09-20 21:07,48a9676c-6f4a-5dfb-9a36-fca24b95153a,패배,3/6/8
#8388622280,2026-09-20 21:07,9045a0a5-c836-5c5e-baeb-a879ec639cf4,패배,0/6/13
#8388622280,2026-09-20 21:07,b374355f-b65d-52fe-990b-5e6accd3ae9c,승리,5/2/10
#8388622280,2026-09-20 21:07,f691451d-87d3-5db5-94cf-22971436cf70,승리,2/6/13
#8388622280,2026-09-20 21:07,33d4446b-a1b9-5b44-ae8a-2009b77218d4,승리,11/3/7
#8388622280,2026-09-20 21:07,88b9f221-d8c1-5594-a2f8-820fe8a4050c,승리,7/4/10
#8388622280,2026-09-20 21:07,8808dd77-7553-5937-bf1d-5ffa0f00682a,승리,1/5/12
#8388642060,2026-09-20 21:14,571b9bb0-8cd9-5b9e-81e6-814b49141ad4,패배,4/11/14
#8388642060,2026-09-20 21:14,7a8ba539-7e36-5ebc-8c84-affc83acb409,패배,4/7/9
#8388642060,2026-09-20 21:14,f6913164-7a0a-5d4f-a898-54665431820b,패배,10/6/10
#8388642060,2026-09-20 21:14,702dbc2f-105c-5ec9-b414-b980ad393153,패배,8/12/9
#8388642060,2026-09-20 21:14,bf515608-1608-5c9f-91bb-25b56f3b1050,패배,1/10/17
#8388642060,2026-09-20 21:14,aa2fbfdd-c17f-5e1b-a04e-8567e1c45d5e,승리,3/4/16
#8388642060,2026-09-20 21:14,f77ab658-de62-52da-a1e5-3a0b018e1495,승리,7/6/22
#8388642060,2026-09-20 21:14,79079bf7-8099-53bc-93f8-ea308ffd9170,승리,12/5/15
#8388642060,2026-09-20 21:14,32648f54-7e5b-571b-87d1-ee6ffdc14f5d,승리,22/7/12
#8388642060,2026-09-20 21:14,1d7539b5-5566-57d4-b9cd-5158923a589d,승리,2/5/32
#8388655756,2026-09-20 21:25,3e247e02-ecab-5b32-a0e2-6ded375a6e34,승리,0/3/1
#8388655756,2026-09-20 21:25,1197e8f5-daec-5145-854e-a6f73237afc8,승리,3/3/9
#8388655756,2026-09-20 21:25,d18ec7c7-d61a-58b8-98d9-ee36e9b5ce58,승리,6/0/6
#8388655756,2026-09-20 21:25,aa91628d-1def-593d-862a-968b8287a439,승리,13/3/5
#8388655756,2026-09-20 21:25,898843b8-3f65-555f-9dcb-d566ebcd206e,승리,2/2/13
#8388655756,2026-09-20 21:25,3712c3ab-a24a-5bf1-85c1-b92c4d68e907,패배,3/4/7
#8388655756,2026-09-20 21:25,e25a31d2-835a-56f0-9cce-fd4438f88124,패배,1/3/4
#8388655756,2026-09-20 21:25,454320a7-8c33-58cc-a8ce-300dd2f3c4b9,패배,4/4/2
#8388655756,2026-09-20 21:25,fc0f19c9-c655-5915-ad47-0ef0d2bff998,패배,3/6/4
#8388655756,2026-09-20 21:25,108ad62e-8642-5e2e-88b4-f0cc8b19efa4,패배,0/7/8
#8388682448,2026-09-20 21:38,7e2bfe82-2409-5da9-968b-246723d3b167,승리,3/6/6
#8388682448,2026-09-20 21:38,f5b1b3fc-5819-512f-8fc4-1e3f12e480f4,승리,1/4/9
#8388682448,2026-09-20 21:38,15e34f7e-6eb9-5638-b11d-47284ddad510,승리,1/1/4
#8388682448,2026-09-20 21:38,b143548f-1c02-5836-a61c-8be625af053d,승리,13/2/4
#8388682448,2026-09-20 21:38,a2285c3c-c7f4-5d41-b7a0-d60bed3078bf,승리,1/1/17
#8388682448,2026-09-20 21:38,bc7d9161-a7d7-559a-9a9f-ac3c63c6e84d,패배,2/2/5
#8388682448,2026-09-20 21:38,d4ed9d18-939c-549c-92bc-c2accb63a5f0,패배,4/5/6
#8388682448,2026-09-20 21:38,5b3bf88d-076a-5339-9317-e6e1ba821cad,패배,4/3/4
#8388682448,2026-09-20 21:38,5e13fc05-ff0c-5435-80dd-63bbd252f467,패배,4/5/2
#8388682448,2026-09-20 21:38,e9d0d0eb-059e-55a4-8a8a-32d53b61f2fc,패배,0/4/8
#8388698849,2026-09-20 21:48,b374355f-b65d-52fe-990b-5e6accd3ae9c,패배,1/9/4
#8388698849,2026-09-20 21:48,f691451d-87d3-5db5-94cf-22971436cf70,패배,8/4/2
#8388698849,2026-09-20 21:48,33d4446b-a1b9-5b44-ae8a-2009b77218d4,패배,1/5/6
#8388698849,2026-09-20 21:48,88b9f221-d8c1-5594-a2f8-820fe8a4050c,패배,2/4/6
#8388698849,2026-09-20 21:48,8808dd77-7553-5937-bf1d-5ffa0f00682a,패배,0/6/6
#8388698849,2026-09-20 21:48,c4c8cdc0-24db-5def-9120-c0eae39625cb,승리,5/4/13
#8388698849,2026-09-20 21:48,94923fe7-4521-52ed-b143-ee509e386b2b,승리,13/0/9
#8388698849,2026-09-20 21:48,e310dfda-ef55-5307-be03-e59c780ddb2f,승리,7/1/7
#8388698849,2026-09-20 21:48,48a9676c-6f4a-5dfb-9a36-fca24b95153a,승리,2/4/9
#8388698849,2026-09-20 21:48,9045a0a5-c836-5c5e-baeb-a879ec639cf4,승리,1/3/15
#8388740556,2026-09-20 22:07,571b9bb0-8cd9-5b9e-81e6-814b49141ad4,패배,5/4/7
#8388740556,2026-09-20 22:07,aa2fbfdd-c17f-5e1b-a04e-8567e1c45d5e,승리,1/4/8
#8388740556,2026-09-20 22:07,f77ab658-de62-52da-a1e5-3a0b018e1495,승리,4/4/12
#8388740556,2026-09-20 22:07,79079bf7-8099-53bc-93f8-ea308ffd9170,승리,0/2/11
#8388740556,2026-09-20 22:07,32648f54-7e5b-571b-87d1-ee6ffdc14f5d,승리,13/1/5
#8388740556,2026-09-20 22:07,1d7539b5-5566-57d4-b9cd-5158923a589d,승리,2/2/16
#8388740556,2026-09-20 22:07,7a8ba539-7e36-5ebc-8c84-affc83acb409,패배,2/4/4
#8388740556,2026-09-20 22:07,f6913164-7a0a-5d4f-a898-54665431820b,패배,0/2/10
#8388740556,2026-09-20 22:07,702dbc2f-105c-5ec9-b414-b980ad393153,패배,5/5/2
#8388740556,2026-09-20 22:07,bf515608-1608-5c9f-91bb-25b56f3b1050,패배,1/5/6
#8388747479,2026-09-20 22:10,e25a31d2-835a-56f0-9cce-fd4438f88124,승리,9/3/10
#8388747479,2026-09-20 22:10,108ad62e-8642-5e2e-88b4-f0cc8b19efa4,승리,6/3/9
#8388747479,2026-09-20 22:10,454320a7-8c33-58cc-a8ce-300dd2f3c4b9,승리,2/2/12
#8388747479,2026-09-20 22:10,fc0f19c9-c655-5915-ad47-0ef0d2bff998,승리,10/4/12
#8388747479,2026-09-20 22:10,3712c3ab-a24a-5bf1-85c1-b92c4d68e907,승리,3/5/11
#8388747479,2026-09-20 22:10,3e247e02-ecab-5b32-a0e2-6ded375a6e34,패배,3/7/1
#8388747479,2026-09-20 22:10,1197e8f5-daec-5145-854e-a6f73237afc8,패배,4/5/4
#8388747479,2026-09-20 22:10,d18ec7c7-d61a-58b8-98d9-ee36e9b5ce58,패배,1/4/6
#8388747479,2026-09-20 22:10,aa91628d-1def-593d-862a-968b8287a439,패배,8/8/6
#8388747479,2026-09-20 22:10,898843b8-3f65-555f-9dcb-d566ebcd206e,패배,1/6/12
#8388801397,2026-09-20 22:36,7e2bfe82-2409-5da9-968b-246723d3b167,패배,6/6/7
#8388801397,2026-09-20 22:36,c4c8cdc0-24db-5def-9120-c0eae39625cb,승리,6/6/15
#8388801397,2026-09-20 22:36,94923fe7-4521-52ed-b143-ee509e386b2b,승리,5/9/11
#8388801397,2026-09-20 22:36,e310dfda-ef55-5307-be03-e59c780ddb2f,승리,10/4/9
#8388801397,2026-09-20 22:36,48a9676c-6f4a-5dfb-9a36-fca24b95153a,승리,11/3/8
#8388801397,2026-09-20 22:36,9045a0a5-c836-5c5e-baeb-a879ec639cf4,승리,4/3/17
#8388801397,2026-09-20 22:36,15e34f7e-6eb9-5638-b11d-47284ddad510,패배,10/7/6
#8388801397,2026-09-20 22:36,f5b1b3fc-5819-512f-8fc4-1e3f12e480f4,패배,2/12/12
#8388801397,2026-09-20 22:36,b143548f-1c02-5836-a61c-8be625af053d,패배,6/7/5
#8388801397,2026-09-20 22:36,a2285c3c-c7f4-5d41-b7a0-d60bed3078bf,패배,1/4/14
#8388855085,2026-09-20 22:59,e25a31d2-835a-56f0-9cce-fd4438f88124,패배,1/7/2
#8388855085,2026-09-20 22:59,108ad62e-8642-5e2e-88b4-f0cc8b19efa4,패배,3/5/2
#8388855085,2026-09-20 22:59,454320a7-8c33-58cc-a8ce-300dd2f3c4b9,패배,0/2/3
#8388855085,2026-09-20 22:59,fc0f19c9-c655-5915-ad47-0ef0d2bff998,패배,6/5/3
#8388855085,2026-09-20 22:59,3712c3ab-a24a-5bf1-85c1-b92c4d68e907,패배,1/5/6
#8388855085,2026-09-20 22:59,aa2fbfdd-c17f-5e1b-a04e-8567e1c45d5e,승리,5/2/6
#8388855085,2026-09-20 22:59,f77ab658-de62-52da-a1e5-3a0b018e1495,승리,11/1/7
#8388855085,2026-09-20 22:59,79079bf7-8099-53bc-93f8-ea308ffd9170,승리,4/2/10
#8388855085,2026-09-20 22:59,32648f54-7e5b-571b-87d1-ee6ffdc14f5d,승리,3/3/8
#8388855085,2026-09-20 22:59,1d7539b5-5566-57d4-b9cd-5158923a589d,승리,1/3/13
#8388927315,2026-09-20 23:46,c4c8cdc0-24db-5def-9120-c0eae39625cb,패배,5/5/3
#8388927315,2026-09-20 23:46,94923fe7-4521-52ed-b143-ee509e386b2b,패배,7/8/11
#8388927315,2026-09-20 23:46,e310dfda-ef55-5307-be03-e59c780ddb2f,패배,5/4/11
#8388927315,2026-09-20 23:46,48a9676c-6f4a-5dfb-9a36-fca24b95153a,패배,3/8/8
#8388927315,2026-09-20 23:46,9045a0a5-c836-5c5e-baeb-a879ec639cf4,패배,1/8/13
#8388927315,2026-09-20 23:46,aa2fbfdd-c17f-5e1b-a04e-8567e1c45d5e,승리,1/2/10
#8388927315,2026-09-20 23:46,f77ab658-de62-52da-a1e5-3a0b018e1495,승리,5/4/14
#8388927315,2026-09-20 23:46,79079bf7-8099-53bc-93f8-ea308ffd9170,승리,12/4/13
#8388927315,2026-09-20 23:46,32648f54-7e5b-571b-87d1-ee6ffdc14f5d,승리,14/4/12
#8388927315,2026-09-20 23:46,1d7539b5-5566-57d4-b9cd-5158923a589d,승리,1/7/19
#8388943156,2026-09-20 23:59,571b9bb0-8cd9-5b9e-81e6-814b49141ad4,패배,3/6/10
#8388943156,2026-09-20 23:59,676f3610-d9c9-5727-a5bd-d93aac82cad2,승리,6/3/7
#8388943156,2026-09-20 23:59,b5380629-d74b-5796-8e72-98a060d864de,승리,12/6/7
#8388943156,2026-09-20 23:59,c23b7868-d95a-59be-b81b-6cf5103b4827,승리,3/6/9
#8388943156,2026-09-20 23:59,af3c1609-d379-52f6-98b7-fe36b0ce25ea,승리,5/5/13
#8388943156,2026-09-20 23:59,bc7d9161-a7d7-559a-9a9f-ac3c63c6e84d,승리,2/4/16
#8388943156,2026-09-20 23:59,31e88dc8-bc4a-5b0e-b7f0-9d47bec34024,패배,3/4/2
#8388943156,2026-09-20 23:59,88b9f221-d8c1-5594-a2f8-820fe8a4050c,패배,8/5/4
#8388943156,2026-09-20 23:59,7e2bfe82-2409-5da9-968b-246723d3b167,패배,4/8/5
#8388943156,2026-09-20 23:59,aa91628d-1def-593d-862a-968b8287a439,패배,6/5/4
#8388998997,2026-09-21 00:53,571b9bb0-8cd9-5b9e-81e6-814b49141ad4,승리,11/2/10
#8388998997,2026-09-21 00:53,74f1ee22-c5a2-59b2-91b9-8f6b6ef71b9b,승리,3/4/8
#8388998997,2026-09-21 00:53,676f3610-d9c9-5727-a5bd-d93aac82cad2,승리,4/10/8
#8388998997,2026-09-21 00:53,31e88dc8-bc4a-5b0e-b7f0-9d47bec34024,승리,19/1/10
#8388998997,2026-09-21 00:53,aa91628d-1def-593d-862a-968b8287a439,승리,2/4/21
#8388998997,2026-09-21 00:53,7e2bfe82-2409-5da9-968b-246723d3b167,패배,8/5/1
#8388998997,2026-09-21 00:53,88b9f221-d8c1-5594-a2f8-820fe8a4050c,패배,6/5/8
#8388998997,2026-09-21 00:53,c23b7868-d95a-59be-b81b-6cf5103b4827,패배,3/10/10
#8388998997,2026-09-21 00:53,b5380629-d74b-5796-8e72-98a060d864de,패배,3/12/5
#8388998997,2026-09-21 00:53,af3c1609-d379-52f6-98b7-fe36b0ce25ea,패배,1/7/9
#8389043836,2026-09-21 01:42,7e2bfe82-2409-5da9-968b-246723d3b167,패배,12/3/9
#8389043836,2026-09-21 01:42,74f1ee22-c5a2-59b2-91b9-8f6b6ef71b9b,승리,8/4/6
#8389043836,2026-09-21 01:42,b5380629-d74b-5796-8e72-98a060d864de,승리,9/6/12
#8389043836,2026-09-21 01:42,c23b7868-d95a-59be-b81b-6cf5103b4827,승리,7/7/7
#8389043836,2026-09-21 01:42,b143548f-1c02-5836-a61c-8be625af053d,승리,15/6/6
#8389043836,2026-09-21 01:42,aa91628d-1def-593d-862a-968b8287a439,승리,0/8/17
#8389043836,2026-09-21 01:42,31e88dc8-bc4a-5b0e-b7f0-9d47bec34024,패배,3/11/10
#8389043836,2026-09-21 01:42,88b9f221-d8c1-5594-a2f8-820fe8a4050c,패배,5/9/10
#8389043836,2026-09-21 01:42,9cf20ad8-ea37-5c6b-a6f7-3b5d69dce526,패배,7/10/9
#8389043836,2026-09-21 01:42,af3c1609-d379-52f6-98b7-fe36b0ce25ea,패배,3/6/20
#8389098216,2026-09-21 02:40,7e2bfe82-2409-5da9-968b-246723d3b167,승리,17/9/9
#8389098216,2026-09-21 02:40,74f1ee22-c5a2-59b2-91b9-8f6b6ef71b9b,패배,11/8/6
#8389098216,2026-09-21 02:40,1d7539b5-5566-57d4-b9cd-5158923a589d,패배,18/9/7
#8389098216,2026-09-21 02:40,9cf20ad8-ea37-5c6b-a6f7-3b5d69dce526,패배,6/8/7
#8389098216,2026-09-21 02:40,b143548f-1c02-5836-a61c-8be625af053d,패배,6/6/10
#8389098216,2026-09-21 02:40,aa91628d-1def-593d-862a-968b8287a439,패배,0/12/12
#8389098216,2026-09-21 02:40,31e88dc8-bc4a-5b0e-b7f0-9d47bec34024,승리,8/9/4
#8389098216,2026-09-21 02:40,88b9f221-d8c1-5594-a2f8-820fe8a4050c,승리,6/6/11
#8389098216,2026-09-21 02:40,b5380629-d74b-5796-8e72-98a060d864de,승리,12/8/8
#8389098216,2026-09-21 02:40,f691451d-87d3-5db5-94cf-22971436cf70,승리,0/9/25
#8389106967,2026-09-21 03:30,7e2bfe82-2409-5da9-968b-246723d3b167,승리,10/0/5
#8389106967,2026-09-21 03:30,f691451d-87d3-5db5-94cf-22971436cf70,패배,3/7/2
#8389106967,2026-09-21 03:30,88b9f221-d8c1-5594-a2f8-820fe8a4050c,패배,2/7/2
#8389106967,2026-09-21 03:30,b5380629-d74b-5796-8e72-98a060d864de,패배,2/3/2
#8389106967,2026-09-21 03:30,b143548f-1c02-5836-a61c-8be625af053d,패배,3/4/3
#8389106967,2026-09-21 03:30,aa91628d-1def-593d-862a-968b8287a439,패배,0/6/7
#8389106967,2026-09-21 03:30,31e88dc8-bc4a-5b0e-b7f0-9d47bec34024,승리,8/4/4
#8389106967,2026-09-21 03:30,74f1ee22-c5a2-59b2-91b9-8f6b6ef71b9b,승리,4/0/3
#8389106967,2026-09-21 03:30,1d7539b5-5566-57d4-b9cd-5158923a589d,승리,5/2/9
#8389106967,2026-09-21 03:30,9cf20ad8-ea37-5c6b-a6f7-3b5d69dce526,승리,0/4/14
#8389138099,2026-09-21 04:15,31e88dc8-bc4a-5b0e-b7f0-9d47bec34024,패배,5/4/2
#8389138099,2026-09-21 04:15,15e34f7e-6eb9-5638-b11d-47284ddad510,패배,5/4/6
#8389138099,2026-09-21 04:15,9cf20ad8-ea37-5c6b-a6f7-3b5d69dce526,패배,2/7/7
#8389138099,2026-09-21 04:15,5e13fc05-ff0c-5435-80dd-63bbd252f467,패배,3/7/5
#8389138099,2026-09-21 04:15,0597d290-4c5f-552b-9268-0ac79978ff8d,패배,2/6/6
#8389138099,2026-09-21 04:15,74f1ee22-c5a2-59b2-91b9-8f6b6ef71b9b,승리,3/3/4
#8389138099,2026-09-21 04:15,88b9f221-d8c1-5594-a2f8-820fe8a4050c,승리,5/5/12
#8389138099,2026-09-21 04:15,7a8ba539-7e36-5ebc-8c84-affc83acb409,승리,9/4/5
#8389138099,2026-09-21 04:15,7e2bfe82-2409-5da9-968b-246723d3b167,승리,9/3/11
#8389138099,2026-09-21 04:15,b5380629-d74b-5796-8e72-98a060d864de,승리,2/2/15
#8389616792,2026-09-21 20:07,702dbc2f-105c-5ec9-b414-b980ad393153,패배,5/10/4
#8389616792,2026-09-21 20:07,c0a4bb50-24f8-5d32-b20b-3e2a730399e7,패배,9/10/8
#8389616792,2026-09-21 20:07,7897535b-b58d-5d49-a29e-d226fa5126c5,패배,3/6/7
#8389616792,2026-09-21 20:07,aa91628d-1def-593d-862a-968b8287a439,패배,5/7/2
#8389616792,2026-09-21 20:07,cdbeeaa3-2d54-5732-8cbe-e5643e6561f4,패배,1/6/10
#8389616792,2026-09-21 20:07,aa2fbfdd-c17f-5e1b-a04e-8567e1c45d5e,승리,3/7/8
#8389616792,2026-09-21 20:07,fa6d5ea3-c57a-500a-9f4d-c2c1e9265684,승리,14/4/8
#8389616792,2026-09-21 20:07,26583f10-50a4-5f03-b49b-8c3d8acfac5d,승리,7/6/8
#8389616792,2026-09-21 20:07,32648f54-7e5b-571b-87d1-ee6ffdc14f5d,승리,14/2/12
#8389616792,2026-09-21 20:07,bc7d9161-a7d7-559a-9a9f-ac3c63c6e84d,승리,1/4/26
#8389630427,2026-09-21 20:11,f691451d-87d3-5db5-94cf-22971436cf70,패배,3/5/4
#8389630427,2026-09-21 20:11,671680a6-c5c8-5457-a92b-91f0c83bfb91,패배,7/5/4
#8389630427,2026-09-21 20:11,1197e8f5-daec-5145-854e-a6f73237afc8,패배,1/7/3
#8389630427,2026-09-21 20:11,48a9676c-6f4a-5dfb-9a36-fca24b95153a,패배,3/7/3
#8389630427,2026-09-21 20:11,4aa66eba-e75c-5e2e-8981-3451f6f89d18,패배,1/5/7
#8389630427,2026-09-21 20:11,88b9f221-d8c1-5594-a2f8-820fe8a4050c,승리,2/6/5
#8389630427,2026-09-21 20:11,571b9bb0-8cd9-5b9e-81e6-814b49141ad4,승리,5/0/14
#8389630427,2026-09-21 20:11,7e2bfe82-2409-5da9-968b-246723d3b167,승리,14/4/4
#8389630427,2026-09-21 20:11,33d4446b-a1b9-5b44-ae8a-2009b77218d4,승리,8/3/9
#8389630427,2026-09-21 20:11,3712c3ab-a24a-5bf1-85c1-b92c4d68e907,승리,0/2/17
#8389686091,2026-09-21 20:50,33d4446b-a1b9-5b44-ae8a-2009b77218d4,패배,9/6/9
#8389686091,2026-09-21 20:50,88b9f221-d8c1-5594-a2f8-820fe8a4050c,패배,4/7/18
#8389686091,2026-09-21 20:50,f691451d-87d3-5db5-94cf-22971436cf70,패배,11/7/7
#8389686091,2026-09-21 20:50,48a9676c-6f4a-5dfb-9a36-fca24b95153a,패배,9/7/13
#8389686091,2026-09-21 20:50,671680a6-c5c8-5457-a92b-91f0c83bfb91,패배,0/4/24
#8389686091,2026-09-21 20:50,4aa66eba-e75c-5e2e-8981-3451f6f89d18,승리,5/5/9
#8389686091,2026-09-21 20:50,571b9bb0-8cd9-5b9e-81e6-814b49141ad4,승리,7/5/10
#8389686091,2026-09-21 20:50,7e2bfe82-2409-5da9-968b-246723d3b167,승리,7/9/7
#8389686091,2026-09-21 20:50,1197e8f5-daec-5145-854e-a6f73237afc8,승리,11/4/9
#8389686091,2026-09-21 20:50,3712c3ab-a24a-5bf1-85c1-b92c4d68e907,승리,1/10/11
#8389687141,2026-09-21 20:50,c0a4bb50-24f8-5d32-b20b-3e2a730399e7,승리,6/5/9
#8389687141,2026-09-21 20:50,702dbc2f-105c-5ec9-b414-b980ad393153,승리,9/4/16
#8389687141,2026-09-21 20:50,cdbeeaa3-2d54-5732-8cbe-e5643e6561f4,승리,1/2/19
#8389687141,2026-09-21 20:50,32648f54-7e5b-571b-87d1-ee6ffdc14f5d,승리,11/4/8
#8389687141,2026-09-21 20:50,aa91628d-1def-593d-862a-968b8287a439,승리,1/3/18
#8389687141,2026-09-21 20:50,aa2fbfdd-c17f-5e1b-a04e-8567e1c45d5e,패배,4/4/7
#8389687141,2026-09-21 20:50,fa6d5ea3-c57a-500a-9f4d-c2c1e9265684,패배,9/5/5
#8389687141,2026-09-21 20:50,26583f10-50a4-5f03-b49b-8c3d8acfac5d,패배,3/4/3
#8389687141,2026-09-21 20:50,7897535b-b58d-5d49-a29e-d226fa5126c5,패배,2/7/8
#8389687141,2026-09-21 20:50,bc7d9161-a7d7-559a-9a9f-ac3c63c6e84d,패배,0/9/10
#8389753579,2026-09-21 21:37,33d4446b-a1b9-5b44-ae8a-2009b77218d4,승리,3/4/8
#8389753579,2026-09-21 21:37,f691451d-87d3-5db5-94cf-22971436cf70,승리,6/6/9
#8389753579,2026-09-21 21:37,671680a6-c5c8-5457-a92b-91f0c83bfb91,승리,6/6/13
#8389753579,2026-09-21 21:37,4aa66eba-e75c-5e2e-8981-3451f6f89d18,승리,13/5/8
#8389753579,2026-09-21 21:37,1197e8f5-daec-5145-854e-a6f73237afc8,승리,0/3/23
#8389753579,2026-09-21 21:37,3712c3ab-a24a-5bf1-85c1-b92c4d68e907,패배,5/3/5
#8389753579,2026-09-21 21:37,571b9bb0-8cd9-5b9e-81e6-814b49141ad4,패배,5/4/10
#8389753579,2026-09-21 21:37,7e2bfe82-2409-5da9-968b-246723d3b167,패배,13/7/10
#8389753579,2026-09-21 21:37,48a9676c-6f4a-5dfb-9a36-fca24b95153a,패배,1/5/5
#8389753579,2026-09-21 21:37,88b9f221-d8c1-5594-a2f8-820fe8a4050c,패배,0/9/10
#8389766603,2026-09-21 21:45,aa2fbfdd-c17f-5e1b-a04e-8567e1c45d5e,승리,6/4/10
#8389766603,2026-09-21 21:45,fa6d5ea3-c57a-500a-9f4d-c2c1e9265684,승리,23/2/7
#8389766603,2026-09-21 21:45,26583f10-50a4-5f03-b49b-8c3d8acfac5d,승리,5/2/13
#8389766603,2026-09-21 21:45,bc7d9161-a7d7-559a-9a9f-ac3c63c6e84d,승리,4/3/13
#8389766603,2026-09-21 21:45,cdbeeaa3-2d54-5732-8cbe-e5643e6561f4,승리,0/4/13
#8389766603,2026-09-21 21:45,c0a4bb50-24f8-5d32-b20b-3e2a730399e7,패배,5/5/3
#8389766603,2026-09-21 21:45,702dbc2f-105c-5ec9-b414-b980ad393153,패배,6/9/3
#8389766603,2026-09-21 21:45,7897535b-b58d-5d49-a29e-d226fa5126c5,패배,1/8/7
#8389766603,2026-09-21 21:45,32648f54-7e5b-571b-87d1-ee6ffdc14f5d,패배,3/7/0
#8389766603,2026-09-21 21:45,aa91628d-1def-593d-862a-968b8287a439,패배,0/9/6
#8388906768,2026-09-20 23:43,874cbdba-b1ef-5e47-afbc-b9abbac8be5e,승리,5/2/8
#8388906768,2026-09-20 23:43,87e34b7d-7b9c-5a74-aea7-dbf481aa42b7,승리,14/2/11
#8388906768,2026-09-20 23:43,4472729a-012a-577a-89ab-fcb7006019db,승리,5/3/20
#8388906768,2026-09-20 23:43,bdc6d126-4a6e-590e-8df1-ed887580de1c,승리,8/3/3
#8388906768,2026-09-20 23:43,a2cff7d6-9172-5eb9-aa2d-56c3f2b0182f,승리,2/4/25
#8388906768,2026-09-20 23:43,7db3e54c-aa59-5892-84c8-ec824259ce3d,패배,2/7/4
#8388906768,2026-09-20 23:43,fdd5eade-d0c7-527c-ab60-3880540a63ec,패배,1/8/3
#8388906768,2026-09-20 23:43,72e3da30-8274-58f1-b8e9-78254b87f713,패배,2/5/4
#8388906768,2026-09-20 23:43,53e37757-adc1-5b33-9239-1a6b52fbb75c,패배,5/5/4
#8388906768,2026-09-20 23:43,265aa067-49ed-52eb-9f8c-201ec511d66b,패배,3/9/3
#8388841755,2026-09-20 23:05,874cbdba-b1ef-5e47-afbc-b9abbac8be5e,승리,5/1/2
#8388841755,2026-09-20 23:05,87e34b7d-7b9c-5a74-aea7-dbf481aa42b7,승리,5/1/11
#8388841755,2026-09-20 23:05,4472729a-012a-577a-89ab-fcb7006019db,승리,8/6/3
#8388841755,2026-09-20 23:05,bdc6d126-4a6e-590e-8df1-ed887580de1c,승리,8/1/9
#8388841755,2026-09-20 23:05,a2cff7d6-9172-5eb9-aa2d-56c3f2b0182f,승리,4/6/16
#8388841755,2026-09-20 23:05,7db3e54c-aa59-5892-84c8-ec824259ce3d,패배,2/7/1
#8388841755,2026-09-20 23:05,fdd5eade-d0c7-527c-ab60-3880540a63ec,패배,3/3/4
#8388841755,2026-09-20 23:05,72e3da30-8274-58f1-b8e9-78254b87f713,패배,4/5/4
#8388841755,2026-09-20 23:05,53e37757-adc1-5b33-9239-1a6b52fbb75c,패배,2/6/4
#8388841755,2026-09-20 23:05,265aa067-49ed-52eb-9f8c-201ec511d66b,패배,4/9/5
#8387028273,2026-09-19 21:08,874cbdba-b1ef-5e47-afbc-b9abbac8be5e,승리,4/3/11
#8387028273,2026-09-19 21:08,87e34b7d-7b9c-5a74-aea7-dbf481aa42b7,승리,10/5/6
#8387028273,2026-09-19 21:08,227133cd-1da3-5514-ad5c-5adaf39e4bcf,승리,4/8/8
#8387028273,2026-09-19 21:08,7db3e54c-aa59-5892-84c8-ec824259ce3d,승리,11/3/13
#8387028273,2026-09-19 21:08,a2cff7d6-9172-5eb9-aa2d-56c3f2b0182f,승리,2/4/21
#8387028273,2026-09-19 21:08,e00de569-e29e-509e-872b-3b0c8baafb6e,패배,2/5/6
#8387028273,2026-09-19 21:08,9204b0f4-b25e-53ac-a7fd-72627a30afbb,패배,5/5/6
#8387028273,2026-09-19 21:08,b59908e9-a815-5663-b760-87ad874af837,패배,10/7/4
#8387028273,2026-09-19 21:08,a94a4221-15c2-5577-be8f-7b2278b06917,패배,5/7/5
#8387028273,2026-09-19 21:08,2c4a3ee8-fb20-51d7-aaab-c5e928030639,패배,1/7/12
#8389832880,2026-09-21 22:24,77bb09d0-2c95-596d-885a-3be23112cc76,패배,0/7/5
#8389832880,2026-09-21 22:24,88b9f221-d8c1-5594-a2f8-820fe8a4050c,패배,4/10/7
#8389832880,2026-09-21 22:24,671680a6-c5c8-5457-a92b-91f0c83bfb91,패배,5/4/2
#8389832880,2026-09-21 22:24,5e13fc05-ff0c-5435-80dd-63bbd252f467,패배,4/12/5
#8389832880,2026-09-21 22:24,a2cff7d6-9172-5eb9-aa2d-56c3f2b0182f,패배,5/9/12
#8389832880,2026-09-21 22:24,7e2bfe82-2409-5da9-968b-246723d3b167,승리,5/3/6
#8389832880,2026-09-21 22:24,f691451d-87d3-5db5-94cf-22971436cf70,승리,17/2/5
#8389832880,2026-09-21 22:24,1197e8f5-daec-5145-854e-a6f73237afc8,승리,5/3/7
#8389832880,2026-09-21 22:24,f5b1b3fc-5819-512f-8fc4-1e3f12e480f4,승리,15/5/10
#8389832880,2026-09-21 22:24,cac75d28-bc8f-535a-9cba-80d88502dbd1,승리,0/5/16
#8389850644,2026-09-21 22:31,77a65121-6eb2-5e4a-af35-c55ad40ec191,무효,기록 대기
#8389850644,2026-09-21 22:31,fa6d5ea3-c57a-500a-9f4d-c2c1e9265684,무효,기록 대기
#8389850644,2026-09-21 22:31,7897535b-b58d-5d49-a29e-d226fa5126c5,무효,기록 대기
#8389850644,2026-09-21 22:31,1d7539b5-5566-57d4-b9cd-5158923a589d,무효,기록 대기
#8389850644,2026-09-21 22:31,bc7d9161-a7d7-559a-9a9f-ac3c63c6e84d,무효,기록 대기
#8389850644,2026-09-21 22:31,aa2fbfdd-c17f-5e1b-a04e-8567e1c45d5e,무효,기록 대기
#8389850644,2026-09-21 22:31,dc7ecf5f-0952-573d-9eae-96253295d4c5,무효,기록 대기
#8389850644,2026-09-21 22:31,cdbeeaa3-2d54-5732-8cbe-e5643e6561f4,무효,기록 대기
#8389850644,2026-09-21 22:31,aa91628d-1def-593d-862a-968b8287a439,무효,기록 대기
#8389850644,2026-09-21 22:31,12e4fa1c-6a14-5524-bbbb-e115cc63eb29,무효,기록 대기
#8389894570,2026-09-21 22:55,1d7539b5-5566-57d4-b9cd-5158923a589d,패배,0/5/4
#8389894570,2026-09-21 22:55,77a65121-6eb2-5e4a-af35-c55ad40ec191,패배,4/4/1
#8389894570,2026-09-21 22:55,7897535b-b58d-5d49-a29e-d226fa5126c5,패배,2/7/3
#8389894570,2026-09-21 22:55,cdbeeaa3-2d54-5732-8cbe-e5643e6561f4,패배,1/5/2
#8389894570,2026-09-21 22:55,12e4fa1c-6a14-5524-bbbb-e115cc63eb29,패배,0/3/5
#8389894570,2026-09-21 22:55,3ee03b31-3cfa-5edc-9b02-a6f089749330,승리,6/3/5
#8389894570,2026-09-21 22:55,571b9bb0-8cd9-5b9e-81e6-814b49141ad4,승리,11/0/6
#8389894570,2026-09-21 22:55,aa2fbfdd-c17f-5e1b-a04e-8567e1c45d5e,승리,0/2/6
#8389894570,2026-09-21 22:55,dc7ecf5f-0952-573d-9eae-96253295d4c5,승리,6/1/9
#8389894570,2026-09-21 22:55,bc7d9161-a7d7-559a-9a9f-ac3c63c6e84d,승리,1/1/16
#8389908949,2026-09-21 23:08,77bb09d0-2c95-596d-885a-3be23112cc76,승리,6/4/4
#8389908949,2026-09-21 23:08,f691451d-87d3-5db5-94cf-22971436cf70,승리,12/5/8
#8389908949,2026-09-21 23:08,7e2bfe82-2409-5da9-968b-246723d3b167,승리,11/6/18
#8389908949,2026-09-21 23:08,b5380629-d74b-5796-8e72-98a060d864de,승리,19/5/6
#8389908949,2026-09-21 23:08,cac75d28-bc8f-535a-9cba-80d88502dbd1,승리,3/5/18
#8389908949,2026-09-21 23:08,05c4596e-84c9-555c-85d5-faeacaa8c39a,패배,1/12/6
#8389908949,2026-09-21 23:08,88b9f221-d8c1-5594-a2f8-820fe8a4050c,패배,3/9/8
#8389908949,2026-09-21 23:08,5e13fc05-ff0c-5435-80dd-63bbd252f467,패배,9/11/3
#8389908949,2026-09-21 23:08,1197e8f5-daec-5145-854e-a6f73237afc8,패배,5/10/7
#8389908949,2026-09-21 23:08,a2cff7d6-9172-5eb9-aa2d-56c3f2b0182f,패배,7/9/11
#8389966509,2026-09-21 23:39,1d7539b5-5566-57d4-b9cd-5158923a589d,승리,7/0/5
#8389966509,2026-09-21 23:39,77a65121-6eb2-5e4a-af35-c55ad40ec191,승리,3/2/3
#8389966509,2026-09-21 23:39,dc7ecf5f-0952-573d-9eae-96253295d4c5,승리,3/0/13
#8389966509,2026-09-21 23:39,cdbeeaa3-2d54-5732-8cbe-e5643e6561f4,승리,6/0/9
#8389966509,2026-09-21 23:39,bc7d9161-a7d7-559a-9a9f-ac3c63c6e84d,승리,0/4/15
#8389966509,2026-09-21 23:39,3ee03b31-3cfa-5edc-9b02-a6f089749330,패배,2/4/0
#8389966509,2026-09-21 23:39,571b9bb0-8cd9-5b9e-81e6-814b49141ad4,패배,2/5/0
#8389966509,2026-09-21 23:39,aa2fbfdd-c17f-5e1b-a04e-8567e1c45d5e,패배,0/4/1
#8389966509,2026-09-21 23:39,7897535b-b58d-5d49-a29e-d226fa5126c5,패배,2/4/1
#8389966509,2026-09-21 23:39,12e4fa1c-6a14-5524-bbbb-e115cc63eb29,패배,0/2/3
#8389982622,2026-09-21 23:53,7e2bfe82-2409-5da9-968b-246723d3b167,패배,4/4/0
#8389982622,2026-09-21 23:53,31e88dc8-bc4a-5b0e-b7f0-9d47bec34024,승리,2/4/7
#8389982622,2026-09-21 23:53,05c4596e-84c9-555c-85d5-faeacaa8c39a,승리,7/3/13
#8389982622,2026-09-21 23:53,f691451d-87d3-5db5-94cf-22971436cf70,승리,13/3/3
#8389982622,2026-09-21 23:53,5e13fc05-ff0c-5435-80dd-63bbd252f467,승리,10/6/9
#8389982622,2026-09-21 23:53,9045a0a5-c836-5c5e-baeb-a879ec639cf4,승리,1/3/21
#8389982622,2026-09-21 23:53,77bb09d0-2c95-596d-885a-3be23112cc76,패배,1/6/4
#8389982622,2026-09-21 23:53,88b9f221-d8c1-5594-a2f8-820fe8a4050c,패배,6/8/5
#8389982622,2026-09-21 23:53,b5380629-d74b-5796-8e72-98a060d864de,패배,7/10/5
#8389982622,2026-09-21 23:53,a2cff7d6-9172-5eb9-aa2d-56c3f2b0182f,패배,1/5/11
#8390690767,2026-09-22 20:13,aa2fbfdd-c17f-5e1b-a04e-8567e1c45d5e,승리,3/1/3
#8390690767,2026-09-22 20:13,3712c3ab-a24a-5bf1-85c1-b92c4d68e907,승리,3/1/5
#8390690767,2026-09-22 20:13,33d4446b-a1b9-5b44-ae8a-2009b77218d4,승리,2/2/6
#8390690767,2026-09-22 20:13,702dbc2f-105c-5ec9-b414-b980ad393153,승리,15/1/6
#8390690767,2026-09-22 20:13,aa91628d-1def-593d-862a-968b8287a439,승리,3/3/13
#8390690767,2026-09-22 20:13,74f1ee22-c5a2-59b2-91b9-8f6b6ef71b9b,패배,1/3/2
#8390690767,2026-09-22 20:13,7e2bfe82-2409-5da9-968b-246723d3b167,패배,4/4/4
#8390690767,2026-09-22 20:13,fd30acf7-dfb6-55e3-8ee1-8463244a92d5,패배,2/6/2
#8390690767,2026-09-22 20:13,7a8ba539-7e36-5ebc-8c84-affc83acb409,패배,0/7/3
#8390690767,2026-09-22 20:13,26583f10-50a4-5f03-b49b-8c3d8acfac5d,패배,1/6/4
#8390755320,2026-09-22 20:51,7a8ba539-7e36-5ebc-8c84-affc83acb409,패배,4/8/1
#8390755320,2026-09-22 20:51,3712c3ab-a24a-5bf1-85c1-b92c4d68e907,패배,1/5/3
#8390755320,2026-09-22 20:51,fd30acf7-dfb6-55e3-8ee1-8463244a92d5,패배,2/5/4
#8390755320,2026-09-22 20:51,7e2bfe82-2409-5da9-968b-246723d3b167,패배,2/4/3
#8390755320,2026-09-22 20:51,26583f10-50a4-5f03-b49b-8c3d8acfac5d,패배,0/6/3
#8390755320,2026-09-22 20:51,c4c8cdc0-24db-5def-9120-c0eae39625cb,승리,5/3/12
#8390755320,2026-09-22 20:51,74f1ee22-c5a2-59b2-91b9-8f6b6ef71b9b,승리,11/0/5
#8390755320,2026-09-22 20:51,33d4446b-a1b9-5b44-ae8a-2009b77218d4,승리,6/1/11
#8390755320,2026-09-22 20:51,702dbc2f-105c-5ec9-b414-b980ad393153,승리,5/4/10
#8390755320,2026-09-22 20:51,aa2fbfdd-c17f-5e1b-a04e-8567e1c45d5e,승리,1/1/8
#8390834340,2026-09-22 21:40,74f1ee22-c5a2-59b2-91b9-8f6b6ef71b9b,승리,8/4/6
#8390834340,2026-09-22 21:40,3712c3ab-a24a-5bf1-85c1-b92c4d68e907,승리,6/3/13
#8390834340,2026-09-22 21:40,c4c8cdc0-24db-5def-9120-c0eae39625cb,승리,3/1/15
#8390834340,2026-09-22 21:40,702dbc2f-105c-5ec9-b414-b980ad393153,승리,10/2/11
#8390834340,2026-09-22 21:40,aa2fbfdd-c17f-5e1b-a04e-8567e1c45d5e,승리,2/1/21
#8390834340,2026-09-22 21:40,7e2bfe82-2409-5da9-968b-246723d3b167,패배,3/7/3
#8390834340,2026-09-22 21:40,33d4446b-a1b9-5b44-ae8a-2009b77218d4,패배,5/4/5
#8390834340,2026-09-22 21:40,26583f10-50a4-5f03-b49b-8c3d8acfac5d,패배,3/5/3
#8390834340,2026-09-22 21:40,fd30acf7-dfb6-55e3-8ee1-8463244a92d5,패배,0/7/3
#8390834340,2026-09-22 21:40,7a8ba539-7e36-5ebc-8c84-affc83acb409,패배,0/6/5
#8390898998,2026-09-22 22:24,571b9bb0-8cd9-5b9e-81e6-814b49141ad4,승리,6/3/10
#8390898998,2026-09-22 22:24,aa2fbfdd-c17f-5e1b-a04e-8567e1c45d5e,패배,2/3/3
#8390898998,2026-09-22 22:24,bc7d9161-a7d7-559a-9a9f-ac3c63c6e84d,패배,3/7/2
#8390898998,2026-09-22 22:24,fd30acf7-dfb6-55e3-8ee1-8463244a92d5,패배,3/4/1
#8390898998,2026-09-22 22:24,702dbc2f-105c-5ec9-b414-b980ad393153,패배,3/6/3
#8390898998,2026-09-22 22:24,7a8ba539-7e36-5ebc-8c84-affc83acb409,패배,1/8/5
#8390898998,2026-09-22 22:24,74f1ee22-c5a2-59b2-91b9-8f6b6ef71b9b,승리,2/4/6
#8390898998,2026-09-22 22:24,26583f10-50a4-5f03-b49b-8c3d8acfac5d,승리,5/2/12
#8390898998,2026-09-22 22:24,33d4446b-a1b9-5b44-ae8a-2009b77218d4,승리,7/1/5
#8390898998,2026-09-22 22:24,7e2bfe82-2409-5da9-968b-246723d3b167,승리,8/2/9
#8390977851,2026-09-22 23:03,aa2fbfdd-c17f-5e1b-a04e-8567e1c45d5e,승리,2/2/9
#8390977851,2026-09-22 23:03,a2cff7d6-9172-5eb9-aa2d-56c3f2b0182f,승리,12/1/6
#8390977851,2026-09-22 23:03,26583f10-50a4-5f03-b49b-8c3d8acfac5d,승리,4/3/14
#8390977851,2026-09-22 23:03,33d4446b-a1b9-5b44-ae8a-2009b77218d4,승리,15/1/2
#8390977851,2026-09-22 23:03,32648f54-7e5b-571b-87d1-ee6ffdc14f5d,승리,0/3/18
#8390977851,2026-09-22 23:03,fd30acf7-dfb6-55e3-8ee1-8463244a92d5,패배,2/5/2
#8390977851,2026-09-22 23:03,571b9bb0-8cd9-5b9e-81e6-814b49141ad4,패배,2/5/1
#8390977851,2026-09-22 23:03,7e2bfe82-2409-5da9-968b-246723d3b167,패배,3/13/1
#8390977851,2026-09-22 23:03,bc7d9161-a7d7-559a-9a9f-ac3c63c6e84d,패배,2/6/0
#8390977851,2026-09-22 23:03,7a8ba539-7e36-5ebc-8c84-affc83acb409,패배,1/4/3
#8391068108,2026-09-22 23:47,571b9bb0-8cd9-5b9e-81e6-814b49141ad4,패배,5/9/1
#8391068108,2026-09-22 23:47,7e2bfe82-2409-5da9-968b-246723d3b167,승리,10/6/12
#8391068108,2026-09-22 23:47,f691451d-87d3-5db5-94cf-22971436cf70,승리,12/2/9
#8391068108,2026-09-22 23:47,7a8ba539-7e36-5ebc-8c84-affc83acb409,승리,1/1/9
#8391068108,2026-09-22 23:47,32648f54-7e5b-571b-87d1-ee6ffdc14f5d,승리,8/4/9
#8391068108,2026-09-22 23:47,a2285c3c-c7f4-5d41-b7a0-d60bed3078bf,승리,2/1/20
#8391068108,2026-09-22 23:47,bc7d9161-a7d7-559a-9a9f-ac3c63c6e84d,패배,1/9/5
#8391068108,2026-09-22 23:47,a2cff7d6-9172-5eb9-aa2d-56c3f2b0182f,패배,2/3/3
#8391068108,2026-09-22 23:47,aa91628d-1def-593d-862a-968b8287a439,패배,5/5/1
#8391068108,2026-09-22 23:47,48a9676c-6f4a-5dfb-9a36-fca24b95153a,패배,1/7/3
#8391134342,2026-09-23 00:35,571b9bb0-8cd9-5b9e-81e6-814b49141ad4,패배,2/5/7
#8391134342,2026-09-23 00:35,bc7d9161-a7d7-559a-9a9f-ac3c63c6e84d,패배,4/8/12
#8391134342,2026-09-23 00:35,f691451d-87d3-5db5-94cf-22971436cf70,패배,10/9/7
#8391134342,2026-09-23 00:35,48a9676c-6f4a-5dfb-9a36-fca24b95153a,패배,2/6/8
#8391134342,2026-09-23 00:35,a2cff7d6-9172-5eb9-aa2d-56c3f2b0182f,패배,5/8/7
#8391134342,2026-09-23 00:35,7a8ba539-7e36-5ebc-8c84-affc83acb409,승리,5/5/13
#8391134342,2026-09-23 00:35,7e2bfe82-2409-5da9-968b-246723d3b167,승리,13/8/5
#8391134342,2026-09-23 00:35,32648f54-7e5b-571b-87d1-ee6ffdc14f5d,승리,9/8/11
#8391134342,2026-09-23 00:35,aa91628d-1def-593d-862a-968b8287a439,승리,9/1/13
#8391134342,2026-09-23 00:35,a2285c3c-c7f4-5d41-b7a0-d60bed3078bf,승리,0/1/20
#8391195475,2026-09-23 01:29,571b9bb0-8cd9-5b9e-81e6-814b49141ad4,패배,3/4/4
#8391195475,2026-09-23 01:29,f691451d-87d3-5db5-94cf-22971436cf70,승리,2/5/5
#8391195475,2026-09-23 01:29,88b9f221-d8c1-5594-a2f8-820fe8a4050c,승리,5/0/9
#8391195475,2026-09-23 01:29,cdf18188-08e4-5812-9741-ef6e5414333e,승리,13/4/8
#8391195475,2026-09-23 01:29,7a8ba539-7e36-5ebc-8c84-affc83acb409,승리,9/3/7
#8391195475,2026-09-23 01:29,a2cff7d6-9172-5eb9-aa2d-56c3f2b0182f,승리,4/2/13
#8391195475,2026-09-23 01:29,31e88dc8-bc4a-5b0e-b7f0-9d47bec34024,패배,5/7/4
#8391195475,2026-09-23 01:29,48a9676c-6f4a-5dfb-9a36-fca24b95153a,패배,1/11/2
#8391195475,2026-09-23 01:29,aa91628d-1def-593d-862a-968b8287a439,패배,4/5/2
#8391195475,2026-09-23 01:29,bc7d9161-a7d7-559a-9a9f-ac3c63c6e84d,패배,1/6/7
#8391908411,2026-09-23 20:14,7e2bfe82-2409-5da9-968b-246723d3b167,패배,6/9/5
#8391908411,2026-09-23 20:14,aa2fbfdd-c17f-5e1b-a04e-8567e1c45d5e,승리,4/7/13
#8391908411,2026-09-23 20:14,d4ed9d18-939c-549c-92bc-c2accb63a5f0,승리,8/2/14
#8391908411,2026-09-23 20:14,6a4f5512-0b22-5bd1-ae85-8d8c07d751ab,승리,12/4/7
#8391908411,2026-09-23 20:14,f691451d-87d3-5db5-94cf-22971436cf70,승리,7/5/14
#8391908411,2026-09-23 20:14,c9456c44-7c1e-5fd7-8907-737737772014,승리,2/9/25
#8391908411,2026-09-23 20:14,33d4446b-a1b9-5b44-ae8a-2009b77218d4,패배,7/7/10
#8391908411,2026-09-23 20:14,f6913164-7a0a-5d4f-a898-54665431820b,패배,8/4/4
#8391908411,2026-09-23 20:14,702dbc2f-105c-5ec9-b414-b980ad393153,패배,6/7/10
#8391908411,2026-09-23 20:14,dd292162-22fe-59b5-9f3e-7dc56a96567d,패배,0/6/13
#8391929012,2026-09-23 20:24,571b9bb0-8cd9-5b9e-81e6-814b49141ad4,패배,1/8/5
#8391929012,2026-09-23 20:24,77bb09d0-2c95-596d-885a-3be23112cc76,승리,5/2/5
#8391929012,2026-09-23 20:24,ce01c0d8-8ebf-57c1-b433-88aa89739103,승리,11/3/5
#8391929012,2026-09-23 20:24,72e917d7-9f4e-52b2-82ad-8c7d8741ad78,승리,5/8/9
#8391929012,2026-09-23 20:24,a2285c3c-c7f4-5d41-b7a0-d60bed3078bf,승리,5/3/6
#8391929012,2026-09-23 20:24,9045a0a5-c836-5c5e-baeb-a879ec639cf4,승리,0/3/18
#8391929012,2026-09-23 20:24,88b9f221-d8c1-5594-a2f8-820fe8a4050c,패배,6/5/5
#8391929012,2026-09-23 20:24,f5b1b3fc-5819-512f-8fc4-1e3f12e480f4,패배,4/5/2
#8391929012,2026-09-23 20:24,c2a8194b-cccc-5bba-bac3-a20a7086b973,패배,5/5/5
#8391929012,2026-09-23 20:24,3712c3ab-a24a-5bf1-85c1-b92c4d68e907,패배,1/3/11
#8391983006,2026-09-23 20:57,7e2bfe82-2409-5da9-968b-246723d3b167,패배,8/7/9
#8391983006,2026-09-23 20:57,702dbc2f-105c-5ec9-b414-b980ad393153,패배,4/5/21
#8391983006,2026-09-23 20:57,33d4446b-a1b9-5b44-ae8a-2009b77218d4,패배,17/9/9
#8391983006,2026-09-23 20:57,f6913164-7a0a-5d4f-a898-54665431820b,패배,10/3/12
#8391983006,2026-09-23 20:57,dd292162-22fe-59b5-9f3e-7dc56a96567d,패배,1/8/23
#8391983006,2026-09-23 20:57,aa2fbfdd-c17f-5e1b-a04e-8567e1c45d5e,승리,2/4/8
#8391983006,2026-09-23 20:57,d4ed9d18-939c-549c-92bc-c2accb63a5f0,승리,3/10/11
#8391983006,2026-09-23 20:57,6a4f5512-0b22-5bd1-ae85-8d8c07d751ab,승리,8/8/13
#8391983006,2026-09-23 20:57,f691451d-87d3-5db5-94cf-22971436cf70,승리,19/6/6
#8391983006,2026-09-23 20:57,c9456c44-7c1e-5fd7-8907-737737772014,승리,0/12/20
#8391010034,2026-09-22 23:12,1a69a4f5-32c7-57f9-be56-fb56bf263513,승리,8/1/6
#8391010034,2026-09-22 23:12,5b3bf88d-076a-5339-9317-e6e1ba821cad,승리,3/2/7
#8391010034,2026-09-22 23:12,d4ed9d18-939c-549c-92bc-c2accb63a5f0,승리,9/3/4
#8391010034,2026-09-22 23:12,04bae512-786a-57b8-9080-f818034e533f,승리,6/4/5
#8391010034,2026-09-22 23:12,73291f2a-d93a-59c4-8627-10679a8932a6,승리,2/8/12
#8391010034,2026-09-22 23:12,1209ec75-ab6b-59ed-8648-c9fbff1f3712,패배,2/8/2
#8391010034,2026-09-22 23:12,18dccb4d-adcd-5b3b-ac0d-eab893cc64b8,패배,7/2/4
#8391010034,2026-09-22 23:12,,패배,2/9/5
#8391010034,2026-09-22 23:12,eb12b3ff-a77d-5808-8d93-524c41624fde,패배,6/6/6
#8391010034,2026-09-22 23:12,3a7e5239-8099-5ab5-a834-f69447b1ba0f,패배,1/3/13
#8391983441,2026-09-23 21:07,aa91628d-1def-593d-862a-968b8287a439,패배,3/5/4
#8391983441,2026-09-23 21:07,5e13fc05-ff0c-5435-80dd-63bbd252f467,패배,6/6/5
#8391983441,2026-09-23 21:07,b5380629-d74b-5796-8e72-98a060d864de,패배,7/8/6
#8391983441,2026-09-23 21:07,1197e8f5-daec-5145-854e-a6f73237afc8,패배,2/7/9
#8391983441,2026-09-23 21:07,73291f2a-d93a-59c4-8627-10679a8932a6,패배,2/7/12
#8391983441,2026-09-23 21:07,3e247e02-ecab-5b32-a0e2-6ded375a6e34,승리,9/3/11
#8391983441,2026-09-23 21:07,671680a6-c5c8-5457-a92b-91f0c83bfb91,승리,8/1/15
#8391983441,2026-09-23 21:07,3b2f3478-57ef-5f8a-9fc7-508b47a5c16f,승리,6/7/6
#8391983441,2026-09-23 21:07,d18ec7c7-d61a-58b8-98d9-ee36e9b5ce58,승리,9/4/8
#8391983441,2026-09-23 21:07,bc7d9161-a7d7-559a-9a9f-ac3c63c6e84d,승리,1/5/16
#8390902575,2026-09-22 22:20,1209ec75-ab6b-59ed-8648-c9fbff1f3712,패배,3/7/5
#8390902575,2026-09-22 22:20,18dccb4d-adcd-5b3b-ac0d-eab893cc64b8,패배,2/3/8
#8390902575,2026-09-22 22:20,,패배,3/5/10
#8390902575,2026-09-22 22:20,eb12b3ff-a77d-5808-8d93-524c41624fde,패배,13/5/5
#8390902575,2026-09-22 22:20,3a7e5239-8099-5ab5-a834-f69447b1ba0f,패배,4/9/15
#8390902575,2026-09-22 22:20,1a69a4f5-32c7-57f9-be56-fb56bf263513,승리,3/7/5
#8390902575,2026-09-22 22:20,5b3bf88d-076a-5339-9317-e6e1ba821cad,승리,5/6/14
#8390902575,2026-09-22 22:20,d4ed9d18-939c-549c-92bc-c2accb63a5f0,승리,14/4/7
#8390902575,2026-09-22 22:20,04bae512-786a-57b8-9080-f818034e533f,승리,7/4/6
#8390902575,2026-09-22 22:20,73291f2a-d93a-59c4-8627-10679a8932a6,승리,0/4/17
#8392014027,2026-09-23 21:19,571b9bb0-8cd9-5b9e-81e6-814b49141ad4,승리,4/4/14
#8392014027,2026-09-23 21:19,ce01c0d8-8ebf-57c1-b433-88aa89739103,패배,0/6/2
#8392014027,2026-09-23 21:19,c2a8194b-cccc-5bba-bac3-a20a7086b973,패배,7/5/0
#8392014027,2026-09-23 21:19,3712c3ab-a24a-5bf1-85c1-b92c4d68e907,패배,1/4/4
#8392014027,2026-09-23 21:19,88b9f221-d8c1-5594-a2f8-820fe8a4050c,패배,10/7/2
#8392014027,2026-09-23 21:19,a2285c3c-c7f4-5d41-b7a0-d60bed3078bf,패배,0/5/14
#8392014027,2026-09-23 21:19,77bb09d0-2c95-596d-885a-3be23112cc76,승리,9/1/7
#8392014027,2026-09-23 21:19,f5b1b3fc-5819-512f-8fc4-1e3f12e480f4,승리,4/4/7
#8392014027,2026-09-23 21:19,72e917d7-9f4e-52b2-82ad-8c7d8741ad78,승리,8/4/7
#8392014027,2026-09-23 21:19,9045a0a5-c836-5c5e-baeb-a879ec639cf4,승리,2/5/14
#8392040772,2026-09-23 21:49,3b2f3478-57ef-5f8a-9fc7-508b47a5c16f,승리,14/1/13
#8392040772,2026-09-23 21:49,d18ec7c7-d61a-58b8-98d9-ee36e9b5ce58,승리,3/8/20
#8392040772,2026-09-23 21:49,73291f2a-d93a-59c4-8627-10679a8932a6,승리,7/4/17
#8392040772,2026-09-23 21:49,5e13fc05-ff0c-5435-80dd-63bbd252f467,승리,9/2/17
#8392040772,2026-09-23 21:49,aa91628d-1def-593d-862a-968b8287a439,승리,2/7/23
#8392040772,2026-09-23 21:49,3e247e02-ecab-5b32-a0e2-6ded375a6e34,패배,3/6/3
#8392040772,2026-09-23 21:49,b5380629-d74b-5796-8e72-98a060d864de,패배,3/8/7
#8392040772,2026-09-23 21:49,671680a6-c5c8-5457-a92b-91f0c83bfb91,패배,8/5/7
#8392040772,2026-09-23 21:49,1197e8f5-daec-5145-854e-a6f73237afc8,패배,8/6/5
#8392040772,2026-09-23 21:49,bc7d9161-a7d7-559a-9a9f-ac3c63c6e84d,패배,0/10/10
#8392061508,2026-09-23 21:50,7e2bfe82-2409-5da9-968b-246723d3b167,패배,1/9/7
#8392061508,2026-09-23 21:50,f691451d-87d3-5db5-94cf-22971436cf70,패배,6/6/14
#8392061508,2026-09-23 21:50,c9456c44-7c1e-5fd7-8907-737737772014,패배,10/13/8
#8392061508,2026-09-23 21:50,f6913164-7a0a-5d4f-a898-54665431820b,패배,13/8/14
#8392061508,2026-09-23 21:50,dd292162-22fe-59b5-9f3e-7dc56a96567d,패배,4/10/24
#8392061508,2026-09-23 21:50,aa2fbfdd-c17f-5e1b-a04e-8567e1c45d5e,승리,6/6/22
#8392061508,2026-09-23 21:50,d4ed9d18-939c-549c-92bc-c2accb63a5f0,승리,11/6/18
#8392061508,2026-09-23 21:50,6a4f5512-0b22-5bd1-ae85-8d8c07d751ab,승리,11/6/18
#8392061508,2026-09-23 21:50,33d4446b-a1b9-5b44-ae8a-2009b77218d4,승리,16/9/13
#8392061508,2026-09-23 21:50,702dbc2f-105c-5ec9-b414-b980ad393153,승리,2/7/26
#8392068722,2026-09-23 22:03,571b9bb0-8cd9-5b9e-81e6-814b49141ad4,패배,2/4/1
#8392068722,2026-09-23 22:03,77bb09d0-2c95-596d-885a-3be23112cc76,패배,3/5/5
#8392068722,2026-09-23 22:03,ce01c0d8-8ebf-57c1-b433-88aa89739103,패배,5/7/4
#8392068722,2026-09-23 22:03,72e917d7-9f4e-52b2-82ad-8c7d8741ad78,패배,2/4/4
#8392068722,2026-09-23 22:03,9045a0a5-c836-5c5e-baeb-a879ec639cf4,패배,0/7/6
#8392068722,2026-09-23 22:03,3712c3ab-a24a-5bf1-85c1-b92c4d68e907,승리,4/3/5
#8392068722,2026-09-23 22:03,88b9f221-d8c1-5594-a2f8-820fe8a4050c,승리,6/2/19
#8392068722,2026-09-23 22:03,26583f10-50a4-5f03-b49b-8c3d8acfac5d,승리,7/3/7
#8392068722,2026-09-23 22:03,a2285c3c-c7f4-5d41-b7a0-d60bed3078bf,승리,9/1/11
#8392068722,2026-09-23 22:03,f5b1b3fc-5819-512f-8fc4-1e3f12e480f4,승리,1/3/18
#8392143664,2026-09-23 22:40,3e247e02-ecab-5b32-a0e2-6ded375a6e34,승리,2/5/11
#8392143664,2026-09-23 22:40,671680a6-c5c8-5457-a92b-91f0c83bfb91,승리,14/7/13
#8392143664,2026-09-23 22:40,d18ec7c7-d61a-58b8-98d9-ee36e9b5ce58,승리,12/5/10
#8392143664,2026-09-23 22:40,aa91628d-1def-593d-862a-968b8287a439,승리,7/9/10
#8392143664,2026-09-23 22:40,bc7d9161-a7d7-559a-9a9f-ac3c63c6e84d,승리,2/9/24
#8392143664,2026-09-23 22:40,676f3610-d9c9-5727-a5bd-d93aac82cad2,패배,4/7/9
#8392143664,2026-09-23 22:40,5b3bf88d-076a-5339-9317-e6e1ba821cad,패배,7/8/12
#8392143664,2026-09-23 22:40,5e13fc05-ff0c-5435-80dd-63bbd252f467,패배,3/5/8
#8392143664,2026-09-23 22:40,1197e8f5-daec-5145-854e-a6f73237afc8,패배,12/10/9
#8392143664,2026-09-23 22:40,b5380629-d74b-5796-8e72-98a060d864de,패배,9/7/18
#8392167851,2026-09-23 22:52,7e2bfe82-2409-5da9-968b-246723d3b167,패배,7/13/4
#8392167851,2026-09-23 22:52,d4ed9d18-939c-549c-92bc-c2accb63a5f0,승리,7/4/23
#8392167851,2026-09-23 22:52,702dbc2f-105c-5ec9-b414-b980ad393153,승리,8/5/20
#8392167851,2026-09-23 22:52,f6913164-7a0a-5d4f-a898-54665431820b,승리,14/4/14
#8392167851,2026-09-23 22:52,33d4446b-a1b9-5b44-ae8a-2009b77218d4,승리,16/5/14
#8392167851,2026-09-23 22:52,aa2fbfdd-c17f-5e1b-a04e-8567e1c45d5e,승리,2/5/23
#8392167851,2026-09-23 22:52,6a4f5512-0b22-5bd1-ae85-8d8c07d751ab,패배,1/8/7
#8392167851,2026-09-23 22:52,c9456c44-7c1e-5fd7-8907-737737772014,패배,4/9/8
#8392167851,2026-09-23 22:52,f691451d-87d3-5db5-94cf-22971436cf70,패배,7/9/3
#8392167851,2026-09-23 22:52,dd292162-22fe-59b5-9f3e-7dc56a96567d,패배,3/8/10
#8392205025,2026-09-23 22:54,571b9bb0-8cd9-5b9e-81e6-814b49141ad4,승리,17/6/13
#8392205025,2026-09-23 22:54,77bb09d0-2c95-596d-885a-3be23112cc76,승리,6/9/15
#8392205025,2026-09-23 22:54,26583f10-50a4-5f03-b49b-8c3d8acfac5d,승리,11/1/25
#8392205025,2026-09-23 22:54,7897535b-b58d-5d49-a29e-d226fa5126c5,승리,10/2/22
#8392205025,2026-09-23 22:54,9cf20ad8-ea37-5c6b-a6f7-3b5d69dce526,승리,0/8/30
#8392205025,2026-09-23 22:54,88b9f221-d8c1-5594-a2f8-820fe8a4050c,패배,7/11/6
#8392205025,2026-09-23 22:54,ce01c0d8-8ebf-57c1-b433-88aa89739103,패배,1/7/10
#8392205025,2026-09-23 22:54,fd30acf7-dfb6-55e3-8ee1-8463244a92d5,패배,5/10/7
#8392205025,2026-09-23 22:54,32648f54-7e5b-571b-87d1-ee6ffdc14f5d,패배,12/8/3
#8392205025,2026-09-23 22:54,d1be77cf-ec1d-5f75-a245-1313608cae4d,패배,1/8/18
#8392258652,2026-09-23 23:31,3e247e02-ecab-5b32-a0e2-6ded375a6e34,승리,3/7/14
#8392258652,2026-09-23 23:31,b5380629-d74b-5796-8e72-98a060d864de,승리,14/4/13
#8392258652,2026-09-23 23:31,5e13fc05-ff0c-5435-80dd-63bbd252f467,승리,4/7/16
#8392258652,2026-09-23 23:31,015afc84-5281-50ca-bbd0-3773fe9d3b2f,승리,19/6/12
#8392258652,2026-09-23 23:31,bc7d9161-a7d7-559a-9a9f-ac3c63c6e84d,승리,3/4/31
#8392258652,2026-09-23 23:31,676f3610-d9c9-5727-a5bd-d93aac82cad2,패배,11/9/3
#8392258652,2026-09-23 23:31,1197e8f5-daec-5145-854e-a6f73237afc8,패배,4/7/7
#8392258652,2026-09-23 23:31,5b3bf88d-076a-5339-9317-e6e1ba821cad,패배,5/9/3
#8392258652,2026-09-23 23:31,aa91628d-1def-593d-862a-968b8287a439,패배,8/10/7
#8392258652,2026-09-23 23:31,b143548f-1c02-5836-a61c-8be625af053d,패배,0/8/11
#8392309481,2026-09-23 23:52,571b9bb0-8cd9-5b9e-81e6-814b49141ad4,승리,7/4/12
#8392309481,2026-09-23 23:52,77bb09d0-2c95-596d-885a-3be23112cc76,패배,2/4/6
#8392309481,2026-09-23 23:52,88b9f221-d8c1-5594-a2f8-820fe8a4050c,패배,4/8/6
#8392309481,2026-09-23 23:52,fd30acf7-dfb6-55e3-8ee1-8463244a92d5,패배,5/8/3
#8392309481,2026-09-23 23:52,32648f54-7e5b-571b-87d1-ee6ffdc14f5d,패배,4/6/3
#8392309481,2026-09-23 23:52,702dbc2f-105c-5ec9-b414-b980ad393153,패배,1/7/7
#8392309481,2026-09-23 23:52,ce01c0d8-8ebf-57c1-b433-88aa89739103,승리,7/5/7
#8392309481,2026-09-23 23:52,9cf20ad8-ea37-5c6b-a6f7-3b5d69dce526,승리,10/1/15
#8392309481,2026-09-23 23:52,7897535b-b58d-5d49-a29e-d226fa5126c5,승리,8/2/11
#8392309481,2026-09-23 23:52,d1be77cf-ec1d-5f75-a245-1313608cae4d,승리,1/4/19
#8392364142,2026-09-24 00:16,b374355f-b65d-52fe-990b-5e6accd3ae9c,승리,5/2/8
#8392364142,2026-09-24 00:16,bc7d9161-a7d7-559a-9a9f-ac3c63c6e84d,승리,11/2/15
#8392364142,2026-09-24 00:16,015afc84-5281-50ca-bbd0-3773fe9d3b2f,승리,4/6/20
#8392364142,2026-09-24 00:16,b143548f-1c02-5836-a61c-8be625af053d,승리,15/3/8
#8392364142,2026-09-24 00:16,aa91628d-1def-593d-862a-968b8287a439,승리,4/4/17
#8392364142,2026-09-24 00:16,676f3610-d9c9-5727-a5bd-d93aac82cad2,패배,7/6/0
#8392364142,2026-09-24 00:16,5b3bf88d-076a-5339-9317-e6e1ba821cad,패배,4/9/8
#8392364142,2026-09-24 00:16,5e13fc05-ff0c-5435-80dd-63bbd252f467,패배,0/7/8
#8392364142,2026-09-24 00:16,33d4446b-a1b9-5b44-ae8a-2009b77218d4,패배,4/6/5
#8392364142,2026-09-24 00:16,3e247e02-ecab-5b32-a0e2-6ded375a6e34,패배,2/11/5
#8392382994,2026-09-24 00:39,e25a31d2-835a-56f0-9cce-fd4438f88124,승리,2/8/4
#8392382994,2026-09-24 00:39,88b9f221-d8c1-5594-a2f8-820fe8a4050c,승리,6/4/11
#8392382994,2026-09-24 00:39,fd30acf7-dfb6-55e3-8ee1-8463244a92d5,승리,10/3/6
#8392382994,2026-09-24 00:39,32648f54-7e5b-571b-87d1-ee6ffdc14f5d,승리,10/3/9
#8392382994,2026-09-24 00:39,d1be77cf-ec1d-5f75-a245-1313608cae4d,승리,3/4/17
#8392382994,2026-09-24 00:39,aa2fbfdd-c17f-5e1b-a04e-8567e1c45d5e,패배,8/4/2
#8392382994,2026-09-24 00:39,c9372432-0fdc-5fd3-b8e6-cbb273ca03fd,패배,8/6/8
#8392382994,2026-09-24 00:39,7897535b-b58d-5d49-a29e-d226fa5126c5,패배,3/6/10
#8392382994,2026-09-24 00:39,702dbc2f-105c-5ec9-b414-b980ad393153,패배,3/9/5
#8392382994,2026-09-24 00:39,9cf20ad8-ea37-5c6b-a6f7-3b5d69dce526,패배,0/6/10
#8392439088,2026-09-24 00:55,1d7539b5-5566-57d4-b9cd-5158923a589d,승리,4/1/5
#8392439088,2026-09-24 00:55,77a65121-6eb2-5e4a-af35-c55ad40ec191,패배,2/3/2
#8392439088,2026-09-24 00:55,b374355f-b65d-52fe-990b-5e6accd3ae9c,패배,3/5/1
#8392439088,2026-09-24 00:55,aa91628d-1def-593d-862a-968b8287a439,패배,1/8/1
#8392439088,2026-09-24 00:55,015afc84-5281-50ca-bbd0-3773fe9d3b2f,패배,0/6/3
#8392439088,2026-09-24 00:55,bc7d9161-a7d7-559a-9a9f-ac3c63c6e84d,패배,1/6/4
#8392439088,2026-09-24 00:55,5e13fc05-ff0c-5435-80dd-63bbd252f467,승리,2/2/0
#8392439088,2026-09-24 00:55,33d4446b-a1b9-5b44-ae8a-2009b77218d4,승리,10/0/1
#8392439088,2026-09-24 00:55,b143548f-1c02-5836-a61c-8be625af053d,승리,11/3/8
#8392439088,2026-09-24 00:55,cac75d28-bc8f-535a-9cba-80d88502dbd1,승리,1/1/15
#8392474473,2026-09-24 01:27,7e2bfe82-2409-5da9-968b-246723d3b167,승리,6/2/2
#8392474473,2026-09-24 01:27,b374355f-b65d-52fe-990b-5e6accd3ae9c,패배,2/4/2
#8392474473,2026-09-24 01:27,79079bf7-8099-53bc-93f8-ea308ffd9170,패배,3/4/2
#8392474473,2026-09-24 01:27,33d4446b-a1b9-5b44-ae8a-2009b77218d4,패배,0/8/4
#8392474473,2026-09-24 01:27,5e13fc05-ff0c-5435-80dd-63bbd252f467,패배,4/4/2
#8392474473,2026-09-24 01:27,bc7d9161-a7d7-559a-9a9f-ac3c63c6e84d,패배,1/4/4
#8392474473,2026-09-24 01:27,77a65121-6eb2-5e4a-af35-c55ad40ec191,승리,6/2/1
#8392474473,2026-09-24 01:27,1d7539b5-5566-57d4-b9cd-5158923a589d,승리,4/1/7
#8392474473,2026-09-24 01:27,b143548f-1c02-5836-a61c-8be625af053d,승리,5/2/6
#8392474473,2026-09-24 01:27,cac75d28-bc8f-535a-9cba-80d88502dbd1,승리,2/3/9
#8392531689,2026-09-24 02:09,1d7539b5-5566-57d4-b9cd-5158923a589d,패배,1/7/9
#8392531689,2026-09-24 02:09,77a65121-6eb2-5e4a-af35-c55ad40ec191,패배,0/7/3
#8392531689,2026-09-24 02:09,88b9f221-d8c1-5594-a2f8-820fe8a4050c,패배,7/9/2
#8392531689,2026-09-24 02:09,79079bf7-8099-53bc-93f8-ea308ffd9170,패배,3/3/4
#8392531689,2026-09-24 02:09,b143548f-1c02-5836-a61c-8be625af053d,패배,4/7/5
#8392531689,2026-09-24 02:09,15e34f7e-6eb9-5638-b11d-47284ddad510,승리,5/3/6
#8392531689,2026-09-24 02:09,e25a31d2-835a-56f0-9cce-fd4438f88124,승리,8/3/8
#8392531689,2026-09-24 02:09,7e2bfe82-2409-5da9-968b-246723d3b167,승리,15/1/2
#8392531689,2026-09-24 02:09,5e13fc05-ff0c-5435-80dd-63bbd252f467,승리,4/4/11
#8392531689,2026-09-24 02:09,cac75d28-bc8f-535a-9cba-80d88502dbd1,승리,1/4/14
#8392583591,2026-09-24 02:55,1d7539b5-5566-57d4-b9cd-5158923a589d,패배,3/7/11
#8392583591,2026-09-24 02:55,77a65121-6eb2-5e4a-af35-c55ad40ec191,승리,7/5/15
#8392583591,2026-09-24 02:55,e25a31d2-835a-56f0-9cce-fd4438f88124,승리,11/5/16
#8392583591,2026-09-24 02:55,79079bf7-8099-53bc-93f8-ea308ffd9170,승리,7/2/6
#8392583591,2026-09-24 02:55,88b9f221-d8c1-5594-a2f8-820fe8a4050c,승리,7/3/18
#8392583591,2026-09-24 02:55,cac75d28-bc8f-535a-9cba-80d88502dbd1,승리,1/6/22
#8392583591,2026-09-24 02:55,7e2bfe82-2409-5da9-968b-246723d3b167,패배,4/8/3
#8392583591,2026-09-24 02:55,ce01c0d8-8ebf-57c1-b433-88aa89739103,패배,10/5/3
#8392583591,2026-09-24 02:55,15e34f7e-6eb9-5638-b11d-47284ddad510,패배,1/6/8
#8392583591,2026-09-24 02:55,5e13fc05-ff0c-5435-80dd-63bbd252f467,패배,3/7/4
#8393368860,2026-09-24 20:08,77bb09d0-2c95-596d-885a-3be23112cc76,패배,1/6/8
#8393368860,2026-09-24 20:08,c9456c44-7c1e-5fd7-8907-737737772014,패배,7/7/12
#8393368860,2026-09-24 20:08,e310dfda-ef55-5307-be03-e59c780ddb2f,패배,4/5/5
#8393368860,2026-09-24 20:08,04bae512-786a-57b8-9080-f818034e533f,패배,8/9/5
#8393368860,2026-09-24 20:08,bc7d9161-a7d7-559a-9a9f-ac3c63c6e84d,패배,1/5/19
#8393368860,2026-09-24 20:08,7eae58c2-76f1-5a48-b52e-1ffbe00fdb5a,승리,8/2/7
#8393368860,2026-09-24 20:08,2b119ea6-fef7-50ba-82fe-abf1408d0b7d,승리,11/5/10
#8393368860,2026-09-24 20:08,02b747a1-5e9d-5e28-8186-aa4297e176ba,승리,8/2/10
#8393368860,2026-09-24 20:08,8264718f-ef76-5aa9-b404-9e111fa6ff61,승리,5/6/19
#8393368860,2026-09-24 20:08,f889b530-6a7a-5fbb-9ef8-d3596ee96bf4,승리,0/6/22
#8393457217,2026-09-24 20:50,77bb09d0-2c95-596d-885a-3be23112cc76,승리,3/5/11
#8393457217,2026-09-24 20:50,c9456c44-7c1e-5fd7-8907-737737772014,승리,2/3/14
#8393457217,2026-09-24 20:50,e310dfda-ef55-5307-be03-e59c780ddb2f,승리,12/3/7
#8393457217,2026-09-24 20:50,04bae512-786a-57b8-9080-f818034e533f,승리,11/4/10
#8393457217,2026-09-24 20:50,bc7d9161-a7d7-559a-9a9f-ac3c63c6e84d,승리,1/2/21
#8393457217,2026-09-24 20:50,7eae58c2-76f1-5a48-b52e-1ffbe00fdb5a,패배,7/7/0
#8393457217,2026-09-24 20:50,2b119ea6-fef7-50ba-82fe-abf1408d0b7d,패배,1/5/6
#8393457217,2026-09-24 20:50,02b747a1-5e9d-5e28-8186-aa4297e176ba,패배,2/5/2
#8393457217,2026-09-24 20:50,8264718f-ef76-5aa9-b404-9e111fa6ff61,패배,6/7/2
#8393457217,2026-09-24 20:50,f889b530-6a7a-5fbb-9ef8-d3596ee96bf4,패배,0/5/9
#8392213809,2026-09-23 23:09,874cbdba-b1ef-5e47-afbc-b9abbac8be5e,패배,3/11/2
#8392213809,2026-09-23 23:09,87e34b7d-7b9c-5a74-aea7-dbf481aa42b7,패배,4/6/1
#8392213809,2026-09-23 23:09,4472729a-012a-577a-89ab-fcb7006019db,패배,0/7/1
#8392213809,2026-09-23 23:09,bdc6d126-4a6e-590e-8df1-ed887580de1c,패배,1/5/2
#8392213809,2026-09-23 23:09,a2cff7d6-9172-5eb9-aa2d-56c3f2b0182f,패배,2/4/2
#8392213809,2026-09-23 23:09,0964f4b4-d17c-5201-bd3d-9a3a033b12f7,승리,11/6/6
#8392213809,2026-09-23 23:09,d8542391-f6cf-545d-aa33-74cce04328b1,승리,3/0/15
#8392213809,2026-09-23 23:09,06a1acc2-3a03-5365-b794-178f5bbeb2b0,승리,8/1/8
#8392213809,2026-09-23 23:09,69f60afd-7419-5abb-a9b0-84c0d89bfa58,승리,10/0/8
#8392213809,2026-09-23 23:09,c522b890-1b94-5786-b507-eae1cfc500f1,승리,1/3/16
#8393606294,2026-09-24 22:15,3823a606-856c-5a41-9363-697967ef0d50,패배,6/6/6
#8393606294,2026-09-24 22:15,33d4446b-a1b9-5b44-ae8a-2009b77218d4,패배,6/9/13
#8393606294,2026-09-24 22:15,f6913164-7a0a-5d4f-a898-54665431820b,패배,5/6/14
#8393606294,2026-09-24 22:15,48a9676c-6f4a-5dfb-9a36-fca24b95153a,패배,9/5/11
#8393606294,2026-09-24 22:15,a2cff7d6-9172-5eb9-aa2d-56c3f2b0182f,패배,2/9/19
#8393606294,2026-09-24 22:15,3e583936-ec9b-5f86-a923-77adcd637241,승리,7/4/10
#8393606294,2026-09-24 22:15,cdf18188-08e4-5812-9741-ef6e5414333e,승리,7/7/9
#8393606294,2026-09-24 22:15,7e2bfe82-2409-5da9-968b-246723d3b167,승리,14/6/5
#8393606294,2026-09-24 22:15,671680a6-c5c8-5457-a92b-91f0c83bfb91,승리,5/5/21
#8393606294,2026-09-24 22:15,cac75d28-bc8f-535a-9cba-80d88502dbd1,승리,2/6/22
#8393706050,2026-09-24 23:05,cdf18188-08e4-5812-9741-ef6e5414333e,승리,6/5/8
#8393706050,2026-09-24 23:05,671680a6-c5c8-5457-a92b-91f0c83bfb91,승리,3/7/13
#8393706050,2026-09-24 23:05,a2cff7d6-9172-5eb9-aa2d-56c3f2b0182f,승리,9/4/9
#8393706050,2026-09-24 23:05,33d4446b-a1b9-5b44-ae8a-2009b77218d4,승리,9/3/12
#8393706050,2026-09-24 23:05,48a9676c-6f4a-5dfb-9a36-fca24b95153a,승리,1/3/20
#8393706050,2026-09-24 23:05,3e583936-ec9b-5f86-a923-77adcd637241,패배,4/5/3
#8393706050,2026-09-24 23:05,3823a606-856c-5a41-9363-697967ef0d50,패배,10/4/6
#8393706050,2026-09-24 23:05,7e2bfe82-2409-5da9-968b-246723d3b167,패배,3/7/4
#8393706050,2026-09-24 23:05,f6913164-7a0a-5d4f-a898-54665431820b,패배,3/5/6
#8393706050,2026-09-24 23:05,cac75d28-bc8f-535a-9cba-80d88502dbd1,패배,0/7/9
#8393779423,2026-09-24 23:48,3823a606-856c-5a41-9363-697967ef0d50,패배,4/4/1
#8393779423,2026-09-24 23:48,cdf18188-08e4-5812-9741-ef6e5414333e,패배,5/6/5
#8393779423,2026-09-24 23:48,a2cff7d6-9172-5eb9-aa2d-56c3f2b0182f,패배,5/5/3
#8393779423,2026-09-24 23:48,48a9676c-6f4a-5dfb-9a36-fca24b95153a,패배,2/7/3
#8393779423,2026-09-24 23:48,3e583936-ec9b-5f86-a923-77adcd637241,패배,2/7/4
#8393779423,2026-09-24 23:48,7e2bfe82-2409-5da9-968b-246723d3b167,승리,5/6/2
#8393779423,2026-09-24 23:48,671680a6-c5c8-5457-a92b-91f0c83bfb91,승리,10/2/9
#8393779423,2026-09-24 23:48,f6913164-7a0a-5d4f-a898-54665431820b,승리,2/4/11
#8393779423,2026-09-24 23:48,33d4446b-a1b9-5b44-ae8a-2009b77218d4,승리,11/2/7
#8393779423,2026-09-24 23:48,cac75d28-bc8f-535a-9cba-80d88502dbd1,승리,1/4/23
#8393853556,2026-09-25 00:30,3823a606-856c-5a41-9363-697967ef0d50,패배,4/2/5
#8393853556,2026-09-25 00:30,f6913164-7a0a-5d4f-a898-54665431820b,패배,9/7/4
#8393853556,2026-09-25 00:30,a2cff7d6-9172-5eb9-aa2d-56c3f2b0182f,패배,7/9/12
#8393853556,2026-09-25 00:30,48a9676c-6f4a-5dfb-9a36-fca24b95153a,패배,5/5/4
#8393853556,2026-09-25 00:30,bc7d9161-a7d7-559a-9a9f-ac3c63c6e84d,패배,0/7/13
#8393853556,2026-09-25 00:30,3e583936-ec9b-5f86-a923-77adcd637241,승리,2/5/7
#8393853556,2026-09-25 00:30,671680a6-c5c8-5457-a92b-91f0c83bfb91,승리,13/7/7
#8393853556,2026-09-25 00:30,7e2bfe82-2409-5da9-968b-246723d3b167,승리,9/5/10
#8393853556,2026-09-25 00:30,33d4446b-a1b9-5b44-ae8a-2009b77218d4,승리,5/6/7
#8393853556,2026-09-25 00:30,cac75d28-bc8f-535a-9cba-80d88502dbd1,승리,1/2/18
#8393918556,2026-09-25 01:16,702dbc2f-105c-5ec9-b414-b980ad393153,승리,1/2/0
#8393918556,2026-09-25 01:16,f6913164-7a0a-5d4f-a898-54665431820b,승리,6/0/3
#8393918556,2026-09-25 01:16,a2cff7d6-9172-5eb9-aa2d-56c3f2b0182f,승리,5/1/3
#8393918556,2026-09-25 01:16,33d4446b-a1b9-5b44-ae8a-2009b77218d4,승리,4/0/1
#8393918556,2026-09-25 01:16,bc7d9161-a7d7-559a-9a9f-ac3c63c6e84d,승리,0/0/8
#8393918556,2026-09-25 01:16,3823a606-856c-5a41-9363-697967ef0d50,패배,2/2/0
#8393918556,2026-09-25 01:16,3e583936-ec9b-5f86-a923-77adcd637241,패배,0/3/0
#8393918556,2026-09-25 01:16,7e2bfe82-2409-5da9-968b-246723d3b167,패배,1/6/0
#8393918556,2026-09-25 01:16,48a9676c-6f4a-5dfb-9a36-fca24b95153a,패배,0/3/0
#8393918556,2026-09-25 01:16,cac75d28-bc8f-535a-9cba-80d88502dbd1,패배,0/2/0
#8393970162,2026-09-25 01:45,3e583936-ec9b-5f86-a923-77adcd637241,승리,3/4/7
#8393970162,2026-09-25 01:45,f6913164-7a0a-5d4f-a898-54665431820b,승리,5/1/10
#8393970162,2026-09-25 01:45,a2cff7d6-9172-5eb9-aa2d-56c3f2b0182f,승리,13/2/4
#8393970162,2026-09-25 01:45,702dbc2f-105c-5ec9-b414-b980ad393153,승리,4/2/4
#8393970162,2026-09-25 01:45,cac75d28-bc8f-535a-9cba-80d88502dbd1,승리,2/1/9
#8393970162,2026-09-25 01:45,7e2bfe82-2409-5da9-968b-246723d3b167,패배,3/8/3
#8393970162,2026-09-25 01:45,3823a606-856c-5a41-9363-697967ef0d50,패배,5/2/1
#8393970162,2026-09-25 01:45,33d4446b-a1b9-5b44-ae8a-2009b77218d4,패배,0/7/2
#8393970162,2026-09-25 01:45,48a9676c-6f4a-5dfb-9a36-fca24b95153a,패배,2/5/1
#8393970162,2026-09-25 01:45,bc7d9161-a7d7-559a-9a9f-ac3c63c6e84d,패배,0/5/5
#8394005677,2026-09-25 02:23,3823a606-856c-5a41-9363-697967ef0d50,승리,4/2/7
#8394005677,2026-09-25 02:23,bc7d9161-a7d7-559a-9a9f-ac3c63c6e84d,승리,2/3/18
#8394005677,2026-09-25 02:23,7e2bfe82-2409-5da9-968b-246723d3b167,승리,8/2/9
#8394005677,2026-09-25 02:23,702dbc2f-105c-5ec9-b414-b980ad393153,승리,14/6/10
#8394005677,2026-09-25 02:23,48a9676c-6f4a-5dfb-9a36-fca24b95153a,승리,3/3/24
#8394005677,2026-09-25 02:23,676f3610-d9c9-5727-a5bd-d93aac82cad2,패배,2/5/2
#8394005677,2026-09-25 02:23,33d4446b-a1b9-5b44-ae8a-2009b77218d4,패배,0/6/5
#8394005677,2026-09-25 02:23,d0de6aaa-74d5-5d76-9dc5-38d2b24ce1d6,패배,3/3/5
#8394005677,2026-09-25 02:23,a2cff7d6-9172-5eb9-aa2d-56c3f2b0182f,패배,6/11/8
#8394005677,2026-09-25 02:23,cac75d28-bc8f-535a-9cba-80d88502dbd1,패배,5/6/10
#8394047385,2026-09-25 03:13,3ee03b31-3cfa-5edc-9b02-a6f089749330,패배,3/4/10
#8394047385,2026-09-25 03:13,7e2bfe82-2409-5da9-968b-246723d3b167,패배,8/10/10
#8394047385,2026-09-25 03:13,3823a606-856c-5a41-9363-697967ef0d50,패배,8/7/4
#8394047385,2026-09-25 03:13,48a9676c-6f4a-5dfb-9a36-fca24b95153a,패배,3/4/5
#8394047385,2026-09-25 03:13,bc7d9161-a7d7-559a-9a9f-ac3c63c6e84d,패배,3/7/16
#8394047385,2026-09-25 03:13,d0de6aaa-74d5-5d76-9dc5-38d2b24ce1d6,승리,1/6/15
#8394047385,2026-09-25 03:13,702dbc2f-105c-5ec9-b414-b980ad393153,승리,7/8/14
#8394047385,2026-09-25 03:13,a2cff7d6-9172-5eb9-aa2d-56c3f2b0182f,승리,12/7/16
#8394047385,2026-09-25 03:13,33d4446b-a1b9-5b44-ae8a-2009b77218d4,승리,10/3/9
#8394047385,2026-09-25 03:13,cac75d28-bc8f-535a-9cba-80d88502dbd1,승리,2/1/21
#8394081494,2026-09-25 04:08,33d4446b-a1b9-5b44-ae8a-2009b77218d4,승리,6/2/13
#8394081494,2026-09-25 04:08,702dbc2f-105c-5ec9-b414-b980ad393153,승리,10/2/14
#8394081494,2026-09-25 04:08,a2cff7d6-9172-5eb9-aa2d-56c3f2b0182f,승리,7/6/15
#8394081494,2026-09-25 04:08,48a9676c-6f4a-5dfb-9a36-fca24b95153a,승리,9/1/5
#8394081494,2026-09-25 04:08,cac75d28-bc8f-535a-9cba-80d88502dbd1,승리,1/2/16
#8394081494,2026-09-25 04:08,5e13fc05-ff0c-5435-80dd-63bbd252f467,패배,0/9/5
#8394081494,2026-09-25 04:08,3ee03b31-3cfa-5edc-9b02-a6f089749330,패배,3/8/3
#8394081494,2026-09-25 04:08,7e2bfe82-2409-5da9-968b-246723d3b167,패배,5/8/2
#8394081494,2026-09-25 04:08,3823a606-856c-5a41-9363-697967ef0d50,패배,4/2/1
#8394081494,2026-09-25 04:08,bc7d9161-a7d7-559a-9a9f-ac3c63c6e84d,패배,0/6/7
#8393519319,2026-09-24 21:34,77bb09d0-2c95-596d-885a-3be23112cc76,승리,8/5/5
#8393519319,2026-09-24 21:34,c9456c44-7c1e-5fd7-8907-737737772014,승리,12/3/15
#8393519319,2026-09-24 21:34,e310dfda-ef55-5307-be03-e59c780ddb2f,승리,10/3/13
#8393519319,2026-09-24 21:34,04bae512-786a-57b8-9080-f818034e533f,승리,6/11/13
#8393519319,2026-09-24 21:34,bc7d9161-a7d7-559a-9a9f-ac3c63c6e84d,승리,3/5/23
#8393519319,2026-09-24 21:34,7eae58c2-76f1-5a48-b52e-1ffbe00fdb5a,패배,6/5/4
#8393519319,2026-09-24 21:34,2b119ea6-fef7-50ba-82fe-abf1408d0b7d,패배,4/9/7
#8393519319,2026-09-24 21:34,02b747a1-5e9d-5e28-8186-aa4297e176ba,패배,13/7/9
#8393519319,2026-09-24 21:34,8264718f-ef76-5aa9-b404-9e111fa6ff61,패배,2/10/8
#8393519319,2026-09-24 21:34,f889b530-6a7a-5fbb-9ef8-d3596ee96bf4,패배,2/8/9
#8394721019,2026-09-25 19:05,41e09551-926a-5c0d-a51d-22e93e95d748,승리,2/2/13
#8394721019,2026-09-25 19:05,b374355f-b65d-52fe-990b-5e6accd3ae9c,승리,9/2/10
#8394721019,2026-09-25 19:05,843f6b49-c018-52aa-932e-14bcba62e0cd,승리,8/0/11
#8394721019,2026-09-25 19:05,702dbc2f-105c-5ec9-b414-b980ad393153,승리,11/4/7
#8394721019,2026-09-25 19:05,bc7d9161-a7d7-559a-9a9f-ac3c63c6e84d,승리,0/2/22
#8394721019,2026-09-25 19:05,676f3610-d9c9-5727-a5bd-d93aac82cad2,패배,1/5/1
#8394721019,2026-09-25 19:05,ca35d025-a97f-5e6f-a185-1a3e0bc24c0c,패배,0/5/2
#8394721019,2026-09-25 19:05,a2cff7d6-9172-5eb9-aa2d-56c3f2b0182f,패배,5/6/0
#8394721019,2026-09-25 19:05,77bb09d0-2c95-596d-885a-3be23112cc76,패배,1/9/6
#8394721019,2026-09-25 19:05,33d4446b-a1b9-5b44-ae8a-2009b77218d4,패배,2/5/2
#8394753306,2026-09-25 19:32,34739e9f-7fc0-55eb-a881-dd34c1d15d6f,패배,1/7/11
#8394753306,2026-09-25 19:32,aa2fbfdd-c17f-5e1b-a04e-8567e1c45d5e,승리,6/0/7
#8394753306,2026-09-25 19:32,c9456c44-7c1e-5fd7-8907-737737772014,승리,6/3/9
#8394753306,2026-09-25 19:32,b5380629-d74b-5796-8e72-98a060d864de,승리,15/6/4
#8394753306,2026-09-25 19:32,5e13fc05-ff0c-5435-80dd-63bbd252f467,승리,8/3/14
#8394753306,2026-09-25 19:32,e25a31d2-835a-56f0-9cce-fd4438f88124,승리,1/3/22
#8394753306,2026-09-25 19:32,73291f2a-d93a-59c4-8627-10679a8932a6,패배,0/5/7
#8394753306,2026-09-25 19:32,671680a6-c5c8-5457-a92b-91f0c83bfb91,패배,6/7/7
#8394753306,2026-09-25 19:32,dd292162-22fe-59b5-9f3e-7dc56a96567d,패배,5/6/5
#8394753306,2026-09-25 19:32,015afc84-5281-50ca-bbd0-3773fe9d3b2f,패배,3/11/3
#8394755835,2026-09-25 19:41,b374355f-b65d-52fe-990b-5e6accd3ae9c,승리,7/2/7
#8394755835,2026-09-25 19:41,41e09551-926a-5c0d-a51d-22e93e95d748,승리,5/3/9
#8394755835,2026-09-25 19:41,a2cff7d6-9172-5eb9-aa2d-56c3f2b0182f,승리,7/2/9
#8394755835,2026-09-25 19:41,702dbc2f-105c-5ec9-b414-b980ad393153,승리,7/3/8
#8394755835,2026-09-25 19:41,bc7d9161-a7d7-559a-9a9f-ac3c63c6e84d,승리,1/5/14
#8394755835,2026-09-25 19:41,77bb09d0-2c95-596d-885a-3be23112cc76,패배,3/6/1
#8394755835,2026-09-25 19:41,676f3610-d9c9-5727-a5bd-d93aac82cad2,패배,5/7/4
#8394755835,2026-09-25 19:41,843f6b49-c018-52aa-932e-14bcba62e0cd,패배,1/4/3
#8394755835,2026-09-25 19:41,33d4446b-a1b9-5b44-ae8a-2009b77218d4,패배,5/5/5
#8394755835,2026-09-25 19:41,ca35d025-a97f-5e6f-a185-1a3e0bc24c0c,패배,1/5/8
#8394813749,2026-09-25 20:19,b374355f-b65d-52fe-990b-5e6accd3ae9c,패배,2/10/2
#8394813749,2026-09-25 20:19,ca35d025-a97f-5e6f-a185-1a3e0bc24c0c,패배,1/5/7
#8394813749,2026-09-25 20:19,843f6b49-c018-52aa-932e-14bcba62e0cd,패배,0/8/2
#8394813749,2026-09-25 20:19,33d4446b-a1b9-5b44-ae8a-2009b77218d4,패배,5/6/3
#8394813749,2026-09-25 20:19,a2cff7d6-9172-5eb9-aa2d-56c3f2b0182f,패배,1/6/7
#8394813749,2026-09-25 20:19,676f3610-d9c9-5727-a5bd-d93aac82cad2,승리,10/1/6
#8394813749,2026-09-25 20:19,41e09551-926a-5c0d-a51d-22e93e95d748,승리,11/0/11
#8394813749,2026-09-25 20:19,77bb09d0-2c95-596d-885a-3be23112cc76,승리,4/2/12
#8394813749,2026-09-25 20:19,702dbc2f-105c-5ec9-b414-b980ad393153,승리,6/5/11
#8394813749,2026-09-25 20:19,bc7d9161-a7d7-559a-9a9f-ac3c63c6e84d,승리,4/1/15
#8394812715,2026-09-25 20:20,dd292162-22fe-59b5-9f3e-7dc56a96567d,패배,4/10/4
#8394812715,2026-09-25 20:20,c9456c44-7c1e-5fd7-8907-737737772014,패배,6/10/11
#8394812715,2026-09-25 20:20,e25a31d2-835a-56f0-9cce-fd4438f88124,패배,10/8/11
#8394812715,2026-09-25 20:20,5e13fc05-ff0c-5435-80dd-63bbd252f467,패배,8/9/6
#8394812715,2026-09-25 20:20,cac75d28-bc8f-535a-9cba-80d88502dbd1,패배,0/5/16
#8394812715,2026-09-25 20:20,aa2fbfdd-c17f-5e1b-a04e-8567e1c45d5e,승리,8/4/11
#8394812715,2026-09-25 20:20,671680a6-c5c8-5457-a92b-91f0c83bfb91,승리,5/5/15
#8394812715,2026-09-25 20:20,b5380629-d74b-5796-8e72-98a060d864de,승리,12/7/4
#8394812715,2026-09-25 20:20,015afc84-5281-50ca-bbd0-3773fe9d3b2f,승리,16/6/10
#8394812715,2026-09-25 20:20,73291f2a-d93a-59c4-8627-10679a8932a6,승리,1/6/22
#8394890258,2026-09-25 20:59,77bb09d0-2c95-596d-885a-3be23112cc76,승리,1/5/4
#8394890258,2026-09-25 20:59,702dbc2f-105c-5ec9-b414-b980ad393153,승리,10/3/16
#8394890258,2026-09-25 20:59,a2cff7d6-9172-5eb9-aa2d-56c3f2b0182f,승리,8/7/8
#8394890258,2026-09-25 20:59,33d4446b-a1b9-5b44-ae8a-2009b77218d4,승리,10/4/9
#8394890258,2026-09-25 20:59,bc7d9161-a7d7-559a-9a9f-ac3c63c6e84d,승리,1/4/24
#8394890258,2026-09-25 20:59,676f3610-d9c9-5727-a5bd-d93aac82cad2,패배,3/4/7
#8394890258,2026-09-25 20:59,41e09551-926a-5c0d-a51d-22e93e95d748,패배,7/7/9
#8394890258,2026-09-25 20:59,843f6b49-c018-52aa-932e-14bcba62e0cd,패배,4/6/7
#8394890258,2026-09-25 20:59,ca35d025-a97f-5e6f-a185-1a3e0bc24c0c,패배,5/5/4
#8394890258,2026-09-25 20:59,b374355f-b65d-52fe-990b-5e6accd3ae9c,패배,3/8/10
#8394893814,2026-09-25 21:10,dd292162-22fe-59b5-9f3e-7dc56a96567d,패배,3/8/4
#8394893814,2026-09-25 21:10,c9456c44-7c1e-5fd7-8907-737737772014,패배,8/6/2
#8394893814,2026-09-25 21:10,73291f2a-d93a-59c4-8627-10679a8932a6,패배,1/6/8
#8394893814,2026-09-25 21:10,e25a31d2-835a-56f0-9cce-fd4438f88124,패배,2/11/3
#8394893814,2026-09-25 21:10,cac75d28-bc8f-535a-9cba-80d88502dbd1,패배,0/5/10
#8394893814,2026-09-25 21:10,aa2fbfdd-c17f-5e1b-a04e-8567e1c45d5e,승리,6/4/11
#8394893814,2026-09-25 21:10,671680a6-c5c8-5457-a92b-91f0c83bfb91,승리,3/3/16
#8394893814,2026-09-25 21:10,5e13fc05-ff0c-5435-80dd-63bbd252f467,승리,13/2/3
#8394893814,2026-09-25 21:10,015afc84-5281-50ca-bbd0-3773fe9d3b2f,승리,10/3/11
#8394893814,2026-09-25 21:10,b5380629-d74b-5796-8e72-98a060d864de,승리,4/2/14
#8394969312,2026-09-25 21:43,ca35d025-a97f-5e6f-a185-1a3e0bc24c0c,승리,1/9/7
#8394969312,2026-09-25 21:43,41e09551-926a-5c0d-a51d-22e93e95d748,승리,5/9/19
#8394969312,2026-09-25 21:43,843f6b49-c018-52aa-932e-14bcba62e0cd,승리,5/8/8
#8394969312,2026-09-25 21:43,33d4446b-a1b9-5b44-ae8a-2009b77218d4,승리,19/4/9
#8394969312,2026-09-25 21:43,702dbc2f-105c-5ec9-b414-b980ad393153,승리,3/5/24
#8394969312,2026-09-25 21:43,77bb09d0-2c95-596d-885a-3be23112cc76,패배,7/6/6
#8394969312,2026-09-25 21:43,b374355f-b65d-52fe-990b-5e6accd3ae9c,패배,5/8/11
#8394969312,2026-09-25 21:43,a2cff7d6-9172-5eb9-aa2d-56c3f2b0182f,패배,15/5/8
#8394969312,2026-09-25 21:43,676f3610-d9c9-5727-a5bd-d93aac82cad2,패배,6/6/8
#8394969312,2026-09-25 21:43,bc7d9161-a7d7-559a-9a9f-ac3c63c6e84d,패배,1/8/18
#8394995085,2026-09-25 21:55,c9456c44-7c1e-5fd7-8907-737737772014,패배,4/5/4
#8394995085,2026-09-25 21:55,671680a6-c5c8-5457-a92b-91f0c83bfb91,패배,4/4/6
#8394995085,2026-09-25 21:55,5e13fc05-ff0c-5435-80dd-63bbd252f467,패배,1/7/3
#8394995085,2026-09-25 21:55,015afc84-5281-50ca-bbd0-3773fe9d3b2f,패배,9/6/2
#8394995085,2026-09-25 21:55,73291f2a-d93a-59c4-8627-10679a8932a6,패배,0/7/11
#8394995085,2026-09-25 21:55,aa2fbfdd-c17f-5e1b-a04e-8567e1c45d5e,승리,2/7/8
#8394995085,2026-09-25 21:55,b5380629-d74b-5796-8e72-98a060d864de,승리,8/2/11
#8394995085,2026-09-25 21:55,e25a31d2-835a-56f0-9cce-fd4438f88124,승리,10/3/8
#8394995085,2026-09-25 21:55,cac75d28-bc8f-535a-9cba-80d88502dbd1,승리,3/2/10
#8394995085,2026-09-25 21:55,dd292162-22fe-59b5-9f3e-7dc56a96567d,승리,6/4/11
#8395088118,2026-09-25 22:34,1d7539b5-5566-57d4-b9cd-5158923a589d,승리,10/7/10
#8395088118,2026-09-25 22:34,77a65121-6eb2-5e4a-af35-c55ad40ec191,승리,0/2/11
#8395088118,2026-09-25 22:34,41e09551-926a-5c0d-a51d-22e93e95d748,승리,11/7/9
#8395088118,2026-09-25 22:34,a2cff7d6-9172-5eb9-aa2d-56c3f2b0182f,승리,14/2/10
#8395088118,2026-09-25 22:34,bc7d9161-a7d7-559a-9a9f-ac3c63c6e84d,승리,3/2/25
#8395088118,2026-09-25 22:34,b374355f-b65d-52fe-990b-5e6accd3ae9c,패배,1/10/3
#8395088118,2026-09-25 22:34,702dbc2f-105c-5ec9-b414-b980ad393153,패배,12/8/3
#8395088118,2026-09-25 22:34,843f6b49-c018-52aa-932e-14bcba62e0cd,패배,3/6/8
#8395088118,2026-09-25 22:34,33d4446b-a1b9-5b44-ae8a-2009b77218d4,패배,3/6/8
#8395088118,2026-09-25 22:34,12e4fa1c-6a14-5524-bbbb-e115cc63eb29,패배,1/8/12
#8395075946,2026-09-25 22:42,571b9bb0-8cd9-5b9e-81e6-814b49141ad4,패배,14/4/7
#8395075946,2026-09-25 22:42,cac75d28-bc8f-535a-9cba-80d88502dbd1,패배,2/12/12
#8395075946,2026-09-25 22:42,671680a6-c5c8-5457-a92b-91f0c83bfb91,패배,6/8/17
#8395075946,2026-09-25 22:42,015afc84-5281-50ca-bbd0-3773fe9d3b2f,패배,17/5/10
#8395075946,2026-09-25 22:42,b5380629-d74b-5796-8e72-98a060d864de,패배,3/6/29
#8395075946,2026-09-25 22:42,aa2fbfdd-c17f-5e1b-a04e-8567e1c45d5e,승리,4/8/10
#8395075946,2026-09-25 22:42,e25a31d2-835a-56f0-9cce-fd4438f88124,승리,16/8/6
#8395075946,2026-09-25 22:42,7e2bfe82-2409-5da9-968b-246723d3b167,승리,10/6/11
#8395075946,2026-09-25 22:42,5e13fc05-ff0c-5435-80dd-63bbd252f467,승리,5/10/10
#8395075946,2026-09-25 22:42,dd292162-22fe-59b5-9f3e-7dc56a96567d,승리,0/10/16
#8395178231,2026-09-25 23:18,1d7539b5-5566-57d4-b9cd-5158923a589d,패배,2/9/3
#8395178231,2026-09-25 23:18,b374355f-b65d-52fe-990b-5e6accd3ae9c,패배,0/6/4
#8395178231,2026-09-25 23:18,c9456c44-7c1e-5fd7-8907-737737772014,패배,8/6/5
#8395178231,2026-09-25 23:18,843f6b49-c018-52aa-932e-14bcba62e0cd,패배,8/6/3
#8395178231,2026-09-25 23:18,12e4fa1c-6a14-5524-bbbb-e115cc63eb29,패배,0/6/8
#8395178231,2026-09-25 23:18,77a65121-6eb2-5e4a-af35-c55ad40ec191,승리,5/6/11
#8395178231,2026-09-25 23:18,41e09551-926a-5c0d-a51d-22e93e95d748,승리,7/2/13
#8395178231,2026-09-25 23:18,a2cff7d6-9172-5eb9-aa2d-56c3f2b0182f,승리,5/5/8
#8395178231,2026-09-25 23:18,33d4446b-a1b9-5b44-ae8a-2009b77218d4,승리,13/4/11
#8395178231,2026-09-25 23:18,bc7d9161-a7d7-559a-9a9f-ac3c63c6e84d,승리,2/2/18
#8395235027,2026-09-25 23:45,7e2bfe82-2409-5da9-968b-246723d3b167,승리,17/4/9
#8395235027,2026-09-25 23:45,5e13fc05-ff0c-5435-80dd-63bbd252f467,패배,1/12/1
#8395235027,2026-09-25 23:45,671680a6-c5c8-5457-a92b-91f0c83bfb91,패배,5/8/9
#8395235027,2026-09-25 23:45,fd30acf7-dfb6-55e3-8ee1-8463244a92d5,패배,12/8/5
#8395235027,2026-09-25 23:45,dd292162-22fe-59b5-9f3e-7dc56a96567d,패배,6/5/13
#8395235027,2026-09-25 23:45,1f538f56-a518-52c5-bb47-38b1b42846d6,패배,3/8/14
#8395235027,2026-09-25 23:45,aa2fbfdd-c17f-5e1b-a04e-8567e1c45d5e,승리,8/2/17
#8395235027,2026-09-25 23:45,cac75d28-bc8f-535a-9cba-80d88502dbd1,승리,7/4/18
#8395235027,2026-09-25 23:45,aa91628d-1def-593d-862a-968b8287a439,승리,8/8/10
#8395235027,2026-09-25 23:45,9045a0a5-c836-5c5e-baeb-a879ec639cf4,승리,1/9/17
#8395263998,2026-09-26 00:03,1d7539b5-5566-57d4-b9cd-5158923a589d,패배,9/6/5
#8395263998,2026-09-26 00:03,77a65121-6eb2-5e4a-af35-c55ad40ec191,패배,6/7/2
#8395263998,2026-09-26 00:03,88b9f221-d8c1-5594-a2f8-820fe8a4050c,패배,3/10/6
#8395263998,2026-09-26 00:03,a2cff7d6-9172-5eb9-aa2d-56c3f2b0182f,패배,0/8/11
#8395263998,2026-09-26 00:03,bc7d9161-a7d7-559a-9a9f-ac3c63c6e84d,패배,1/5/13
#8395263998,2026-09-26 00:03,b374355f-b65d-52fe-990b-5e6accd3ae9c,승리,7/4/9
#8395263998,2026-09-26 00:03,41e09551-926a-5c0d-a51d-22e93e95d748,승리,6/6/17
#8395263998,2026-09-26 00:03,843f6b49-c018-52aa-932e-14bcba62e0cd,승리,18/2/11
#8395263998,2026-09-26 00:03,c9456c44-7c1e-5fd7-8907-737737772014,승리,5/5/1
#8395263998,2026-09-26 00:03,12e4fa1c-6a14-5524-bbbb-e115cc63eb29,승리,0/2/21
#8395337777,2026-09-26 00:46,1d7539b5-5566-57d4-b9cd-5158923a589d,승리,8/3/7
#8395337777,2026-09-26 00:46,77a65121-6eb2-5e4a-af35-c55ad40ec191,승리,1/5/5
#8395337777,2026-09-26 00:46,88b9f221-d8c1-5594-a2f8-820fe8a4050c,승리,7/4/5
#8395337777,2026-09-26 00:46,aa91628d-1def-593d-862a-968b8287a439,승리,20/4/2
#8395337777,2026-09-26 00:46,bc7d9161-a7d7-559a-9a9f-ac3c63c6e84d,승리,0/4/19
#8395337777,2026-09-26 00:46,b374355f-b65d-52fe-990b-5e6accd3ae9c,패배,4/6/3
#8395337777,2026-09-26 00:46,cdf18188-08e4-5812-9741-ef6e5414333e,패배,6/7/5
#8395337777,2026-09-26 00:46,a2cff7d6-9172-5eb9-aa2d-56c3f2b0182f,패배,2/9/2
#8395337777,2026-09-26 00:46,41e09551-926a-5c0d-a51d-22e93e95d748,패배,3/8/3
#8395337777,2026-09-26 00:46,0b69abc1-a13f-5185-85f8-30968b3f5c08,패배,3/6/8
#8395410932,2026-09-26 01:35,1d7539b5-5566-57d4-b9cd-5158923a589d,승리,1/0/19
#8395410932,2026-09-26 01:35,bc7d9161-a7d7-559a-9a9f-ac3c63c6e84d,승리,3/4/1
#8395410932,2026-09-26 01:35,88b9f221-d8c1-5594-a2f8-820fe8a4050c,승리,8/1/5
#8395410932,2026-09-26 01:35,b374355f-b65d-52fe-990b-5e6accd3ae9c,승리,6/0/5
#8395410932,2026-09-26 01:35,a2cff7d6-9172-5eb9-aa2d-56c3f2b0182f,승리,12/3/7
#8395410932,2026-09-26 01:35,41e09551-926a-5c0d-a51d-22e93e95d748,패배,3/5/2
#8395410932,2026-09-26 01:35,cdf18188-08e4-5812-9741-ef6e5414333e,패배,3/6/1
#8395410932,2026-09-26 01:35,9cf20ad8-ea37-5c6b-a6f7-3b5d69dce526,패배,0/7/2
#8395410932,2026-09-26 01:35,aa91628d-1def-593d-862a-968b8287a439,패배,1/7/2
#8395410932,2026-09-26 01:35,0b69abc1-a13f-5185-85f8-30968b3f5c08,패배,1/5/4
#8395454911,2026-09-26 02:09,1d7539b5-5566-57d4-b9cd-5158923a589d,승리,3/2/10
#8395454911,2026-09-26 02:09,b374355f-b65d-52fe-990b-5e6accd3ae9c,승리,2/4/11
#8395454911,2026-09-26 02:09,a2cff7d6-9172-5eb9-aa2d-56c3f2b0182f,승리,6/2/5
#8395454911,2026-09-26 02:09,702dbc2f-105c-5ec9-b414-b980ad393153,승리,13/4/3
#8395454911,2026-09-26 02:09,bc7d9161-a7d7-559a-9a9f-ac3c63c6e84d,승리,0/3/16
#8395454911,2026-09-26 02:09,31e88dc8-bc4a-5b0e-b7f0-9d47bec34024,패배,2/6/1
#8395454911,2026-09-26 02:09,88b9f221-d8c1-5594-a2f8-820fe8a4050c,패배,8/7/4
#8395454911,2026-09-26 02:09,5b3bf88d-076a-5339-9317-e6e1ba821cad,패배,2/3/3
#8395454911,2026-09-26 02:09,aa91628d-1def-593d-862a-968b8287a439,패배,3/3/6
#8395454911,2026-09-26 02:09,9cf20ad8-ea37-5c6b-a6f7-3b5d69dce526,패배,0/5/10
#8395511298,2026-09-26 02:48,1d7539b5-5566-57d4-b9cd-5158923a589d,승리,8/6/3
#8395511298,2026-09-26 02:48,31e88dc8-bc4a-5b0e-b7f0-9d47bec34024,승리,8/6/2
#8395511298,2026-09-26 02:48,b374355f-b65d-52fe-990b-5e6accd3ae9c,승리,9/6/11
#8395511298,2026-09-26 02:48,5b3bf88d-076a-5339-9317-e6e1ba821cad,승리,10/6/15
#8395511298,2026-09-26 02:48,9cf20ad8-ea37-5c6b-a6f7-3b5d69dce526,승리,1/9/20
#8395511298,2026-09-26 02:48,aa91628d-1def-593d-862a-968b8287a439,패배,2/9/14
#8395511298,2026-09-26 02:48,88b9f221-d8c1-5594-a2f8-820fe8a4050c,패배,8/8/12
#8395511298,2026-09-26 02:48,a2cff7d6-9172-5eb9-aa2d-56c3f2b0182f,패배,16/4/7
#8395511298,2026-09-26 02:48,702dbc2f-105c-5ec9-b414-b980ad393153,패배,7/6/10
#8395511298,2026-09-26 02:48,bc7d9161-a7d7-559a-9a9f-ac3c63c6e84d,패배,0/9/19
#8395533889,2026-09-26 03:37,1d7539b5-5566-57d4-b9cd-5158923a589d,승리,1/8/29
#8395533889,2026-09-26 03:37,9cf20ad8-ea37-5c6b-a6f7-3b5d69dce526,패배,3/9/19
#8395533889,2026-09-26 03:37,88b9f221-d8c1-5594-a2f8-820fe8a4050c,패배,13/8/17
#8395533889,2026-09-26 03:37,a2cff7d6-9172-5eb9-aa2d-56c3f2b0182f,패배,14/9/12
#8395533889,2026-09-26 03:37,aa91628d-1def-593d-862a-968b8287a439,패배,8/8/18
#8395533889,2026-09-26 03:37,bc7d9161-a7d7-559a-9a9f-ac3c63c6e84d,패배,1/14/24
#8395533889,2026-09-26 03:37,31e88dc8-bc4a-5b0e-b7f0-9d47bec34024,승리,18/5/8
#8395533889,2026-09-26 03:37,b374355f-b65d-52fe-990b-5e6accd3ae9c,승리,11/6/26
#8395533889,2026-09-26 03:37,702dbc2f-105c-5ec9-b414-b980ad393153,승리,16/12/12
#8395533889,2026-09-26 03:37,5b3bf88d-076a-5339-9317-e6e1ba821cad,승리,2/8/19
#8395566666,2026-09-26 04:35,31e88dc8-bc4a-5b0e-b7f0-9d47bec34024,승리,9/3/8
#8395566666,2026-09-26 04:35,b374355f-b65d-52fe-990b-5e6accd3ae9c,승리,2/8/16
#8395566666,2026-09-26 04:35,7e2bfe82-2409-5da9-968b-246723d3b167,승리,6/2/9
#8395566666,2026-09-26 04:35,aa91628d-1def-593d-862a-968b8287a439,승리,10/4/5
#8395566666,2026-09-26 04:35,9cf20ad8-ea37-5c6b-a6f7-3b5d69dce526,승리,2/9/19
#8395566666,2026-09-26 04:35,3ee03b31-3cfa-5edc-9b02-a6f089749330,패배,3/8/2
#8395566666,2026-09-26 04:35,88b9f221-d8c1-5594-a2f8-820fe8a4050c,패배,8/5/8
#8395566666,2026-09-26 04:35,a2cff7d6-9172-5eb9-aa2d-56c3f2b0182f,패배,5/4/6
#8395566666,2026-09-26 04:35,5b3bf88d-076a-5339-9317-e6e1ba821cad,패배,9/2/7
#8395566666,2026-09-26 04:35,702dbc2f-105c-5ec9-b414-b980ad393153,패배,1/10/16
#8396295161,2026-09-26 19:06,7e2bfe82-2409-5da9-968b-246723d3b167,승리,8/1/6
#8396295161,2026-09-26 19:06,3e247e02-ecab-5b32-a0e2-6ded375a6e34,패배,1/3/0
#8396295161,2026-09-26 19:06,88b9f221-d8c1-5594-a2f8-820fe8a4050c,패배,0/4/1
#8396295161,2026-09-26 19:06,a2cff7d6-9172-5eb9-aa2d-56c3f2b0182f,패배,0/4/1
#8396295161,2026-09-26 19:06,702dbc2f-105c-5ec9-b414-b980ad393153,패배,1/3/0
#8396295161,2026-09-26 19:06,bc7d9161-a7d7-559a-9a9f-ac3c63c6e84d,패배,0/1/1
#8396295161,2026-09-26 19:06,9045a0a5-c836-5c5e-baeb-a879ec639cf4,승리,1/0/4
#8396295161,2026-09-26 19:06,c9372432-0fdc-5fd3-b8e6-cbb273ca03fd,승리,4/0/2
#8396295161,2026-09-26 19:06,aa91628d-1def-593d-862a-968b8287a439,승리,2/0/3
#8396295161,2026-09-26 19:06,cac75d28-bc8f-535a-9cba-80d88502dbd1,승리,0/1/4
#8396336413,2026-09-26 19:39,7e2bfe82-2409-5da9-968b-246723d3b167,승리,4/5/15
#8396336413,2026-09-26 19:39,c9372432-0fdc-5fd3-b8e6-cbb273ca03fd,패배,4/7/2
#8396336413,2026-09-26 19:39,cac75d28-bc8f-535a-9cba-80d88502dbd1,패배,2/7/13
#8396336413,2026-09-26 19:39,a2cff7d6-9172-5eb9-aa2d-56c3f2b0182f,패배,5/8/6
#8396336413,2026-09-26 19:39,aa91628d-1def-593d-862a-968b8287a439,패배,10/7/5
#8396336413,2026-09-26 19:39,9045a0a5-c836-5c5e-baeb-a879ec639cf4,패배,1/10/12
#8396336413,2026-09-26 19:39,702dbc2f-105c-5ec9-b414-b980ad393153,승리,14/3/10
#8396336413,2026-09-26 19:39,bc7d9161-a7d7-559a-9a9f-ac3c63c6e84d,승리,4/4/24
#8396336413,2026-09-26 19:39,3e247e02-ecab-5b32-a0e2-6ded375a6e34,승리,3/5/17
#8396336413,2026-09-26 19:39,88b9f221-d8c1-5594-a2f8-820fe8a4050c,승리,14/5/11
#8396391893,2026-09-26 20:22,7e2bfe82-2409-5da9-968b-246723d3b167,패배,4/6/7
#8396391893,2026-09-26 20:22,cac75d28-bc8f-535a-9cba-80d88502dbd1,패배,1/5/3
#8396391893,2026-09-26 20:22,bc7d9161-a7d7-559a-9a9f-ac3c63c6e84d,패배,1/7/3
#8396391893,2026-09-26 20:22,c9372432-0fdc-5fd3-b8e6-cbb273ca03fd,패배,4/5/5
#8396391893,2026-09-26 20:22,9045a0a5-c836-5c5e-baeb-a879ec639cf4,패배,3/4/7
#8396391893,2026-09-26 20:22,3e247e02-ecab-5b32-a0e2-6ded375a6e34,승리,5/1/13
#8396391893,2026-09-26 20:22,88b9f221-d8c1-5594-a2f8-820fe8a4050c,승리,8/1/12
#8396391893,2026-09-26 20:22,702dbc2f-105c-5ec9-b414-b980ad393153,승리,3/4/13
#8396391893,2026-09-26 20:22,a2cff7d6-9172-5eb9-aa2d-56c3f2b0182f,승리,8/4/5
#8396391893,2026-09-26 20:22,aa91628d-1def-593d-862a-968b8287a439,승리,3/3/14
#8396471626,2026-09-26 21:03,0a7b4119-42e6-502f-afa3-80e33dde1025,승리,5/0/4
#8396471626,2026-09-26 21:03,3e247e02-ecab-5b32-a0e2-6ded375a6e34,패배,1/2/0
#8396471626,2026-09-26 21:03,88b9f221-d8c1-5594-a2f8-820fe8a4050c,패배,0/5/0
#8396471626,2026-09-26 21:03,7e2bfe82-2409-5da9-968b-246723d3b167,패배,0/6/0
#8396471626,2026-09-26 21:03,aa91628d-1def-593d-862a-968b8287a439,패배,0/3/0
#8396471626,2026-09-26 21:03,9045a0a5-c836-5c5e-baeb-a879ec639cf4,패배,0/4/0
#8396471626,2026-09-26 21:03,702dbc2f-105c-5ec9-b414-b980ad393153,승리,2/1/0
#8396471626,2026-09-26 21:03,bc7d9161-a7d7-559a-9a9f-ac3c63c6e84d,승리,4/0/4
#8396471626,2026-09-26 21:03,a2cff7d6-9172-5eb9-aa2d-56c3f2b0182f,승리,9/0/2
#8396471626,2026-09-26 21:03,cac75d28-bc8f-535a-9cba-80d88502dbd1,승리,0/0/9
#8396535577,2026-09-26 21:35,0a7b4119-42e6-502f-afa3-80e33dde1025,승리,2/2/10
#8396535577,2026-09-26 21:35,aa91628d-1def-593d-862a-968b8287a439,승리,4/1/6
#8396535577,2026-09-26 21:35,88b9f221-d8c1-5594-a2f8-820fe8a4050c,승리,12/0/2
#8396535577,2026-09-26 21:35,32648f54-7e5b-571b-87d1-ee6ffdc14f5d,승리,9/2/5
#8396535577,2026-09-26 21:35,a2cff7d6-9172-5eb9-aa2d-56c3f2b0182f,승리,4/5/15
#8396535577,2026-09-26 21:35,aa2fbfdd-c17f-5e1b-a04e-8567e1c45d5e,패배,0/5/1
#8396535577,2026-09-26 21:35,bc7d9161-a7d7-559a-9a9f-ac3c63c6e84d,패배,3/5/2
#8396535577,2026-09-26 21:35,7e2bfe82-2409-5da9-968b-246723d3b167,패배,2/6/0
#8396535577,2026-09-26 21:35,702dbc2f-105c-5ec9-b414-b980ad393153,패배,4/8/3
#8396535577,2026-09-26 21:35,cac75d28-bc8f-535a-9cba-80d88502dbd1,패배,1/7/4
#8396599429,2026-09-26 22:05,0a7b4119-42e6-502f-afa3-80e33dde1025,승리,5/2/10
#8396599429,2026-09-26 22:05,aa91628d-1def-593d-862a-968b8287a439,승리,4/4/11
#8396599429,2026-09-26 22:05,a2cff7d6-9172-5eb9-aa2d-56c3f2b0182f,승리,9/4/9
#8396599429,2026-09-26 22:05,32648f54-7e5b-571b-87d1-ee6ffdc14f5d,승리,12/0/5
#8396599429,2026-09-26 22:05,bc7d9161-a7d7-559a-9a9f-ac3c63c6e84d,승리,1/2/15
#8396599429,2026-09-26 22:05,7e2bfe82-2409-5da9-968b-246723d3b167,패배,5/6/2
#8396599429,2026-09-26 22:05,88b9f221-d8c1-5594-a2f8-820fe8a4050c,패배,3/5/2
#8396599429,2026-09-26 22:05,702dbc2f-105c-5ec9-b414-b980ad393153,패배,2/9/0
#8396599429,2026-09-26 22:05,cac75d28-bc8f-535a-9cba-80d88502dbd1,패배,1/5/3
#8396599429,2026-09-26 22:05,aa2fbfdd-c17f-5e1b-a04e-8567e1c45d5e,패배,0/6/2
#8396683534,2026-09-26 22:44,0a7b4119-42e6-502f-afa3-80e33dde1025,승리,5/5/1
#8396683534,2026-09-26 22:44,bc7d9161-a7d7-559a-9a9f-ac3c63c6e84d,패배,1/5/1
#8396683534,2026-09-26 22:44,88b9f221-d8c1-5594-a2f8-820fe8a4050c,패배,7/5/5
#8396683534,2026-09-26 22:44,a2cff7d6-9172-5eb9-aa2d-56c3f2b0182f,패배,5/5/5
#8396683534,2026-09-26 22:44,32648f54-7e5b-571b-87d1-ee6ffdc14f5d,패배,2/6/8
#8396683534,2026-09-26 22:44,cac75d28-bc8f-535a-9cba-80d88502dbd1,패배,0/6/8
#8396683534,2026-09-26 22:44,7e2bfe82-2409-5da9-968b-246723d3b167,승리,6/2/1
#8396683534,2026-09-26 22:44,aa2fbfdd-c17f-5e1b-a04e-8567e1c45d5e,승리,3/2/5
#8396683534,2026-09-26 22:44,702dbc2f-105c-5ec9-b414-b980ad393153,승리,13/2/4
#8396683534,2026-09-26 22:44,aa91628d-1def-593d-862a-968b8287a439,승리,0/4/13
#8396758718,2026-09-26 23:21,0a7b4119-42e6-502f-afa3-80e33dde1025,승리,5/10/12
#8396758718,2026-09-26 23:21,aa91628d-1def-593d-862a-968b8287a439,승리,16/12/15
#8396758718,2026-09-26 23:21,88b9f221-d8c1-5594-a2f8-820fe8a4050c,승리,5/10/23
#8396758718,2026-09-26 23:21,a2cff7d6-9172-5eb9-aa2d-56c3f2b0182f,승리,25/7/15
#8396758718,2026-09-26 23:21,bc7d9161-a7d7-559a-9a9f-ac3c63c6e84d,승리,3/14/28
#8396758718,2026-09-26 23:21,7e2bfe82-2409-5da9-968b-246723d3b167,패배,26/11/9
#8396758718,2026-09-26 23:21,702dbc2f-105c-5ec9-b414-b980ad393153,패배,10/10/26
#8396758718,2026-09-26 23:21,26583f10-50a4-5f03-b49b-8c3d8acfac5d,패배,11/11/19
#8396758718,2026-09-26 23:21,5e13fc05-ff0c-5435-80dd-63bbd252f467,패배,6/11/11
#8396758718,2026-09-26 23:21,cac75d28-bc8f-535a-9cba-80d88502dbd1,패배,0/11/27
#8396871947,2026-09-27 00:16,0a7b4119-42e6-502f-afa3-80e33dde1025,패배,5/6/4
#8396871947,2026-09-27 00:16,7e2bfe82-2409-5da9-968b-246723d3b167,패배,10/3/1
#8396871947,2026-09-27 00:16,88b9f221-d8c1-5594-a2f8-820fe8a4050c,패배,2/7/3
#8396871947,2026-09-27 00:16,aa91628d-1def-593d-862a-968b8287a439,패배,3/7/4
#8396871947,2026-09-27 00:16,bc7d9161-a7d7-559a-9a9f-ac3c63c6e84d,패배,0/7/9
#8396871947,2026-09-27 00:16,5e13fc05-ff0c-5435-80dd-63bbd252f467,승리,4/4/4
#8396871947,2026-09-27 00:16,702dbc2f-105c-5ec9-b414-b980ad393153,승리,7/4/12
#8396871947,2026-09-27 00:16,26583f10-50a4-5f03-b49b-8c3d8acfac5d,승리,4/4/11
#8396871947,2026-09-27 00:16,a2cff7d6-9172-5eb9-aa2d-56c3f2b0182f,승리,13/5/10
#8396871947,2026-09-27 00:16,cac75d28-bc8f-535a-9cba-80d88502dbd1,승리,1/3/19
#8396957866,2026-09-27 01:00,7e2bfe82-2409-5da9-968b-246723d3b167,패배,2/6/3
#8396957866,2026-09-27 01:00,f6913164-7a0a-5d4f-a898-54665431820b,승리,5/0/9
#8396957866,2026-09-27 01:00,88b9f221-d8c1-5594-a2f8-820fe8a4050c,승리,7/0/13
#8396957866,2026-09-27 01:00,a2cff7d6-9172-5eb9-aa2d-56c3f2b0182f,승리,9/1/9
#8396957866,2026-09-27 01:00,33d4446b-a1b9-5b44-ae8a-2009b77218d4,승리,4/5/7
#8396957866,2026-09-27 01:00,bc7d9161-a7d7-559a-9a9f-ac3c63c6e84d,승리,2/4/15
#8396957866,2026-09-27 01:00,26583f10-50a4-5f03-b49b-8c3d8acfac5d,패배,0/4/0
#8396957866,2026-09-27 01:00,5e13fc05-ff0c-5435-80dd-63bbd252f467,패배,0/8/4
#8396957866,2026-09-27 01:00,aa91628d-1def-593d-862a-968b8287a439,패배,8/3/0
#8396957866,2026-09-27 01:00,cac75d28-bc8f-535a-9cba-80d88502dbd1,패배,0/6/8
#8397038228,2026-09-27 01:38,7e2bfe82-2409-5da9-968b-246723d3b167,승리,7/6/6
#8397038228,2026-09-27 01:38,015afc84-5281-50ca-bbd0-3773fe9d3b2f,패배,6/6/5
#8397038228,2026-09-27 01:38,88b9f221-d8c1-5594-a2f8-820fe8a4050c,패배,9/5/10
#8397038228,2026-09-27 01:38,f6913164-7a0a-5d4f-a898-54665431820b,패배,5/8/9
#8397038228,2026-09-27 01:38,33d4446b-a1b9-5b44-ae8a-2009b77218d4,패배,3/9/6
#8397038228,2026-09-27 01:38,a2cff7d6-9172-5eb9-aa2d-56c3f2b0182f,패배,2/7/12
#8397038228,2026-09-27 01:38,b5380629-d74b-5796-8e72-98a060d864de,승리,4/5/9
#8397038228,2026-09-27 01:38,f691451d-87d3-5db5-94cf-22971436cf70,승리,13/5/8
#8397038228,2026-09-27 01:38,5e13fc05-ff0c-5435-80dd-63bbd252f467,승리,10/5/14
#8397038228,2026-09-27 01:38,cac75d28-bc8f-535a-9cba-80d88502dbd1,승리,0/4/17
#8397084664,2026-09-27 02:19,7e2bfe82-2409-5da9-968b-246723d3b167,승리,3/0/4
#8397084664,2026-09-27 02:19,f6913164-7a0a-5d4f-a898-54665431820b,패배,0/4/0
#8397084664,2026-09-27 02:19,88b9f221-d8c1-5594-a2f8-820fe8a4050c,패배,1/4/1
#8397084664,2026-09-27 02:19,a2cff7d6-9172-5eb9-aa2d-56c3f2b0182f,패배,1/6/1
#8397084664,2026-09-27 02:19,015afc84-5281-50ca-bbd0-3773fe9d3b2f,패배,0/5/0
#8397084664,2026-09-27 02:19,b5380629-d74b-5796-8e72-98a060d864de,패배,0/4/0
#8397084664,2026-09-27 02:19,5e13fc05-ff0c-5435-80dd-63bbd252f467,승리,3/0/8
#8397084664,2026-09-27 02:19,f691451d-87d3-5db5-94cf-22971436cf70,승리,7/2/2
#8397084664,2026-09-27 02:19,33d4446b-a1b9-5b44-ae8a-2009b77218d4,승리,9/0/1
#8397084664,2026-09-27 02:19,cac75d28-bc8f-535a-9cba-80d88502dbd1,승리,0/0/10
#8397132023,2026-09-27 02:48,7e2bfe82-2409-5da9-968b-246723d3b167,패배,9/7/2
#8397132023,2026-09-27 02:48,b5380629-d74b-5796-8e72-98a060d864de,승리,8/7/8
#8397132023,2026-09-27 02:48,88b9f221-d8c1-5594-a2f8-820fe8a4050c,승리,11/2/10
#8397132023,2026-09-27 02:48,a2cff7d6-9172-5eb9-aa2d-56c3f2b0182f,승리,12/3/10
#8397132023,2026-09-27 02:48,f6913164-7a0a-5d4f-a898-54665431820b,승리,3/3/14
#8397132023,2026-09-27 02:48,f691451d-87d3-5db5-94cf-22971436cf70,승리,3/2/11
#8397132023,2026-09-27 02:48,5e13fc05-ff0c-5435-80dd-63bbd252f467,패배,1/9/10
#8397132023,2026-09-27 02:48,33d4446b-a1b9-5b44-ae8a-2009b77218d4,패배,1/9/2
#8397132023,2026-09-27 02:48,015afc84-5281-50ca-bbd0-3773fe9d3b2f,패배,5/8/3
#8397132023,2026-09-27 02:48,cac75d28-bc8f-535a-9cba-80d88502dbd1,패배,1/4/7
#8397165370,2026-09-27 03:33,7e2bfe82-2409-5da9-968b-246723d3b167,패배,9/7/3
#8397165370,2026-09-27 03:33,33d4446b-a1b9-5b44-ae8a-2009b77218d4,승리,6/3/11
#8397165370,2026-09-27 03:33,b5380629-d74b-5796-8e72-98a060d864de,승리,15/5/9
#8397165370,2026-09-27 03:33,5e13fc05-ff0c-5435-80dd-63bbd252f467,승리,5/6/11
#8397165370,2026-09-27 03:33,ed8978a8-07b5-54e9-9fbb-76ceaa625ec8,승리,11/2/14
#8397165370,2026-09-27 03:33,cac75d28-bc8f-535a-9cba-80d88502dbd1,승리,3/6/22
#8397165370,2026-09-27 03:33,f691451d-87d3-5db5-94cf-22971436cf70,패배,2/7/4
#8397165370,2026-09-27 03:33,88b9f221-d8c1-5594-a2f8-820fe8a4050c,패배,4/4/8
#8397165370,2026-09-27 03:33,015afc84-5281-50ca-bbd0-3773fe9d3b2f,패배,6/11/3
#8397165370,2026-09-27 03:33,aa91628d-1def-593d-862a-968b8287a439,패배,1/11/12
#8397190451,2026-09-27 04:19,015afc84-5281-50ca-bbd0-3773fe9d3b2f,패배,5/8/4
#8397190451,2026-09-27 04:19,b5380629-d74b-5796-8e72-98a060d864de,패배,5/7/3
#8397190451,2026-09-27 04:19,5e13fc05-ff0c-5435-80dd-63bbd252f467,패배,2/7/9
#8397190451,2026-09-27 04:19,ed8978a8-07b5-54e9-9fbb-76ceaa625ec8,패배,2/8/6
#8397190451,2026-09-27 04:19,cac75d28-bc8f-535a-9cba-80d88502dbd1,패배,1/7/6
#8397190451,2026-09-27 04:19,33d4446b-a1b9-5b44-ae8a-2009b77218d4,승리,7/4/9
#8397190451,2026-09-27 04:19,f691451d-87d3-5db5-94cf-22971436cf70,승리,10/4/12
#8397190451,2026-09-27 04:19,88b9f221-d8c1-5594-a2f8-820fe8a4050c,승리,3/3/13
#8397190451,2026-09-27 04:19,7e2bfe82-2409-5da9-968b-246723d3b167,승리,16/0/12
#8397190451,2026-09-27 04:19,aa91628d-1def-593d-862a-968b8287a439,승리,1/4/22
#8397200834,2026-09-27 05:07,015afc84-5281-50ca-bbd0-3773fe9d3b2f,패배,8/11/9
#8397200834,2026-09-27 05:07,88b9f221-d8c1-5594-a2f8-820fe8a4050c,패배,3/8/7
#8397200834,2026-09-27 05:07,7e2bfe82-2409-5da9-968b-246723d3b167,패배,10/5/6
#8397200834,2026-09-27 05:07,ed8978a8-07b5-54e9-9fbb-76ceaa625ec8,패배,6/8/5
#8397200834,2026-09-27 05:07,b5380629-d74b-5796-8e72-98a060d864de,패배,3/9/10
#8397200834,2026-09-27 05:07,5e13fc05-ff0c-5435-80dd-63bbd252f467,승리,6/4/15
#8397200834,2026-09-27 05:07,33d4446b-a1b9-5b44-ae8a-2009b77218d4,승리,5/6/17
#8397200834,2026-09-27 05:07,f691451d-87d3-5db5-94cf-22971436cf70,승리,15/7/6
#8397200834,2026-09-27 05:07,3ecbcaa4-8cf5-5e3f-94c0-89d8af23ee8b,승리,15/3/7
#8397200834,2026-09-27 05:07,aa91628d-1def-593d-862a-968b8287a439,승리,0/10/20
#8398062905,2026-09-27 20:20,d4ed9d18-939c-549c-92bc-c2accb63a5f0,승리,9/3/7
#8398062905,2026-09-27 20:20,5b3bf88d-076a-5339-9317-e6e1ba821cad,승리,4/4/16
#8398062905,2026-09-27 20:20,f5b1b3fc-5819-512f-8fc4-1e3f12e480f4,승리,2/2/15
#8398062905,2026-09-27 20:20,aa91628d-1def-593d-862a-968b8287a439,승리,16/6/9
#8398062905,2026-09-27 20:20,898843b8-3f65-555f-9dcb-d566ebcd206e,승리,3/3/20
#8398062905,2026-09-27 20:20,88b9f221-d8c1-5594-a2f8-820fe8a4050c,패배,1/4/5
#8398062905,2026-09-27 20:20,30b8a5b1-1f16-5bc1-aa73-125e56aa560c,패배,4/8/8
#8398062905,2026-09-27 20:20,c9372432-0fdc-5fd3-b8e6-cbb273ca03fd,패배,6/3/7
#8398062905,2026-09-27 20:20,48a9676c-6f4a-5dfb-9a36-fca24b95153a,패배,6/12/5
#8398062905,2026-09-27 20:20,bc7d9161-a7d7-559a-9a9f-ac3c63c6e84d,패배,1/7/15
#8398065937,2026-09-27 20:21,0a7b4119-42e6-502f-afa3-80e33dde1025,승리,3/8/13
#8398065937,2026-09-27 20:21,f77ab658-de62-52da-a1e5-3a0b018e1495,패배,7/6/8
#8398065937,2026-09-27 20:21,e25a31d2-835a-56f0-9cce-fd4438f88124,패배,7/7/9
#8398065937,2026-09-27 20:21,2988b6ec-4d8c-5cf7-88ea-be08c42a1416,패배,9/10/8
#8398065937,2026-09-27 20:21,1197e8f5-daec-5145-854e-a6f73237afc8,패배,3/7/8
#8398065937,2026-09-27 20:21,9045a0a5-c836-5c5e-baeb-a879ec639cf4,패배,2/6/16
#8398065937,2026-09-27 20:21,7e2bfe82-2409-5da9-968b-246723d3b167,승리,6/6/13
#8398065937,2026-09-27 20:21,671680a6-c5c8-5457-a92b-91f0c83bfb91,승리,16/3/11
#8398065937,2026-09-27 20:21,606f28cb-0a7f-5055-937b-038613f448a9,승리,8/7/12
#8398065937,2026-09-27 20:21,af3c1609-d379-52f6-98b7-fe36b0ce25ea,승리,3/4/24
#8398068964,2026-09-27 20:24,d0de6aaa-74d5-5d76-9dc5-38d2b24ce1d6,패배,2/8/3
#8398068964,2026-09-27 20:24,f691451d-87d3-5db5-94cf-22971436cf70,패배,3/6/10
#8398068964,2026-09-27 20:24,cdbeeaa3-2d54-5732-8cbe-e5643e6561f4,패배,2/6/8
#8398068964,2026-09-27 20:24,fc0f19c9-c655-5915-ad47-0ef0d2bff998,패배,9/8/5
#8398068964,2026-09-27 20:24,d1be77cf-ec1d-5f75-a245-1313608cae4d,패배,0/7/14
#8398068964,2026-09-27 20:24,015afc84-5281-50ca-bbd0-3773fe9d3b2f,승리,9/3/15
#8398068964,2026-09-27 20:24,ce01c0d8-8ebf-57c1-b433-88aa89739103,승리,8/4/10
#8398068964,2026-09-27 20:24,7a8ba539-7e36-5ebc-8c84-affc83acb409,승리,7/2/13
#8398068964,2026-09-27 20:24,04bae512-786a-57b8-9080-f818034e533f,승리,11/3/13
#8398068964,2026-09-27 20:24,73291f2a-d93a-59c4-8627-10679a8932a6,승리,0/4/25
#8398162331,2026-09-27 21:06,88b9f221-d8c1-5594-a2f8-820fe8a4050c,승리,2/4/1
#8398162331,2026-09-27 21:06,c9372432-0fdc-5fd3-b8e6-cbb273ca03fd,승리,7/1/5
#8398162331,2026-09-27 21:06,30b8a5b1-1f16-5bc1-aa73-125e56aa560c,승리,6/3/13
#8398162331,2026-09-27 21:06,48a9676c-6f4a-5dfb-9a36-fca24b95153a,승리,9/1/8
#8398162331,2026-09-27 21:06,bc7d9161-a7d7-559a-9a9f-ac3c63c6e84d,승리,1/1/18
#8398162331,2026-09-27 21:06,d4ed9d18-939c-549c-92bc-c2accb63a5f0,패배,4/4/2
#8398162331,2026-09-27 21:06,5b3bf88d-076a-5339-9317-e6e1ba821cad,패배,5/5/0
#8398162331,2026-09-27 21:06,f5b1b3fc-5819-512f-8fc4-1e3f12e480f4,패배,0/4/5
#8398162331,2026-09-27 21:06,aa91628d-1def-593d-862a-968b8287a439,패배,1/6/2
#8398162331,2026-09-27 21:06,898843b8-3f65-555f-9dcb-d566ebcd206e,패배,0/6/5
#8398161596,2026-09-27 21:07,0a7b4119-42e6-502f-afa3-80e33dde1025,승리,8/9/8
#8398161596,2026-09-27 21:07,7e2bfe82-2409-5da9-968b-246723d3b167,승리,7/4/11
#8398161596,2026-09-27 21:07,671680a6-c5c8-5457-a92b-91f0c83bfb91,승리,6/4/21
#8398161596,2026-09-27 21:07,606f28cb-0a7f-5055-937b-038613f448a9,승리,7/2/16
#8398161596,2026-09-27 21:07,af3c1609-d379-52f6-98b7-fe36b0ce25ea,승리,4/3/19
#8398161596,2026-09-27 21:07,f77ab658-de62-52da-a1e5-3a0b018e1495,패배,2/5/5
#8398161596,2026-09-27 21:07,e25a31d2-835a-56f0-9cce-fd4438f88124,패배,4/7/9
#8398161596,2026-09-27 21:07,2988b6ec-4d8c-5cf7-88ea-be08c42a1416,패배,3/8/11
#8398161596,2026-09-27 21:07,1197e8f5-daec-5145-854e-a6f73237afc8,패배,13/7/5
#8398161596,2026-09-27 21:07,9045a0a5-c836-5c5e-baeb-a879ec639cf4,패배,0/5/14
#8398085460,2026-09-27 20:25,aa2fbfdd-c17f-5e1b-a04e-8567e1c45d5e,승리,6/6/11
#8398085460,2026-09-27 20:25,702dbc2f-105c-5ec9-b414-b980ad393153,승리,9/6/12
#8398085460,2026-09-27 20:25,33d4446b-a1b9-5b44-ae8a-2009b77218d4,승리,5/4/19
#8398085460,2026-09-27 20:25,4aa66eba-e75c-5e2e-8981-3451f6f89d18,승리,14/4/12
#8398085460,2026-09-27 20:25,dd292162-22fe-59b5-9f3e-7dc56a96567d,승리,2/5/21
#8398085460,2026-09-27 20:25,15e34f7e-6eb9-5638-b11d-47284ddad510,패배,4/5/9
#8398085460,2026-09-27 20:25,108ad62e-8642-5e2e-88b4-f0cc8b19efa4,패배,3/8/11
#8398085460,2026-09-27 20:25,79079bf7-8099-53bc-93f8-ea308ffd9170,패배,6/10/11
#8398085460,2026-09-27 20:25,32648f54-7e5b-571b-87d1-ee6ffdc14f5d,패배,9/7/2
#8398085460,2026-09-27 20:25,1d7539b5-5566-57d4-b9cd-5158923a589d,패배,3/6/13
#8398175163,2026-09-27 21:11,015afc84-5281-50ca-bbd0-3773fe9d3b2f,패배,0/5/0
#8398175163,2026-09-27 21:11,ce01c0d8-8ebf-57c1-b433-88aa89739103,패배,0/4/1
#8398175163,2026-09-27 21:11,7a8ba539-7e36-5ebc-8c84-affc83acb409,패배,0/3/0
#8398175163,2026-09-27 21:11,04bae512-786a-57b8-9080-f818034e533f,패배,1/4/0
#8398175163,2026-09-27 21:11,73291f2a-d93a-59c4-8627-10679a8932a6,패배,0/3/1
#8398175163,2026-09-27 21:11,d0de6aaa-74d5-5d76-9dc5-38d2b24ce1d6,승리,5/0/4
#8398175163,2026-09-27 21:11,f691451d-87d3-5db5-94cf-22971436cf70,승리,8/0/4
#8398175163,2026-09-27 21:11,cdbeeaa3-2d54-5732-8cbe-e5643e6561f4,승리,1/0/3
#8398175163,2026-09-27 21:11,fc0f19c9-c655-5915-ad47-0ef0d2bff998,승리,4/0/5
#8398175163,2026-09-27 21:11,d1be77cf-ec1d-5f75-a245-1313608cae4d,승리,1/1/7
#8398230387,2026-09-27 21:40,d0de6aaa-74d5-5d76-9dc5-38d2b24ce1d6,패배,4/6/5
#8398230387,2026-09-27 21:40,f691451d-87d3-5db5-94cf-22971436cf70,패배,6/8/9
#8398230387,2026-09-27 21:40,cdbeeaa3-2d54-5732-8cbe-e5643e6561f4,패배,4/7/10
#8398230387,2026-09-27 21:40,fc0f19c9-c655-5915-ad47-0ef0d2bff998,패배,5/11/8
#8398230387,2026-09-27 21:40,d1be77cf-ec1d-5f75-a245-1313608cae4d,패배,1/10/14
#8398230387,2026-09-27 21:40,015afc84-5281-50ca-bbd0-3773fe9d3b2f,승리,11/3/10
#8398230387,2026-09-27 21:40,ce01c0d8-8ebf-57c1-b433-88aa89739103,승리,11/2/13
#8398230387,2026-09-27 21:40,7a8ba539-7e36-5ebc-8c84-affc83acb409,승리,6/4/25
#8398230387,2026-09-27 21:40,04bae512-786a-57b8-9080-f818034e533f,승리,13/6/22
#8398230387,2026-09-27 21:40,73291f2a-d93a-59c4-8627-10679a8932a6,승리,1/5/33
#8398224995,2026-09-27 21:46,d4ed9d18-939c-549c-92bc-c2accb63a5f0,패배,10/3/6
#8398224995,2026-09-27 21:46,f5b1b3fc-5819-512f-8fc4-1e3f12e480f4,패배,3/8/15
#8398224995,2026-09-27 21:46,5b3bf88d-076a-5339-9317-e6e1ba821cad,패배,4/5/14
#8398224995,2026-09-27 21:46,aa91628d-1def-593d-862a-968b8287a439,패배,9/6/9
#8398224995,2026-09-27 21:46,898843b8-3f65-555f-9dcb-d566ebcd206e,패배,1/6/17
#8398224995,2026-09-27 21:46,88b9f221-d8c1-5594-a2f8-820fe8a4050c,승리,4/6/6
#8398224995,2026-09-27 21:46,c9372432-0fdc-5fd3-b8e6-cbb273ca03fd,승리,8/3/10
#8398224995,2026-09-27 21:46,30b8a5b1-1f16-5bc1-aa73-125e56aa560c,승리,8/5/8
#8398224995,2026-09-27 21:46,48a9676c-6f4a-5dfb-9a36-fca24b95153a,승리,6/7/10
#8398224995,2026-09-27 21:46,bc7d9161-a7d7-559a-9a9f-ac3c63c6e84d,승리,2/6/14
#8398189029,2026-09-27 21:14,15e34f7e-6eb9-5638-b11d-47284ddad510,패배,2/8/9
#8398189029,2026-09-27 21:14,108ad62e-8642-5e2e-88b4-f0cc8b19efa4,패배,4/6/12
#8398189029,2026-09-27 21:14,79079bf7-8099-53bc-93f8-ea308ffd9170,패배,11/6/3
#8398189029,2026-09-27 21:14,32648f54-7e5b-571b-87d1-ee6ffdc14f5d,패배,1/10/12
#8398189029,2026-09-27 21:14,1d7539b5-5566-57d4-b9cd-5158923a589d,패배,3/5/15
#8398189029,2026-09-27 21:14,aa2fbfdd-c17f-5e1b-a04e-8567e1c45d5e,승리,5/4/8
#8398189029,2026-09-27 21:14,702dbc2f-105c-5ec9-b414-b980ad393153,승리,10/4/12
#8398189029,2026-09-27 21:14,33d4446b-a1b9-5b44-ae8a-2009b77218d4,승리,7/5/13
#8398189029,2026-09-27 21:14,4aa66eba-e75c-5e2e-8981-3451f6f89d18,승리,12/4/8
#8398189029,2026-09-27 21:14,dd292162-22fe-59b5-9f3e-7dc56a96567d,승리,1/4/17
#8398252807,2026-09-27 21:55,0a7b4119-42e6-502f-afa3-80e33dde1025,패배,2/8/5
#8398252807,2026-09-27 21:55,702dbc2f-105c-5ec9-b414-b980ad393153,승리,2/3/9
#8398252807,2026-09-27 21:55,4aa66eba-e75c-5e2e-8981-3451f6f89d18,승리,7/3/11
#8398252807,2026-09-27 21:55,aa2fbfdd-c17f-5e1b-a04e-8567e1c45d5e,승리,2/3/16
#8398252807,2026-09-27 21:55,33d4446b-a1b9-5b44-ae8a-2009b77218d4,승리,15/4/4
#8398252807,2026-09-27 21:55,dd292162-22fe-59b5-9f3e-7dc56a96567d,승리,1/3/21
#8398252807,2026-09-27 21:55,7e2bfe82-2409-5da9-968b-246723d3b167,패배,3/6/5
#8398252807,2026-09-27 21:55,671680a6-c5c8-5457-a92b-91f0c83bfb91,패배,7/3/4
#8398252807,2026-09-27 21:55,606f28cb-0a7f-5055-937b-038613f448a9,패배,2/5/5
#8398252807,2026-09-27 21:55,af3c1609-d379-52f6-98b7-fe36b0ce25ea,패배,2/5/8
#8398353540,2026-09-27 22:42,88b9f221-d8c1-5594-a2f8-820fe8a4050c,패배,3/7/3
#8398353540,2026-09-27 22:42,30b8a5b1-1f16-5bc1-aa73-125e56aa560c,패배,2/7/3
#8398353540,2026-09-27 22:42,c9372432-0fdc-5fd3-b8e6-cbb273ca03fd,패배,3/7/1
#8398353540,2026-09-27 22:42,48a9676c-6f4a-5dfb-9a36-fca24b95153a,패배,1/7/2
#8398353540,2026-09-27 22:42,bc7d9161-a7d7-559a-9a9f-ac3c63c6e84d,패배,0/7/3
#8398353540,2026-09-27 22:42,015afc84-5281-50ca-bbd0-3773fe9d3b2f,승리,8/6/7
#8398353540,2026-09-27 22:42,ce01c0d8-8ebf-57c1-b433-88aa89739103,승리,8/0/17
#8398353540,2026-09-27 22:42,7a8ba539-7e36-5ebc-8c84-affc83acb409,승리,4/1/20
#8398353540,2026-09-27 22:42,04bae512-786a-57b8-9080-f818034e533f,승리,15/0/8
#8398353540,2026-09-27 22:42,73291f2a-d93a-59c4-8627-10679a8932a6,승리,0/2/24
#8398368645,2026-09-27 22:55,571b9bb0-8cd9-5b9e-81e6-814b49141ad4,승리,7/6/16
#8398368645,2026-09-27 22:55,676f3610-d9c9-5727-a5bd-d93aac82cad2,패배,3/8/11
#8398368645,2026-09-27 22:55,c2a8194b-cccc-5bba-bac3-a20a7086b973,패배,13/5/7
#8398368645,2026-09-27 22:55,f691451d-87d3-5db5-94cf-22971436cf70,패배,9/6/9
#8398368645,2026-09-27 22:55,1197e8f5-daec-5145-854e-a6f73237afc8,패배,4/9/7
#8398368645,2026-09-27 22:55,671680a6-c5c8-5457-a92b-91f0c83bfb91,패배,3/6/15
#8398368645,2026-09-27 22:55,7e2bfe82-2409-5da9-968b-246723d3b167,승리,5/6/14
#8398368645,2026-09-27 22:55,f6913164-7a0a-5d4f-a898-54665431820b,승리,5/9/17
#8398368645,2026-09-27 22:55,aa91628d-1def-593d-862a-968b8287a439,승리,15/5/10
#8398368645,2026-09-27 22:55,15e34f7e-6eb9-5638-b11d-47284ddad510,승리,1/6/20
#8398439606,2026-09-27 23:25,aa2fbfdd-c17f-5e1b-a04e-8567e1c45d5e,승리,4/1/7
#8398439606,2026-09-27 23:25,702dbc2f-105c-5ec9-b414-b980ad393153,승리,6/4/8
#8398439606,2026-09-27 23:25,33d4446b-a1b9-5b44-ae8a-2009b77218d4,승리,3/1/7
#8398439606,2026-09-27 23:25,4aa66eba-e75c-5e2e-8981-3451f6f89d18,승리,10/0/10
#8398439606,2026-09-27 23:25,dd292162-22fe-59b5-9f3e-7dc56a96567d,승리,1/0/17
#8398439606,2026-09-27 23:25,7a8ba539-7e36-5ebc-8c84-affc83acb409,패배,0/4/2
#8398439606,2026-09-27 23:25,ce01c0d8-8ebf-57c1-b433-88aa89739103,패배,2/5/1
#8398439606,2026-09-27 23:25,015afc84-5281-50ca-bbd0-3773fe9d3b2f,패배,2/5/4
#8398439606,2026-09-27 23:25,04bae512-786a-57b8-9080-f818034e533f,패배,2/5/2
#8398439606,2026-09-27 23:25,73291f2a-d93a-59c4-8627-10679a8932a6,패배,0/5/3
#8398472753,2026-09-27 23:51,571b9bb0-8cd9-5b9e-81e6-814b49141ad4,패배,6/5/4
#8398472753,2026-09-27 23:51,676f3610-d9c9-5727-a5bd-d93aac82cad2,승리,9/3/10
#8398472753,2026-09-27 23:51,c2a8194b-cccc-5bba-bac3-a20a7086b973,승리,5/1/19
#8398472753,2026-09-27 23:51,671680a6-c5c8-5457-a92b-91f0c83bfb91,승리,13/1/5
#8398472753,2026-09-27 23:51,f691451d-87d3-5db5-94cf-22971436cf70,승리,13/6/10
#8398472753,2026-09-27 23:51,1197e8f5-daec-5145-854e-a6f73237afc8,승리,1/3/27
#8398472753,2026-09-27 23:51,7e2bfe82-2409-5da9-968b-246723d3b167,패배,0/11/5
#8398472753,2026-09-27 23:51,f6913164-7a0a-5d4f-a898-54665431820b,패배,4/7/7
#8398472753,2026-09-27 23:51,aa91628d-1def-593d-862a-968b8287a439,패배,0/8/6
#8398472753,2026-09-27 23:51,15e34f7e-6eb9-5638-b11d-47284ddad510,패배,2/10/4
#8398338416,2026-09-27 22:37,bf6fbb26-7c22-590c-9c42-e6fd5792bcf8,승리,8/5/2
#8398338416,2026-09-27 22:37,0a1a1143-a1fe-5a4a-ad8a-d8ff2b166d39,승리,4/1/9
#8398338416,2026-09-27 22:37,227133cd-1da3-5514-ad5c-5adaf39e4bcf,승리,1/8/8
#8398338416,2026-09-27 22:37,229102d0-42bf-5da9-9c7a-a86b7fe049c8,승리,12/2/7
#8398338416,2026-09-27 22:37,fba065fe-e07d-5aaa-afcf-c1d0fef1b3cd,승리,1/4/13
#8398338416,2026-09-27 22:37,874cbdba-b1ef-5e47-afbc-b9abbac8be5e,패배,2/8/2
#8398338416,2026-09-27 22:37,87e34b7d-7b9c-5a74-aea7-dbf481aa42b7,패배,9/9/5
#8398338416,2026-09-27 22:37,4472729a-012a-577a-89ab-fcb7006019db,패배,4/1/5
#8398338416,2026-09-27 22:37,bdc6d126-4a6e-590e-8df1-ed887580de1c,패배,3/4/4
#8398338416,2026-09-27 22:37,a2cff7d6-9172-5eb9-aa2d-56c3f2b0182f,패배,2/4/10
#8398281217,2026-09-27 22:07,bf6fbb26-7c22-590c-9c42-e6fd5792bcf8,승리,8/3/1
#8398281217,2026-09-27 22:07,0a1a1143-a1fe-5a4a-ad8a-d8ff2b166d39,승리,0/2/6
#8398281217,2026-09-27 22:07,227133cd-1da3-5514-ad5c-5adaf39e4bcf,승리,2/3/3
#8398281217,2026-09-27 22:07,229102d0-42bf-5da9-9c7a-a86b7fe049c8,승리,11/3/5
#8398281217,2026-09-27 22:07,fba065fe-e07d-5aaa-afcf-c1d0fef1b3cd,승리,1/4/14
#8398281217,2026-09-27 22:07,874cbdba-b1ef-5e47-afbc-b9abbac8be5e,패배,3/5/1
#8398281217,2026-09-27 22:07,87e34b7d-7b9c-5a74-aea7-dbf481aa42b7,패배,1/2/10
#8398281217,2026-09-27 22:07,4472729a-012a-577a-89ab-fcb7006019db,패배,1/3/2
#8398281217,2026-09-27 22:07,bdc6d126-4a6e-590e-8df1-ed887580de1c,패배,4/7/3
#8398281217,2026-09-27 22:07,a2cff7d6-9172-5eb9-aa2d-56c3f2b0182f,패배,6/5/3
#8398154418,2026-09-27 21:08,874cbdba-b1ef-5e47-afbc-b9abbac8be5e,패배,3/8/4
#8398154418,2026-09-27 21:08,87e34b7d-7b9c-5a74-aea7-dbf481aa42b7,패배,4/7/6
#8398154418,2026-09-27 21:08,4472729a-012a-577a-89ab-fcb7006019db,패배,3/3/5
#8398154418,2026-09-27 21:08,bdc6d126-4a6e-590e-8df1-ed887580de1c,패배,0/6/4
#8398154418,2026-09-27 21:08,a2cff7d6-9172-5eb9-aa2d-56c3f2b0182f,패배,5/5/2
#8398154418,2026-09-27 21:08,0964f4b4-d17c-5201-bd3d-9a3a033b12f7,승리,17/1/6
#8398154418,2026-09-27 21:08,d8542391-f6cf-545d-aa33-74cce04328b1,승리,3/4/15
#8398154418,2026-09-27 21:08,06a1acc2-3a03-5365-b794-178f5bbeb2b0,승리,6/2/9
#8398154418,2026-09-27 21:08,69f60afd-7419-5abb-a9b0-84c0d89bfa58,승리,2/4/12
#8398154418,2026-09-27 21:08,c522b890-1b94-5786-b507-eae1cfc500f1,승리,1/4/12
#8398536668,2026-09-28 00:34,7e2bfe82-2409-5da9-968b-246723d3b167,승리,14/4/1
#8398536668,2026-09-28 00:34,c2a8194b-cccc-5bba-bac3-a20a7086b973,승리,0/6/12
#8398536668,2026-09-28 00:34,88b9f221-d8c1-5594-a2f8-820fe8a4050c,승리,10/4/7
#8398536668,2026-09-28 00:34,f691451d-87d3-5db5-94cf-22971436cf70,승리,4/6/7
#8398536668,2026-09-28 00:34,bc7d9161-a7d7-559a-9a9f-ac3c63c6e84d,승리,3/5/18
#8398536668,2026-09-28 00:34,31e88dc8-bc4a-5b0e-b7f0-9d47bec34024,패배,7/7/4
#8398536668,2026-09-28 00:34,f6913164-7a0a-5d4f-a898-54665431820b,패배,7/6/12
#8398536668,2026-09-28 00:34,15e34f7e-6eb9-5638-b11d-47284ddad510,패배,4/6/8
#8398536668,2026-09-28 00:34,a2cff7d6-9172-5eb9-aa2d-56c3f2b0182f,패배,6/4/4
#8398536668,2026-09-28 00:34,702dbc2f-105c-5ec9-b414-b980ad393153,패배,0/8/11
#8398590573,2026-09-28 01:21,1d7539b5-5566-57d4-b9cd-5158923a589d,승리,0/2/7
#8398590573,2026-09-28 01:21,31e88dc8-bc4a-5b0e-b7f0-9d47bec34024,승리,3/5/6
#8398590573,2026-09-28 01:21,15e34f7e-6eb9-5638-b11d-47284ddad510,승리,9/0/4
#8398590573,2026-09-28 01:21,a2cff7d6-9172-5eb9-aa2d-56c3f2b0182f,승리,5/5/4
#8398590573,2026-09-28 01:21,32648f54-7e5b-571b-87d1-ee6ffdc14f5d,승리,3/1/3
#8398590573,2026-09-28 01:21,702dbc2f-105c-5ec9-b414-b980ad393153,패배,0/5/4
#8398590573,2026-09-28 01:21,88b9f221-d8c1-5594-a2f8-820fe8a4050c,패배,3/6/3
#8398590573,2026-09-28 01:21,7e2bfe82-2409-5da9-968b-246723d3b167,패배,5/2/4
#8398590573,2026-09-28 01:21,33d4446b-a1b9-5b44-ae8a-2009b77218d4,패배,3/4/5
#8398590573,2026-09-28 01:21,bc7d9161-a7d7-559a-9a9f-ac3c63c6e84d,패배,2/3/6
#8398640057,2026-09-28 02:01,1d7539b5-5566-57d4-b9cd-5158923a589d,승리,16/5/13
#8398640057,2026-09-28 02:01,88b9f221-d8c1-5594-a2f8-820fe8a4050c,패배,2/9/4
#8398640057,2026-09-28 02:01,702dbc2f-105c-5ec9-b414-b980ad393153,패배,4/9/9
#8398640057,2026-09-28 02:01,a2cff7d6-9172-5eb9-aa2d-56c3f2b0182f,패배,11/7/9
#8398640057,2026-09-28 02:01,33d4446b-a1b9-5b44-ae8a-2009b77218d4,패배,9/9/7
#8398640057,2026-09-28 02:01,32648f54-7e5b-571b-87d1-ee6ffdc14f5d,패배,2/9/13
#8398640057,2026-09-28 02:01,31e88dc8-bc4a-5b0e-b7f0-9d47bec34024,승리,5/5/10
#8398640057,2026-09-28 02:01,7e2bfe82-2409-5da9-968b-246723d3b167,승리,13/3/12
#8398640057,2026-09-28 02:01,6a4f5512-0b22-5bd1-ae85-8d8c07d751ab,승리,5/9/14
#8398640057,2026-09-28 02:01,15e34f7e-6eb9-5638-b11d-47284ddad510,승리,3/6/27
#8398666358,2026-09-28 02:49,1d7539b5-5566-57d4-b9cd-5158923a589d,패배,3/4/11
#8398666358,2026-09-28 02:49,31e88dc8-bc4a-5b0e-b7f0-9d47bec34024,승리,7/2/6
#8398666358,2026-09-28 02:49,88b9f221-d8c1-5594-a2f8-820fe8a4050c,승리,6/2/9
#8398666358,2026-09-28 02:49,6a4f5512-0b22-5bd1-ae85-8d8c07d751ab,승리,4/2/11
#8398666358,2026-09-28 02:49,32648f54-7e5b-571b-87d1-ee6ffdc14f5d,승리,7/6/7
#8398666358,2026-09-28 02:49,a2cff7d6-9172-5eb9-aa2d-56c3f2b0182f,승리,3/4/16
#8398666358,2026-09-28 02:49,7e2bfe82-2409-5da9-968b-246723d3b167,패배,2/7/5
#8398666358,2026-09-28 02:49,15e34f7e-6eb9-5638-b11d-47284ddad510,패배,4/4/7
#8398666358,2026-09-28 02:49,33d4446b-a1b9-5b44-ae8a-2009b77218d4,패배,2/4/4
#8398666358,2026-09-28 02:49,702dbc2f-105c-5ec9-b414-b980ad393153,패배,5/8/6
#8398675838,2026-09-28 03:31,1d7539b5-5566-57d4-b9cd-5158923a589d,패배,5/5/5
#8398675838,2026-09-28 03:31,15e34f7e-6eb9-5638-b11d-47284ddad510,패배,3/8/6
#8398675838,2026-09-28 03:31,7e2bfe82-2409-5da9-968b-246723d3b167,패배,13/8/4
#8398675838,2026-09-28 03:31,d18ec7c7-d61a-58b8-98d9-ee36e9b5ce58,패배,6/8/7
#8398675838,2026-09-28 03:31,a2285c3c-c7f4-5d41-b7a0-d60bed3078bf,패배,0/6/11
#8398675838,2026-09-28 03:31,31e88dc8-bc4a-5b0e-b7f0-9d47bec34024,승리,7/8/5
#8398675838,2026-09-28 03:31,702dbc2f-105c-5ec9-b414-b980ad393153,승리,13/3/11
#8398675838,2026-09-28 03:31,a2cff7d6-9172-5eb9-aa2d-56c3f2b0182f,승리,10/6/14
#8398675838,2026-09-28 03:31,32648f54-7e5b-571b-87d1-ee6ffdc14f5d,승리,5/6/15
#8398675838,2026-09-28 03:31,33d4446b-a1b9-5b44-ae8a-2009b77218d4,승리,0/4/19
#8398692956,2026-09-28 04:20,1d7539b5-5566-57d4-b9cd-5158923a589d,승리,0/3/16
#8398692956,2026-09-28 04:20,702dbc2f-105c-5ec9-b414-b980ad393153,패배,6/8/3
#8398692956,2026-09-28 04:20,15e34f7e-6eb9-5638-b11d-47284ddad510,패배,10/6/3
#8398692956,2026-09-28 04:20,d18ec7c7-d61a-58b8-98d9-ee36e9b5ce58,패배,2/12/6
#8398692956,2026-09-28 04:20,a2285c3c-c7f4-5d41-b7a0-d60bed3078bf,패배,1/5/5
#8398692956,2026-09-28 04:20,a2cff7d6-9172-5eb9-aa2d-56c3f2b0182f,패배,3/5/8
#8398692956,2026-09-28 04:20,31e88dc8-bc4a-5b0e-b7f0-9d47bec34024,승리,6/5/3
#8398692956,2026-09-28 04:20,33d4446b-a1b9-5b44-ae8a-2009b77218d4,승리,6/4/6
#8398692956,2026-09-28 04:20,7e2bfe82-2409-5da9-968b-246723d3b167,승리,17/5/6
#8398692956,2026-09-28 04:20,32648f54-7e5b-571b-87d1-ee6ffdc14f5d,승리,7/5/3
#8399225180,2026-09-28 20:08,bc7d9161-a7d7-559a-9a9f-ac3c63c6e84d,승리,2/2/12
#8399225180,2026-09-28 20:08,676f3610-d9c9-5727-a5bd-d93aac82cad2,패배,6/7/2
#8399225180,2026-09-28 20:08,cdf18188-08e4-5812-9741-ef6e5414333e,패배,1/5/7
#8399225180,2026-09-28 20:08,7897535b-b58d-5d49-a29e-d226fa5126c5,패배,5/1/2
#8399225180,2026-09-28 20:08,f5b1b3fc-5819-512f-8fc4-1e3f12e480f4,패배,0/4/2
#8399225180,2026-09-28 20:08,d1be77cf-ec1d-5f75-a245-1313608cae4d,패배,1/6/6
#8399225180,2026-09-28 20:08,c0a4bb50-24f8-5d32-b20b-3e2a730399e7,승리,2/5/10
#8399225180,2026-09-28 20:08,d4ed9d18-939c-549c-92bc-c2accb63a5f0,승리,11/2/3
#8399225180,2026-09-28 20:08,26583f10-50a4-5f03-b49b-8c3d8acfac5d,승리,1/4/6
#8399225180,2026-09-28 20:08,fc0f19c9-c655-5915-ad47-0ef0d2bff998,승리,7/0/6
#8399214859,2026-09-28 20:12,0a7b4119-42e6-502f-afa3-80e33dde1025,승리,6/2/8
#8399214859,2026-09-28 20:12,c4c8cdc0-24db-5def-9120-c0eae39625cb,승리,2/0/5
#8399214859,2026-09-28 20:12,30b8a5b1-1f16-5bc1-aa73-125e56aa560c,승리,12/3/6
#8399214859,2026-09-28 20:12,48a9676c-6f4a-5dfb-9a36-fca24b95153a,승리,6/4/9
#8399214859,2026-09-28 20:12,aa91628d-1def-593d-862a-968b8287a439,승리,1/3/16
#8399214859,2026-09-28 20:12,aa2fbfdd-c17f-5e1b-a04e-8567e1c45d5e,패배,0/5/1
#8399214859,2026-09-28 20:12,88b9f221-d8c1-5594-a2f8-820fe8a4050c,패배,4/5/1
#8399214859,2026-09-28 20:12,c9372432-0fdc-5fd3-b8e6-cbb273ca03fd,패배,3/6/5
#8399214859,2026-09-28 20:12,fd30acf7-dfb6-55e3-8ee1-8463244a92d5,패배,2/4/5
#8399214859,2026-09-28 20:12,7e2bfe82-2409-5da9-968b-246723d3b167,패배,3/7/4
#8399269685,2026-09-28 20:46,bc7d9161-a7d7-559a-9a9f-ac3c63c6e84d,패배,0/7/6
#8399269685,2026-09-28 20:46,676f3610-d9c9-5727-a5bd-d93aac82cad2,패배,0/8/1
#8399269685,2026-09-28 20:46,c0a4bb50-24f8-5d32-b20b-3e2a730399e7,패배,7/8/4
#8399269685,2026-09-28 20:46,26583f10-50a4-5f03-b49b-8c3d8acfac5d,패배,3/7/4
#8399269685,2026-09-28 20:46,fc0f19c9-c655-5915-ad47-0ef0d2bff998,패배,2/4/3
#8399269685,2026-09-28 20:46,f5b1b3fc-5819-512f-8fc4-1e3f12e480f4,승리,4/1/7
#8399269685,2026-09-28 20:46,d4ed9d18-939c-549c-92bc-c2accb63a5f0,승리,19/1/9
#8399269685,2026-09-28 20:46,cdf18188-08e4-5812-9741-ef6e5414333e,승리,8/7/4
#8399269685,2026-09-28 20:46,7897535b-b58d-5d49-a29e-d226fa5126c5,승리,3/3/6
#8399269685,2026-09-28 20:46,d1be77cf-ec1d-5f75-a245-1313608cae4d,승리,0/0/15
#8399291049,2026-09-28 20:54,7e2bfe82-2409-5da9-968b-246723d3b167,승리,9/3/22
#8399291049,2026-09-28 20:54,aa2fbfdd-c17f-5e1b-a04e-8567e1c45d5e,승리,5/3/13
#8399291049,2026-09-28 20:54,c9372432-0fdc-5fd3-b8e6-cbb273ca03fd,승리,6/6/19
#8399291049,2026-09-28 20:54,fd30acf7-dfb6-55e3-8ee1-8463244a92d5,승리,7/3/10
#8399291049,2026-09-28 20:54,0a7b4119-42e6-502f-afa3-80e33dde1025,승리,12/6/5
#8399291049,2026-09-28 20:54,c4c8cdc0-24db-5def-9120-c0eae39625cb,패배,1/8/6
#8399291049,2026-09-28 20:54,88b9f221-d8c1-5594-a2f8-820fe8a4050c,패배,11/8/5
#8399291049,2026-09-28 20:54,30b8a5b1-1f16-5bc1-aa73-125e56aa560c,패배,5/10/3
#8399291049,2026-09-28 20:54,aa91628d-1def-593d-862a-968b8287a439,패배,2/6/8
#8399291049,2026-09-28 20:54,48a9676c-6f4a-5dfb-9a36-fca24b95153a,패배,1/7/8
#8399345157,2026-09-28 21:30,bc7d9161-a7d7-559a-9a9f-ac3c63c6e84d,패배,1/3/5
#8399345157,2026-09-28 21:30,cdf18188-08e4-5812-9741-ef6e5414333e,승리,6/3/2
#8399345157,2026-09-28 21:30,676f3610-d9c9-5727-a5bd-d93aac82cad2,승리,4/1/4
#8399345157,2026-09-28 21:30,26583f10-50a4-5f03-b49b-8c3d8acfac5d,승리,11/0/2
#8399345157,2026-09-28 21:30,7897535b-b58d-5d49-a29e-d226fa5126c5,승리,3/0/6
#8399345157,2026-09-28 21:30,d1be77cf-ec1d-5f75-a245-1313608cae4d,승리,0/5/6
#8399345157,2026-09-28 21:30,f5b1b3fc-5819-512f-8fc4-1e3f12e480f4,패배,2/5/1
#8399345157,2026-09-28 21:30,d4ed9d18-939c-549c-92bc-c2accb63a5f0,패배,2/6/2
#8399345157,2026-09-28 21:30,c0a4bb50-24f8-5d32-b20b-3e2a730399e7,패배,2/4/2
#8399345157,2026-09-28 21:30,fc0f19c9-c655-5915-ad47-0ef0d2bff998,패배,2/6/2
#8399367273,2026-09-28 21:45,0a7b4119-42e6-502f-afa3-80e33dde1025,승리,16/9/13
#8399367273,2026-09-28 21:45,aa2fbfdd-c17f-5e1b-a04e-8567e1c45d5e,승리,2/3/18
#8399367273,2026-09-28 21:45,30b8a5b1-1f16-5bc1-aa73-125e56aa560c,승리,16/3/9
#8399367273,2026-09-28 21:45,55db3240-4085-54b7-b90d-547f0c3a8327,승리,6/7/7
#8399367273,2026-09-28 21:45,aa91628d-1def-593d-862a-968b8287a439,승리,2/5/34
#8399367273,2026-09-28 21:45,c4c8cdc0-24db-5def-9120-c0eae39625cb,패배,0/7/8
#8399367273,2026-09-28 21:45,88b9f221-d8c1-5594-a2f8-820fe8a4050c,패배,4/9/8
#8399367273,2026-09-28 21:45,c9372432-0fdc-5fd3-b8e6-cbb273ca03fd,패배,10/6/8
#8399367273,2026-09-28 21:45,33d4446b-a1b9-5b44-ae8a-2009b77218d4,패배,9/10/8
#8399367273,2026-09-28 21:45,7e2bfe82-2409-5da9-968b-246723d3b167,패배,4/11/6
#8399442546,2026-09-28 22:32,30b8a5b1-1f16-5bc1-aa73-125e56aa560c,승리,6/3/13
#8399442546,2026-09-28 22:32,55db3240-4085-54b7-b90d-547f0c3a8327,승리,2/2/7
#8399442546,2026-09-28 22:32,88b9f221-d8c1-5594-a2f8-820fe8a4050c,승리,7/5/11
#8399442546,2026-09-28 22:32,72e917d7-9f4e-52b2-82ad-8c7d8741ad78,승리,12/5/8
#8399442546,2026-09-28 22:32,aa91628d-1def-593d-862a-968b8287a439,승리,2/6/21
#8399442546,2026-09-28 22:32,3e583936-ec9b-5f86-a923-77adcd637241,패배,4/2/3
#8399442546,2026-09-28 22:32,c9372432-0fdc-5fd3-b8e6-cbb273ca03fd,패배,5/6/4
#8399442546,2026-09-28 22:32,7e2bfe82-2409-5da9-968b-246723d3b167,패배,7/7/4
#8399442546,2026-09-28 22:32,33d4446b-a1b9-5b44-ae8a-2009b77218d4,패배,4/5/8
#8399442546,2026-09-28 22:32,aa2fbfdd-c17f-5e1b-a04e-8567e1c45d5e,패배,0/9/11
#8399538341,2026-09-28 23:28,3e583936-ec9b-5f86-a923-77adcd637241,승리,3/6/9
#8399538341,2026-09-28 23:28,676f3610-d9c9-5727-a5bd-d93aac82cad2,승리,10/6/13
#8399538341,2026-09-28 23:28,454320a7-8c33-58cc-a8ce-300dd2f3c4b9,승리,0/6/14
#8399538341,2026-09-28 23:28,1d7539b5-5566-57d4-b9cd-5158923a589d,승리,18/8/9
#8399538341,2026-09-28 23:28,55db3240-4085-54b7-b90d-547f0c3a8327,승리,4/5/22
#8399538341,2026-09-28 23:28,31e88dc8-bc4a-5b0e-b7f0-9d47bec34024,패배,13/7/3
#8399538341,2026-09-28 23:28,88b9f221-d8c1-5594-a2f8-820fe8a4050c,패배,3/6/12
#8399538341,2026-09-28 23:28,7e2bfe82-2409-5da9-968b-246723d3b167,패배,9/5/10
#8399538341,2026-09-28 23:28,33d4446b-a1b9-5b44-ae8a-2009b77218d4,패배,4/10/13
#8399538341,2026-09-28 23:28,7a8ba539-7e36-5ebc-8c84-affc83acb409,패배,2/7/12
#8399602888,2026-09-29 00:23,1d7539b5-5566-57d4-b9cd-5158923a589d,승리,0/10/10
#8399602888,2026-09-29 00:23,31e88dc8-bc4a-5b0e-b7f0-9d47bec34024,패배,8/8/5
#8399602888,2026-09-29 00:23,b5380629-d74b-5796-8e72-98a060d864de,패배,5/4/6
#8399602888,2026-09-29 00:23,e310dfda-ef55-5307-be03-e59c780ddb2f,패배,4/3/7
#8399602888,2026-09-29 00:23,454320a7-8c33-58cc-a8ce-300dd2f3c4b9,패배,8/6/5
#8399602888,2026-09-29 00:23,9cf20ad8-ea37-5c6b-a6f7-3b5d69dce526,패배,3/4/15
#8399602888,2026-09-29 00:23,7a8ba539-7e36-5ebc-8c84-affc83acb409,승리,2/6/11
#8399602888,2026-09-29 00:23,cdf18188-08e4-5812-9741-ef6e5414333e,승리,5/4/6
#8399602888,2026-09-29 00:23,7e2bfe82-2409-5da9-968b-246723d3b167,승리,11/3/4
#8399602888,2026-09-29 00:23,e25a31d2-835a-56f0-9cce-fd4438f88124,승리,7/5/5
#8399663553,2026-09-29 01:13,1d7539b5-5566-57d4-b9cd-5158923a589d,승리,11/2/11
#8399663553,2026-09-29 01:13,7a8ba539-7e36-5ebc-8c84-affc83acb409,승리,5/4/9
#8399663553,2026-09-29 01:13,b5380629-d74b-5796-8e72-98a060d864de,승리,7/5/16
#8399663553,2026-09-29 01:13,7e2bfe82-2409-5da9-968b-246723d3b167,승리,9/3/13
#8399663553,2026-09-29 01:13,9cf20ad8-ea37-5c6b-a6f7-3b5d69dce526,승리,2/5/20
#8399663553,2026-09-29 01:13,e25a31d2-835a-56f0-9cce-fd4438f88124,패배,2/7/3
#8399663553,2026-09-29 01:13,cdf18188-08e4-5812-9741-ef6e5414333e,패배,2/8/8
#8399663553,2026-09-29 01:13,e310dfda-ef55-5307-be03-e59c780ddb2f,패배,5/5/4
#8399663553,2026-09-29 01:13,31e88dc8-bc4a-5b0e-b7f0-9d47bec34024,패배,7/4/3
#8399663553,2026-09-29 01:13,454320a7-8c33-58cc-a8ce-300dd2f3c4b9,패배,3/10/6
#8399708109,2026-09-29 01:50,1d7539b5-5566-57d4-b9cd-5158923a589d,승리,15/7/5
#8399708109,2026-09-29 01:50,31e88dc8-bc4a-5b0e-b7f0-9d47bec34024,승리,5/11/0
#8399708109,2026-09-29 01:50,e310dfda-ef55-5307-be03-e59c780ddb2f,승리,7/2/11
#8399708109,2026-09-29 01:50,454320a7-8c33-58cc-a8ce-300dd2f3c4b9,승리,5/4/6
#8399708109,2026-09-29 01:50,9cf20ad8-ea37-5c6b-a6f7-3b5d69dce526,승리,1/7/19
#8399708109,2026-09-29 01:50,e25a31d2-835a-56f0-9cce-fd4438f88124,패배,10/7/4
#8399708109,2026-09-29 01:50,b5380629-d74b-5796-8e72-98a060d864de,패배,6/7/8
#8399708109,2026-09-29 01:50,7e2bfe82-2409-5da9-968b-246723d3b167,패배,6/2/7
#8399708109,2026-09-29 01:50,cdf18188-08e4-5812-9741-ef6e5414333e,패배,9/9/5
#8399708109,2026-09-29 01:50,7a8ba539-7e36-5ebc-8c84-affc83acb409,패배,0/8/15
#8399735220,2026-09-29 02:37,1d7539b5-5566-57d4-b9cd-5158923a589d,패배,10/3/7
#8399735220,2026-09-29 02:37,31e88dc8-bc4a-5b0e-b7f0-9d47bec34024,승리,4/13/3
#8399735220,2026-09-29 02:37,571b9bb0-8cd9-5b9e-81e6-814b49141ad4,승리,8/7/6
#8399735220,2026-09-29 02:37,cdf18188-08e4-5812-9741-ef6e5414333e,승리,5/8/11
#8399735220,2026-09-29 02:37,e25a31d2-835a-56f0-9cce-fd4438f88124,승리,6/6/6
#8399735220,2026-09-29 02:37,7a8ba539-7e36-5ebc-8c84-affc83acb409,승리,6/7/10
#8399735220,2026-09-29 02:37,9cf20ad8-ea37-5c6b-a6f7-3b5d69dce526,패배,6/8/14
#8399735220,2026-09-29 02:37,7e2bfe82-2409-5da9-968b-246723d3b167,패배,9/3/10
#8399735220,2026-09-29 02:37,5e13fc05-ff0c-5435-80dd-63bbd252f467,패배,12/7/5
#8399735220,2026-09-29 02:37,b5380629-d74b-5796-8e72-98a060d864de,패배,4/8/20
#8399754293,2026-09-29 03:31,1d7539b5-5566-57d4-b9cd-5158923a589d,승리,2/1/13
#8399754293,2026-09-29 03:31,74f1ee22-c5a2-59b2-91b9-8f6b6ef71b9b,승리,5/6/7
#8399754293,2026-09-29 03:31,e25a31d2-835a-56f0-9cce-fd4438f88124,승리,5/4/3
#8399754293,2026-09-29 03:31,7e2bfe82-2409-5da9-968b-246723d3b167,승리,8/2/6
#8399754293,2026-09-29 03:31,5e13fc05-ff0c-5435-80dd-63bbd252f467,승리,6/3/6
#8399754293,2026-09-29 03:31,31e88dc8-bc4a-5b0e-b7f0-9d47bec34024,패배,5/5/3
#8399754293,2026-09-29 03:31,571b9bb0-8cd9-5b9e-81e6-814b49141ad4,패배,7/3/0
#8399754293,2026-09-29 03:31,d18ec7c7-d61a-58b8-98d9-ee36e9b5ce58,패배,1/7/5
#8399754293,2026-09-29 03:31,7a8ba539-7e36-5ebc-8c84-affc83acb409,패배,1/5/5
#8399754293,2026-09-29 03:31,b5380629-d74b-5796-8e72-98a060d864de,패배,2/6/5
#8390825663,2026-09-22 21:39,1209ec75-ab6b-59ed-8648-c9fbff1f3712,승리,7/7/6
#8390825663,2026-09-22 21:39,18dccb4d-adcd-5b3b-ac0d-eab893cc64b8,승리,2/4/16
#8390825663,2026-09-22 21:39,508e5f9f-5170-5ae5-a7d5-d6a2caa040f3,승리,3/3/9
#8390825663,2026-09-22 21:39,eb12b3ff-a77d-5808-8d93-524c41624fde,승리,9/1/5
#8390825663,2026-09-22 21:39,3a7e5239-8099-5ab5-a834-f69447b1ba0f,승리,1/4/16
#8390825663,2026-09-22 21:39,1a69a4f5-32c7-57f9-be56-fb56bf263513,패배,6/2/7
#8390825663,2026-09-22 21:39,5b3bf88d-076a-5339-9317-e6e1ba821cad,패배,6/5/4
#8390825663,2026-09-22 21:39,d4ed9d18-939c-549c-92bc-c2accb63a5f0,패배,5/3/2
#8390825663,2026-09-22 21:39,04bae512-786a-57b8-9080-f818034e533f,패배,1/7/5
#8390825663,2026-09-22 21:39,73291f2a-d93a-59c4-8627-10679a8932a6,패배,1/5/4
#8400239955,2026-09-29 20:10,0a7b4119-42e6-502f-afa3-80e33dde1025,패배,4/11/7
#8400239955,2026-09-29 20:10,f691451d-87d3-5db5-94cf-22971436cf70,패배,12/8/3
#8400239955,2026-09-29 20:10,7e2bfe82-2409-5da9-968b-246723d3b167,패배,5/11/8
#8400239955,2026-09-29 20:10,32648f54-7e5b-571b-87d1-ee6ffdc14f5d,패배,4/7/9
#8400239955,2026-09-29 20:10,d1be77cf-ec1d-5f75-a245-1313608cae4d,패배,1/8/11
#8400239955,2026-09-29 20:10,aa2fbfdd-c17f-5e1b-a04e-8567e1c45d5e,승리,2/6/18
#8400239955,2026-09-29 20:10,676f3610-d9c9-5727-a5bd-d93aac82cad2,승리,7/7/23
#8400239955,2026-09-29 20:10,a2cff7d6-9172-5eb9-aa2d-56c3f2b0182f,승리,23/4/12
#8400239955,2026-09-29 20:10,b143548f-1c02-5836-a61c-8be625af053d,승리,10/4/16
#8400239955,2026-09-29 20:10,bc7d9161-a7d7-559a-9a9f-ac3c63c6e84d,승리,3/5/24
#8400258201,2026-09-29 20:12,7194b576-83cd-53a8-bd90-250ef2973cb2,패배,1/4/2
#8400258201,2026-09-29 20:12,aa91628d-1def-593d-862a-968b8287a439,패배,5/7/1
#8400258201,2026-09-29 20:12,33d4446b-a1b9-5b44-ae8a-2009b77218d4,패배,2/4/2
#8400258201,2026-09-29 20:12,e310dfda-ef55-5307-be03-e59c780ddb2f,패배,1/5/2
#8400258201,2026-09-29 20:12,f5b1b3fc-5819-512f-8fc4-1e3f12e480f4,패배,2/5/2
#8400258201,2026-09-29 20:12,f77ab658-de62-52da-a1e5-3a0b018e1495,승리,7/6/2
#8400258201,2026-09-29 20:12,d4ed9d18-939c-549c-92bc-c2accb63a5f0,승리,3/3/10
#8400258201,2026-09-29 20:12,5b3bf88d-076a-5339-9317-e6e1ba821cad,승리,9/1/8
#8400258201,2026-09-29 20:12,1197e8f5-daec-5145-854e-a6f73237afc8,승리,6/0/6
#8400258201,2026-09-29 20:12,9045a0a5-c836-5c5e-baeb-a879ec639cf4,승리,0/1/17
#8400302737,2026-09-29 20:52,f77ab658-de62-52da-a1e5-3a0b018e1495,패배,3/7/9
#8400302737,2026-09-29 20:52,d4ed9d18-939c-549c-92bc-c2accb63a5f0,패배,7/10/6
#8400302737,2026-09-29 20:52,f5b1b3fc-5819-512f-8fc4-1e3f12e480f4,패배,3/5/5
#8400302737,2026-09-29 20:52,33d4446b-a1b9-5b44-ae8a-2009b77218d4,패배,7/5/8
#8400302737,2026-09-29 20:52,9045a0a5-c836-5c5e-baeb-a879ec639cf4,패배,2/6/11
#8400302737,2026-09-29 20:52,1197e8f5-daec-5145-854e-a6f73237afc8,승리,8/6/9
#8400302737,2026-09-29 20:52,e310dfda-ef55-5307-be03-e59c780ddb2f,승리,4/5/14
#8400302737,2026-09-29 20:52,5b3bf88d-076a-5339-9317-e6e1ba821cad,승리,10/4/5
#8400302737,2026-09-29 20:52,7194b576-83cd-53a8-bd90-250ef2973cb2,승리,9/3/8
#8400302737,2026-09-29 20:52,aa91628d-1def-593d-862a-968b8287a439,승리,2/4/23
#8400326092,2026-09-29 20:57,0a7b4119-42e6-502f-afa3-80e33dde1025,승리,5/2/11
#8400326092,2026-09-29 20:57,aa2fbfdd-c17f-5e1b-a04e-8567e1c45d5e,패배,1/5/3
#8400326092,2026-09-29 20:57,f691451d-87d3-5db5-94cf-22971436cf70,패배,7/4/1
#8400326092,2026-09-29 20:57,a2cff7d6-9172-5eb9-aa2d-56c3f2b0182f,패배,4/10/5
#8400326092,2026-09-29 20:57,b143548f-1c02-5836-a61c-8be625af053d,패배,2/7/1
#8400326092,2026-09-29 20:57,d1be77cf-ec1d-5f75-a245-1313608cae4d,패배,0/10/3
#8400326092,2026-09-29 20:57,676f3610-d9c9-5727-a5bd-d93aac82cad2,승리,5/3/9
#8400326092,2026-09-29 20:57,7e2bfe82-2409-5da9-968b-246723d3b167,승리,12/5/8
#8400326092,2026-09-29 20:57,32648f54-7e5b-571b-87d1-ee6ffdc14f5d,승리,13/2/6
#8400326092,2026-09-29 20:57,bc7d9161-a7d7-559a-9a9f-ac3c63c6e84d,승리,1/2/19
#8400383116,2026-09-29 21:34,7e2bfe82-2409-5da9-968b-246723d3b167,패배,3/8/2
#8400383116,2026-09-29 21:34,aa2fbfdd-c17f-5e1b-a04e-8567e1c45d5e,승리,4/2/10
#8400383116,2026-09-29 21:34,676f3610-d9c9-5727-a5bd-d93aac82cad2,승리,13/1/14
#8400383116,2026-09-29 21:34,a2cff7d6-9172-5eb9-aa2d-56c3f2b0182f,승리,5/1/12
#8400383116,2026-09-29 21:34,32648f54-7e5b-571b-87d1-ee6ffdc14f5d,승리,14/2/13
#8400383116,2026-09-29 21:34,d1be77cf-ec1d-5f75-a245-1313608cae4d,승리,4/3/26
#8400383116,2026-09-29 21:34,bc7d9161-a7d7-559a-9a9f-ac3c63c6e84d,패배,0/7/4
#8400383116,2026-09-29 21:34,f691451d-87d3-5db5-94cf-22971436cf70,패배,4/6/0
#8400383116,2026-09-29 21:34,b143548f-1c02-5836-a61c-8be625af053d,패배,0/8/3
#8400383116,2026-09-29 21:34,9698fdaf-6098-5b6c-80f4-e1b06071009c,패배,2/11/3
#8400387220,2026-09-29 21:39,1d7539b5-5566-57d4-b9cd-5158923a589d,승리,11/5/10
#8400387220,2026-09-29 21:39,f77ab658-de62-52da-a1e5-3a0b018e1495,승리,3/4/15
#8400387220,2026-09-29 21:39,1197e8f5-daec-5145-854e-a6f73237afc8,승리,12/5/10
#8400387220,2026-09-29 21:39,e310dfda-ef55-5307-be03-e59c780ddb2f,승리,6/5/13
#8400387220,2026-09-29 21:39,9045a0a5-c836-5c5e-baeb-a879ec639cf4,승리,0/7/25
#8400387220,2026-09-29 21:39,d4ed9d18-939c-549c-92bc-c2accb63a5f0,패배,4/6/5
#8400387220,2026-09-29 21:39,5b3bf88d-076a-5339-9317-e6e1ba821cad,패배,10/5/8
#8400387220,2026-09-29 21:39,f5b1b3fc-5819-512f-8fc4-1e3f12e480f4,패배,4/7/9
#8400387220,2026-09-29 21:39,33d4446b-a1b9-5b44-ae8a-2009b77218d4,패배,6/5/12
#8400387220,2026-09-29 21:39,aa91628d-1def-593d-862a-968b8287a439,패배,2/9/12
#8400438420,2026-09-29 22:13,7e2bfe82-2409-5da9-968b-246723d3b167,승리,17/5/10
#8400438420,2026-09-29 22:13,9698fdaf-6098-5b6c-80f4-e1b06071009c,승리,2/2/18
#8400438420,2026-09-29 22:13,676f3610-d9c9-5727-a5bd-d93aac82cad2,승리,5/6/17
#8400438420,2026-09-29 22:13,32648f54-7e5b-571b-87d1-ee6ffdc14f5d,승리,11/8/8
#8400438420,2026-09-29 22:13,b143548f-1c02-5836-a61c-8be625af053d,승리,1/5/20
#8400438420,2026-09-29 22:13,aa2fbfdd-c17f-5e1b-a04e-8567e1c45d5e,패배,3/6/3
#8400438420,2026-09-29 22:13,f691451d-87d3-5db5-94cf-22971436cf70,패배,10/4/9
#8400438420,2026-09-29 22:13,a2cff7d6-9172-5eb9-aa2d-56c3f2b0182f,패배,5/10/10
#8400438420,2026-09-29 22:13,d1be77cf-ec1d-5f75-a245-1313608cae4d,패배,3/9/4
#8400438420,2026-09-29 22:13,bc7d9161-a7d7-559a-9a9f-ac3c63c6e84d,패배,5/7/15
#8400469209,2026-09-29 22:26,1d7539b5-5566-57d4-b9cd-5158923a589d,패배,4/6/10
#8400469209,2026-09-29 22:26,d4ed9d18-939c-549c-92bc-c2accb63a5f0,승리,9/6/5
#8400469209,2026-09-29 22:26,e310dfda-ef55-5307-be03-e59c780ddb2f,승리,11/1/10
#8400469209,2026-09-29 22:26,5b3bf88d-076a-5339-9317-e6e1ba821cad,승리,9/3/6
#8400469209,2026-09-29 22:26,72e917d7-9f4e-52b2-82ad-8c7d8741ad78,승리,6/6/10
#8400469209,2026-09-29 22:26,48a9676c-6f4a-5dfb-9a36-fca24b95153a,승리,2/4/24
#8400469209,2026-09-29 22:26,33d4446b-a1b9-5b44-ae8a-2009b77218d4,패배,1/7/8
#8400469209,2026-09-29 22:26,f77ab658-de62-52da-a1e5-3a0b018e1495,패배,11/9/3
#8400469209,2026-09-29 22:26,aa91628d-1def-593d-862a-968b8287a439,패배,2/9/8
#8400469209,2026-09-29 22:26,b1f4307a-346f-574a-8484-c48200a43a21,패배,2/6/10
#8400514480,2026-09-29 22:58,7e2bfe82-2409-5da9-968b-246723d3b167,패배,2/6/1
#8400514480,2026-09-29 22:58,f691451d-87d3-5db5-94cf-22971436cf70,승리,3/3/4
#8400514480,2026-09-29 22:58,a2cff7d6-9172-5eb9-aa2d-56c3f2b0182f,승리,18/1/5
#8400514480,2026-09-29 22:58,d1be77cf-ec1d-5f75-a245-1313608cae4d,승리,3/3/10
#8400514480,2026-09-29 22:58,32648f54-7e5b-571b-87d1-ee6ffdc14f5d,승리,5/6/7
#8400514480,2026-09-29 22:58,aa2fbfdd-c17f-5e1b-a04e-8567e1c45d5e,승리,1/3/10
#8400514480,2026-09-29 22:58,9698fdaf-6098-5b6c-80f4-e1b06071009c,패배,2/6/2
#8400514480,2026-09-29 22:58,676f3610-d9c9-5727-a5bd-d93aac82cad2,패배,4/8/1
#8400514480,2026-09-29 22:58,b143548f-1c02-5836-a61c-8be625af053d,패배,5/5/4
#8400514480,2026-09-29 22:58,bc7d9161-a7d7-559a-9a9f-ac3c63c6e84d,패배,3/5/7
#8400538299,2026-09-29 23:09,1d7539b5-5566-57d4-b9cd-5158923a589d,승리,4/7/15
#8400538299,2026-09-29 23:09,3712c3ab-a24a-5bf1-85c1-b92c4d68e907,승리,8/3/6
#8400538299,2026-09-29 23:09,5b3bf88d-076a-5339-9317-e6e1ba821cad,승리,7/8/11
#8400538299,2026-09-29 23:09,72e917d7-9f4e-52b2-82ad-8c7d8741ad78,승리,10/10/12
#8400538299,2026-09-29 23:09,b1f4307a-346f-574a-8484-c48200a43a21,승리,3/6/19
#8400538299,2026-09-29 23:09,e25a31d2-835a-56f0-9cce-fd4438f88124,패배,6/6/5
#8400538299,2026-09-29 23:09,f77ab658-de62-52da-a1e5-3a0b018e1495,패배,7/5/13
#8400538299,2026-09-29 23:09,fd30acf7-dfb6-55e3-8ee1-8463244a92d5,패배,11/8/9
#8400538299,2026-09-29 23:09,48a9676c-6f4a-5dfb-9a36-fca24b95153a,패배,8/7/9
#8400538299,2026-09-29 23:09,cac75d28-bc8f-535a-9cba-80d88502dbd1,패배,2/6/10
#8400610430,2026-09-29 23:58,1d7539b5-5566-57d4-b9cd-5158923a589d,패배,5/9/2
#8400610430,2026-09-29 23:58,f77ab658-de62-52da-a1e5-3a0b018e1495,승리,8/1/6
#8400610430,2026-09-29 23:58,e25a31d2-835a-56f0-9cce-fd4438f88124,승리,13/1/8
#8400610430,2026-09-29 23:58,fd30acf7-dfb6-55e3-8ee1-8463244a92d5,승리,9/7/10
#8400610430,2026-09-29 23:58,48a9676c-6f4a-5dfb-9a36-fca24b95153a,승리,5/1/13
#8400610430,2026-09-29 23:58,cac75d28-bc8f-535a-9cba-80d88502dbd1,승리,0/2/18
#8400610430,2026-09-29 23:58,3712c3ab-a24a-5bf1-85c1-b92c4d68e907,패배,0/7/2
#8400610430,2026-09-29 23:58,5b3bf88d-076a-5339-9317-e6e1ba821cad,패배,3/6/2
#8400610430,2026-09-29 23:58,72e917d7-9f4e-52b2-82ad-8c7d8741ad78,패배,3/5/3
#8400610430,2026-09-29 23:58,b1f4307a-346f-574a-8484-c48200a43a21,패배,1/8/4
#8400663722,2026-09-30 00:43,1d7539b5-5566-57d4-b9cd-5158923a589d,패배,0/4/3
#8400663722,2026-09-30 00:43,3712c3ab-a24a-5bf1-85c1-b92c4d68e907,패배,1/4/3
#8400663722,2026-09-30 00:43,a2cff7d6-9172-5eb9-aa2d-56c3f2b0182f,패배,4/6/3
#8400663722,2026-09-30 00:43,5b3bf88d-076a-5339-9317-e6e1ba821cad,패배,8/7/3
#8400663722,2026-09-30 00:43,cac75d28-bc8f-535a-9cba-80d88502dbd1,패배,0/2/2
#8400663722,2026-09-30 00:43,48a9676c-6f4a-5dfb-9a36-fca24b95153a,승리,0/1/9
#8400663722,2026-09-30 00:43,e25a31d2-835a-56f0-9cce-fd4438f88124,승리,4/3/10
#8400663722,2026-09-30 00:43,7e2bfe82-2409-5da9-968b-246723d3b167,승리,10/5/1
#8400663722,2026-09-30 00:43,32648f54-7e5b-571b-87d1-ee6ffdc14f5d,승리,8/1/5
#8400663722,2026-09-30 00:43,b1f4307a-346f-574a-8484-c48200a43a21,승리,1/3/14
#8400719270,2026-09-30 01:26,1d7539b5-5566-57d4-b9cd-5158923a589d,승리,4/4/4
#8400719270,2026-09-30 01:26,5e13fc05-ff0c-5435-80dd-63bbd252f467,승리,4/10/7
#8400719270,2026-09-30 01:26,e25a31d2-835a-56f0-9cce-fd4438f88124,승리,10/2/10
#8400719270,2026-09-30 01:26,a2cff7d6-9172-5eb9-aa2d-56c3f2b0182f,승리,8/7/7
#8400719270,2026-09-30 01:26,dd48b93f-132a-56f2-aa29-95bddefc4a53,승리,0/6/11
#8400719270,2026-09-30 01:26,1a69a4f5-32c7-57f9-be56-fb56bf263513,패배,9/5/7
#8400719270,2026-09-30 01:26,88b9f221-d8c1-5594-a2f8-820fe8a4050c,패배,11/5/9
#8400719270,2026-09-30 01:26,7e2bfe82-2409-5da9-968b-246723d3b167,패배,7/7/5
#8400719270,2026-09-30 01:26,32648f54-7e5b-571b-87d1-ee6ffdc14f5d,패배,2/5/10
#8400719270,2026-09-30 01:26,cac75d28-bc8f-535a-9cba-80d88502dbd1,패배,0/4/12
#8400746602,2026-09-30 02:11,1d7539b5-5566-57d4-b9cd-5158923a589d,패배,1/9/10
#8400746602,2026-09-30 02:11,5e13fc05-ff0c-5435-80dd-63bbd252f467,패배,1/4/7
#8400746602,2026-09-30 02:11,88b9f221-d8c1-5594-a2f8-820fe8a4050c,패배,1/7/8
#8400746602,2026-09-30 02:11,a2cff7d6-9172-5eb9-aa2d-56c3f2b0182f,패배,9/2/0
#8400746602,2026-09-30 02:11,e25a31d2-835a-56f0-9cce-fd4438f88124,패배,3/10/5
#8400746602,2026-09-30 02:11,1a69a4f5-32c7-57f9-be56-fb56bf263513,승리,3/3/8
#8400746602,2026-09-30 02:11,7e2bfe82-2409-5da9-968b-246723d3b167,승리,9/2/8
#8400746602,2026-09-30 02:11,6a4f5512-0b22-5bd1-ae85-8d8c07d751ab,승리,8/3/16
#8400746602,2026-09-30 02:11,015afc84-5281-50ca-bbd0-3773fe9d3b2f,승리,11/3/14
#8400746602,2026-09-30 02:11,dd48b93f-132a-56f2-aa29-95bddefc4a53,승리,1/4/25
#8400784356,2026-09-30 02:58,1d7539b5-5566-57d4-b9cd-5158923a589d,승리,0/6/20
#8400784356,2026-09-30 02:58,e25a31d2-835a-56f0-9cce-fd4438f88124,패배,2/8/1
#8400784356,2026-09-30 02:58,d18ec7c7-d61a-58b8-98d9-ee36e9b5ce58,패배,3/12/5
#8400784356,2026-09-30 02:58,a2cff7d6-9172-5eb9-aa2d-56c3f2b0182f,패배,4/9/1
#8400784356,2026-09-30 02:58,5e13fc05-ff0c-5435-80dd-63bbd252f467,패배,5/6/7
#8400784356,2026-09-30 02:58,dd48b93f-132a-56f2-aa29-95bddefc4a53,패배,2/7/12
#8400784356,2026-09-30 02:58,7e2bfe82-2409-5da9-968b-246723d3b167,승리,21/2/4
#8400784356,2026-09-30 02:58,88b9f221-d8c1-5594-a2f8-820fe8a4050c,승리,8/4/9
#8400784356,2026-09-30 02:58,6a4f5512-0b22-5bd1-ae85-8d8c07d751ab,승리,2/2/13
#8400784356,2026-09-30 02:58,015afc84-5281-50ca-bbd0-3773fe9d3b2f,승리,10/2/9
#8401318355,2026-09-30 20:09,72e917d7-9f4e-52b2-82ad-8c7d8741ad78,패배,8/4/1
#8401318355,2026-09-30 20:09,aa2fbfdd-c17f-5e1b-a04e-8567e1c45d5e,패배,1/3/1
#8401318355,2026-09-30 20:09,aa91628d-1def-593d-862a-968b8287a439,패배,1/6/6
#8401318355,2026-09-30 20:09,26583f10-50a4-5f03-b49b-8c3d8acfac5d,패배,1/6/6
#8401318355,2026-09-30 20:09,7897535b-b58d-5d49-a29e-d226fa5126c5,패배,1/4/9
#8401318355,2026-09-30 20:09,c4c8cdc0-24db-5def-9120-c0eae39625cb,승리,4/0/6
#8401318355,2026-09-30 20:09,676f3610-d9c9-5727-a5bd-d93aac82cad2,승리,2/3/12
#8401318355,2026-09-30 20:09,cdbeeaa3-2d54-5732-8cbe-e5643e6561f4,승리,8/1/10
#8401318355,2026-09-30 20:09,bca1f7cc-4819-538b-a4d9-9bbcd8a42c51,승리,5/5/9
#8401318355,2026-09-30 20:09,bc7d9161-a7d7-559a-9a9f-ac3c63c6e84d,승리,4/3/13
#8401312642,2026-09-30 20:10,30b8a5b1-1f16-5bc1-aa73-125e56aa560c,승리,13/3/13
#8401312642,2026-09-30 20:10,77bb09d0-2c95-596d-885a-3be23112cc76,패배,5/7/2
#8401312642,2026-09-30 20:10,671680a6-c5c8-5457-a92b-91f0c83bfb91,패배,5/4/7
#8401312642,2026-09-30 20:10,7e2bfe82-2409-5da9-968b-246723d3b167,패배,5/9/1
#8401312642,2026-09-30 20:10,32648f54-7e5b-571b-87d1-ee6ffdc14f5d,패배,5/7/7
#8401312642,2026-09-30 20:10,4f8efa45-702e-52f6-88b5-e6c3859449ef,패배,0/8/12
#8401312642,2026-09-30 20:10,f5b1b3fc-5819-512f-8fc4-1e3f12e480f4,승리,0/4/17
#8401312642,2026-09-30 20:10,33d4446b-a1b9-5b44-ae8a-2009b77218d4,승리,16/3/12
#8401312642,2026-09-30 20:10,48a9676c-6f4a-5dfb-9a36-fca24b95153a,승리,4/6/12
#8401312642,2026-09-30 20:10,d1be77cf-ec1d-5f75-a245-1313608cae4d,승리,2/4/19
#8401381547,2026-09-30 20:55,72e917d7-9f4e-52b2-82ad-8c7d8741ad78,패배,0/11/14
#8401381547,2026-09-30 20:55,aa2fbfdd-c17f-5e1b-a04e-8567e1c45d5e,패배,1/7/5
#8401381547,2026-09-30 20:55,7897535b-b58d-5d49-a29e-d226fa5126c5,패배,1/7/4
#8401381547,2026-09-30 20:55,26583f10-50a4-5f03-b49b-8c3d8acfac5d,패배,4/4/4
#8401381547,2026-09-30 20:55,aa91628d-1def-593d-862a-968b8287a439,패배,11/8/3
#8401381547,2026-09-30 20:55,676f3610-d9c9-5727-a5bd-d93aac82cad2,승리,8/1/9
#8401381547,2026-09-30 20:55,c4c8cdc0-24db-5def-9120-c0eae39625cb,승리,6/4/11
#8401381547,2026-09-30 20:55,cdbeeaa3-2d54-5732-8cbe-e5643e6561f4,승리,3/3/14
#8401381547,2026-09-30 20:55,bca1f7cc-4819-538b-a4d9-9bbcd8a42c51,승리,19/3/10
#8401381547,2026-09-30 20:55,bc7d9161-a7d7-559a-9a9f-ac3c63c6e84d,승리,1/6/24
#8401373885,2026-09-30 20:56,30b8a5b1-1f16-5bc1-aa73-125e56aa560c,승리,20/5/5
#8401373885,2026-09-30 20:56,77bb09d0-2c95-596d-885a-3be23112cc76,패배,1/8/4
#8401373885,2026-09-30 20:56,f5b1b3fc-5819-512f-8fc4-1e3f12e480f4,패배,3/4/13
#8401373885,2026-09-30 20:56,7e2bfe82-2409-5da9-968b-246723d3b167,패배,10/14/5
#8401373885,2026-09-30 20:56,671680a6-c5c8-5457-a92b-91f0c83bfb91,패배,8/7/3
#8401373885,2026-09-30 20:56,d1be77cf-ec1d-5f75-a245-1313608cae4d,패배,3/6/16
#8401373885,2026-09-30 20:56,4f8efa45-702e-52f6-88b5-e6c3859449ef,승리,4/1/9
#8401373885,2026-09-30 20:56,33d4446b-a1b9-5b44-ae8a-2009b77218d4,승리,9/5/12
#8401373885,2026-09-30 20:56,32648f54-7e5b-571b-87d1-ee6ffdc14f5d,승리,5/7/9
#8401373885,2026-09-30 20:56,48a9676c-6f4a-5dfb-9a36-fca24b95153a,승리,1/7/16
#8401444566,2026-09-30 21:39,72e917d7-9f4e-52b2-82ad-8c7d8741ad78,승리,14/3/8
#8401444566,2026-09-30 21:39,aa2fbfdd-c17f-5e1b-a04e-8567e1c45d5e,승리,3/3/8
#8401444566,2026-09-30 21:39,bc7d9161-a7d7-559a-9a9f-ac3c63c6e84d,승리,7/2/12
#8401444566,2026-09-30 21:39,cdbeeaa3-2d54-5732-8cbe-e5643e6561f4,승리,7/2/17
#8401444566,2026-09-30 21:39,aa91628d-1def-593d-862a-968b8287a439,승리,2/3/23
#8401444566,2026-09-30 21:39,676f3610-d9c9-5727-a5bd-d93aac82cad2,패배,5/7/3
#8401444566,2026-09-30 21:39,c4c8cdc0-24db-5def-9120-c0eae39625cb,패배,3/8/5
#8401444566,2026-09-30 21:39,26583f10-50a4-5f03-b49b-8c3d8acfac5d,패배,2/4/7
#8401444566,2026-09-30 21:39,bca1f7cc-4819-538b-a4d9-9bbcd8a42c51,패배,3/6/9
#8401444566,2026-09-30 21:39,7897535b-b58d-5d49-a29e-d226fa5126c5,패배,0/9/9
#8401455536,2026-09-30 21:41,30b8a5b1-1f16-5bc1-aa73-125e56aa560c,승리,12/4/14
#8401455536,2026-09-30 21:41,f5b1b3fc-5819-512f-8fc4-1e3f12e480f4,승리,9/3/10
#8401455536,2026-09-30 21:41,32648f54-7e5b-571b-87d1-ee6ffdc14f5d,승리,13/7/14
#8401455536,2026-09-30 21:41,48a9676c-6f4a-5dfb-9a36-fca24b95153a,승리,6/6/9
#8401455536,2026-09-30 21:41,d1be77cf-ec1d-5f75-a245-1313608cae4d,승리,1/3/22
#8401455536,2026-09-30 21:41,77bb09d0-2c95-596d-885a-3be23112cc76,패배,7/11/1
#8401455536,2026-09-30 21:41,f691451d-87d3-5db5-94cf-22971436cf70,패배,7/7/6
#8401455536,2026-09-30 21:41,7e2bfe82-2409-5da9-968b-246723d3b167,패배,8/13/1
#8401455536,2026-09-30 21:41,33d4446b-a1b9-5b44-ae8a-2009b77218d4,패배,1/4/9
#8401455536,2026-09-30 21:41,4f8efa45-702e-52f6-88b5-e6c3859449ef,패배,0/6/8
#8401531407,2026-09-30 22:26,72e917d7-9f4e-52b2-82ad-8c7d8741ad78,패배,5/15/2
#8401531407,2026-09-30 22:26,bca1f7cc-4819-538b-a4d9-9bbcd8a42c51,승리,9/3/6
#8401531407,2026-09-30 22:26,aa2fbfdd-c17f-5e1b-a04e-8567e1c45d5e,승리,5/3/4
#8401531407,2026-09-30 22:26,c4c8cdc0-24db-5def-9120-c0eae39625cb,승리,4/1/13
#8401531407,2026-09-30 22:26,aa91628d-1def-593d-862a-968b8287a439,승리,20/3/8
#8401531407,2026-09-30 22:26,bc7d9161-a7d7-559a-9a9f-ac3c63c6e84d,승리,2/3/27
#8401531407,2026-09-30 22:26,7897535b-b58d-5d49-a29e-d226fa5126c5,패배,1/6/7
#8401531407,2026-09-30 22:26,676f3610-d9c9-5727-a5bd-d93aac82cad2,패배,2/2/7
#8401531407,2026-09-30 22:26,26583f10-50a4-5f03-b49b-8c3d8acfac5d,패배,4/7/1
#8401531407,2026-09-30 22:26,cdbeeaa3-2d54-5732-8cbe-e5643e6561f4,패배,1/10/8
#8401542555,2026-09-30 22:39,77bb09d0-2c95-596d-885a-3be23112cc76,승리,2/0/1
#8401542555,2026-09-30 22:39,30b8a5b1-1f16-5bc1-aa73-125e56aa560c,승리,5/0/4
#8401542555,2026-09-30 22:39,33d4446b-a1b9-5b44-ae8a-2009b77218d4,승리,5/0/3
#8401542555,2026-09-30 22:39,48a9676c-6f4a-5dfb-9a36-fca24b95153a,승리,4/0/5
#8401542555,2026-09-30 22:39,f691451d-87d3-5db5-94cf-22971436cf70,승리,1/1/12
#8401542555,2026-09-30 22:39,a2285c3c-c7f4-5d41-b7a0-d60bed3078bf,패배,0/3/0
#8401542555,2026-09-30 22:39,ce01c0d8-8ebf-57c1-b433-88aa89739103,패배,0/1/0
#8401542555,2026-09-30 22:39,7e2bfe82-2409-5da9-968b-246723d3b167,패배,0/6/0
#8401542555,2026-09-30 22:39,1d7539b5-5566-57d4-b9cd-5158923a589d,패배,1/3/0
#8401542555,2026-09-30 22:39,d1be77cf-ec1d-5f75-a245-1313608cae4d,패배,0/4/1
#8401542555,2026-09-30 22:39,30b8a5b1-1f16-5bc1-aa73-125e56aa560c,승리,5/0/4
#8401542555,2026-09-30 22:39,77bb09d0-2c95-596d-885a-3be23112cc76,승리,2/0/1
#8401542555,2026-09-30 22:39,33d4446b-a1b9-5b44-ae8a-2009b77218d4,승리,5/0/3
#8401542555,2026-09-30 22:39,48a9676c-6f4a-5dfb-9a36-fca24b95153a,승리,4/0/5
#8401542555,2026-09-30 22:39,f691451d-87d3-5db5-94cf-22971436cf70,승리,1/1/12
#8401542555,2026-09-30 22:39,a2285c3c-c7f4-5d41-b7a0-d60bed3078bf,패배,0/3/0
#8401542555,2026-09-30 22:39,ce01c0d8-8ebf-57c1-b433-88aa89739103,패배,0/1/0
#8401542555,2026-09-30 22:39,7e2bfe82-2409-5da9-968b-246723d3b167,패배,0/6/0
#8401542555,2026-09-30 22:39,1d7539b5-5566-57d4-b9cd-5158923a589d,패배,1/3/0
#8401542555,2026-09-30 22:39,d1be77cf-ec1d-5f75-a245-1313608cae4d,패배,0/4/1
#8401597747,2026-09-30 23:12,3ecbcaa4-8cf5-5e3f-94c0-89d8af23ee8b,승리,12/5/5
#8401597747,2026-09-30 23:12,3ee03b31-3cfa-5edc-9b02-a6f089749330,승리,5/3/7
#8401597747,2026-09-30 23:12,702dbc2f-105c-5ec9-b414-b980ad393153,승리,8/6/16
#8401597747,2026-09-30 23:12,26583f10-50a4-5f03-b49b-8c3d8acfac5d,승리,5/3/18
#8401597747,2026-09-30 23:12,cdbeeaa3-2d54-5732-8cbe-e5643e6561f4,승리,1/9/15
#8401597747,2026-09-30 23:12,31e88dc8-bc4a-5b0e-b7f0-9d47bec34024,패배,6/9/2
#8401597747,2026-09-30 23:12,aa2fbfdd-c17f-5e1b-a04e-8567e1c45d5e,패배,2/5/8
#8401597747,2026-09-30 23:12,7897535b-b58d-5d49-a29e-d226fa5126c5,패배,2/7/10
#8401597747,2026-09-30 23:12,aa91628d-1def-593d-862a-968b8287a439,패배,12/5/9
#8401597747,2026-09-30 23:12,bc7d9161-a7d7-559a-9a9f-ac3c63c6e84d,패배,4/5/15
#8401685523,2026-10-01 00:05,3ecbcaa4-8cf5-5e3f-94c0-89d8af23ee8b,패배,11/8/6
#8401685523,2026-10-01 00:05,31e88dc8-bc4a-5b0e-b7f0-9d47bec34024,패배,14/7/3
#8401685523,2026-10-01 00:05,702dbc2f-105c-5ec9-b414-b980ad393153,패배,5/8/8
#8401685523,2026-10-01 00:05,cdbeeaa3-2d54-5732-8cbe-e5643e6561f4,패배,6/4/11
#8401685523,2026-10-01 00:05,aa2fbfdd-c17f-5e1b-a04e-8567e1c45d5e,패배,1/8/18
#8401685523,2026-10-01 00:05,3ee03b31-3cfa-5edc-9b02-a6f089749330,승리,7/9/10
#8401685523,2026-10-01 00:05,bc7d9161-a7d7-559a-9a9f-ac3c63c6e84d,승리,7/8/21
#8401685523,2026-10-01 00:05,7e2bfe82-2409-5da9-968b-246723d3b167,승리,13/5/7
#8401685523,2026-10-01 00:05,48a9676c-6f4a-5dfb-9a36-fca24b95153a,승리,7/5/12
#8401685523,2026-10-01 00:05,aa91628d-1def-593d-862a-968b8287a439,승리,1/10/19
#8401750282,2026-10-01 00:57,3ecbcaa4-8cf5-5e3f-94c0-89d8af23ee8b,승리,5/3/10
#8401750282,2026-10-01 00:57,31e88dc8-bc4a-5b0e-b7f0-9d47bec34024,패배,3/5/1
#8401750282,2026-10-01 00:57,bc7d9161-a7d7-559a-9a9f-ac3c63c6e84d,패배,1/4/3
#8401750282,2026-10-01 00:57,702dbc2f-105c-5ec9-b414-b980ad393153,패배,3/3/0
#8401750282,2026-10-01 00:57,48a9676c-6f4a-5dfb-9a36-fca24b95153a,패배,4/10/0
#8401750282,2026-10-01 00:57,3618145e-ae1d-53c5-82ab-11ae6836ea95,패배,0/4/5
#8401750282,2026-10-01 00:57,77bb09d0-2c95-596d-885a-3be23112cc76,승리,4/4/4
#8401750282,2026-10-01 00:57,c0a4bb50-24f8-5d32-b20b-3e2a730399e7,승리,4/0/8
#8401750282,2026-10-01 00:57,d18ec7c7-d61a-58b8-98d9-ee36e9b5ce58,승리,2/1/4
#8401750282,2026-10-01 00:57,7e2bfe82-2409-5da9-968b-246723d3b167,승리,11/3/7
#8401784322,2026-10-01 01:37,31e88dc8-bc4a-5b0e-b7f0-9d47bec34024,승리,13/3/3
#8401784322,2026-10-01 01:37,cdf18188-08e4-5812-9741-ef6e5414333e,승리,5/5/13
#8401784322,2026-10-01 01:37,d18ec7c7-d61a-58b8-98d9-ee36e9b5ce58,승리,7/5/12
#8401784322,2026-10-01 01:37,32648f54-7e5b-571b-87d1-ee6ffdc14f5d,승리,11/4/9
#8401784322,2026-10-01 01:37,bc7d9161-a7d7-559a-9a9f-ac3c63c6e84d,승리,4/2/18
#8401784322,2026-10-01 01:37,77bb09d0-2c95-596d-885a-3be23112cc76,패배,0/8/9
#8401784322,2026-10-01 01:37,c0a4bb50-24f8-5d32-b20b-3e2a730399e7,패배,5/9/5
#8401784322,2026-10-01 01:37,7e2bfe82-2409-5da9-968b-246723d3b167,패배,10/7/3
#8401784322,2026-10-01 01:37,3ecbcaa4-8cf5-5e3f-94c0-89d8af23ee8b,패배,3/9/5
#8401784322,2026-10-01 01:37,3618145e-ae1d-53c5-82ab-11ae6836ea95,패배,1/8/7
#8402365145,2026-10-01 20:08,77bb09d0-2c95-596d-885a-3be23112cc76,패배,1/9/2
#8402365145,2026-10-01 20:08,fc0f19c9-c655-5915-ad47-0ef0d2bff998,패배,5/3/2
#8402365145,2026-10-01 20:08,33d4446b-a1b9-5b44-ae8a-2009b77218d4,패배,2/5/1
#8402365145,2026-10-01 20:08,1197e8f5-daec-5145-854e-a6f73237afc8,패배,4/7/3
#8402365145,2026-10-01 20:08,843f6b49-c018-52aa-932e-14bcba62e0cd,패배,1/6/4
#8402365145,2026-10-01 20:08,bca1f7cc-4819-538b-a4d9-9bbcd8a42c51,승리,7/3/10
#8402365145,2026-10-01 20:08,676f3610-d9c9-5727-a5bd-d93aac82cad2,승리,3/3/12
#8402365145,2026-10-01 20:08,c9372432-0fdc-5fd3-b8e6-cbb273ca03fd,승리,9/1/11
#8402365145,2026-10-01 20:08,aa91628d-1def-593d-862a-968b8287a439,승리,9/4/10
#8402365145,2026-10-01 20:08,bc7d9161-a7d7-559a-9a9f-ac3c63c6e84d,승리,2/2/16
#8402367525,2026-10-01 20:17,0a7b4119-42e6-502f-afa3-80e33dde1025,승리,14/7/4
#8402367525,2026-10-01 20:17,55db3240-4085-54b7-b90d-547f0c3a8327,승리,4/4/3
#8402367525,2026-10-01 20:17,fd30acf7-dfb6-55e3-8ee1-8463244a92d5,승리,8/5/6
#8402367525,2026-10-01 20:17,6a4f5512-0b22-5bd1-ae85-8d8c07d751ab,승리,1/6/3
#8402367525,2026-10-01 20:17,bf515608-1608-5c9f-91bb-25b56f3b1050,승리,0/3/12
#8402367525,2026-10-01 20:17,4f8efa45-702e-52f6-88b5-e6c3859449ef,패배,3/1/6
#8402367525,2026-10-01 20:17,f5b1b3fc-5819-512f-8fc4-1e3f12e480f4,패배,6/8/8
#8402367525,2026-10-01 20:17,cdf18188-08e4-5812-9741-ef6e5414333e,패배,2/9/8
#8402367525,2026-10-01 20:17,9698fdaf-6098-5b6c-80f4-e1b06071009c,패배,11/2/5
#8402367525,2026-10-01 20:17,f8d2e389-b298-5a7f-94ec-74e762e4437a,패배,3/7/12
#8402416344,2026-10-01 20:51,bca1f7cc-4819-538b-a4d9-9bbcd8a42c51,패배,7/6/9
#8402416344,2026-10-01 20:51,c9372432-0fdc-5fd3-b8e6-cbb273ca03fd,패배,9/4/9
#8402416344,2026-10-01 20:51,676f3610-d9c9-5727-a5bd-d93aac82cad2,패배,6/3/11
#8402416344,2026-10-01 20:51,1197e8f5-daec-5145-854e-a6f73237afc8,패배,4/9/11
#8402416344,2026-10-01 20:51,aa91628d-1def-593d-862a-968b8287a439,패배,2/10/17
#8402416344,2026-10-01 20:51,77bb09d0-2c95-596d-885a-3be23112cc76,승리,3/6/15
#8402416344,2026-10-01 20:51,843f6b49-c018-52aa-932e-14bcba62e0cd,승리,10/3/12
#8402416344,2026-10-01 20:51,bc7d9161-a7d7-559a-9a9f-ac3c63c6e84d,승리,7/5/13
#8402416344,2026-10-01 20:51,33d4446b-a1b9-5b44-ae8a-2009b77218d4,승리,12/5/9
#8402416344,2026-10-01 20:51,fc0f19c9-c655-5915-ad47-0ef0d2bff998,승리,0/9/27
#8402426962,2026-10-01 21:06,0a7b4119-42e6-502f-afa3-80e33dde1025,승리,18/5/9
#8402426962,2026-10-01 21:06,f8d2e389-b298-5a7f-94ec-74e762e4437a,승리,7/5/7
#8402426962,2026-10-01 21:06,4f8efa45-702e-52f6-88b5-e6c3859449ef,승리,5/4/10
#8402426962,2026-10-01 21:06,fd30acf7-dfb6-55e3-8ee1-8463244a92d5,승리,13/8/3
#8402426962,2026-10-01 21:06,9698fdaf-6098-5b6c-80f4-e1b06071009c,승리,2/4/20
#8402426962,2026-10-01 21:06,55db3240-4085-54b7-b90d-547f0c3a8327,패배,5/6/10
#8402426962,2026-10-01 21:06,cdf18188-08e4-5812-9741-ef6e5414333e,패배,6/10/9
#8402426962,2026-10-01 21:06,6a4f5512-0b22-5bd1-ae85-8d8c07d751ab,패배,12/6/4
#8402426962,2026-10-01 21:06,f5b1b3fc-5819-512f-8fc4-1e3f12e480f4,패배,2/12/10
#8402426962,2026-10-01 21:06,bf515608-1608-5c9f-91bb-25b56f3b1050,패배,1/11/10
#8402499216,2026-10-01 21:41,676f3610-d9c9-5727-a5bd-d93aac82cad2,승리,8/2/1
#8402499216,2026-10-01 21:41,1197e8f5-daec-5145-854e-a6f73237afc8,승리,5/0/8
#8402499216,2026-10-01 21:41,bca1f7cc-4819-538b-a4d9-9bbcd8a42c51,승리,2/6/6
#8402499216,2026-10-01 21:41,33d4446b-a1b9-5b44-ae8a-2009b77218d4,승리,10/0/7
#8402499216,2026-10-01 21:41,fc0f19c9-c655-5915-ad47-0ef0d2bff998,승리,0/4/15
#8402499216,2026-10-01 21:41,77bb09d0-2c95-596d-885a-3be23112cc76,패배,0/7/2
#8402499216,2026-10-01 21:41,c9372432-0fdc-5fd3-b8e6-cbb273ca03fd,패배,3/7/2
#8402499216,2026-10-01 21:41,843f6b49-c018-52aa-932e-14bcba62e0cd,패배,5/1/3
#8402499216,2026-10-01 21:41,aa91628d-1def-593d-862a-968b8287a439,패배,3/6/1
#8402499216,2026-10-01 21:41,bc7d9161-a7d7-559a-9a9f-ac3c63c6e84d,패배,1/4/6
#8402526008,2026-10-01 21:53,0a7b4119-42e6-502f-afa3-80e33dde1025,승리,8/4/8
#8402526008,2026-10-01 21:53,4f8efa45-702e-52f6-88b5-e6c3859449ef,승리,1/2/6
#8402526008,2026-10-01 21:53,fd30acf7-dfb6-55e3-8ee1-8463244a92d5,승리,9/2/6
#8402526008,2026-10-01 21:53,7e2bfe82-2409-5da9-968b-246723d3b167,승리,11/2/7
#8402526008,2026-10-01 21:53,9698fdaf-6098-5b6c-80f4-e1b06071009c,승리,0/3/18
#8402526008,2026-10-01 21:53,55db3240-4085-54b7-b90d-547f0c3a8327,패배,2/1/2
#8402526008,2026-10-01 21:53,d4ed9d18-939c-549c-92bc-c2accb63a5f0,패배,4/7/1
#8402526008,2026-10-01 21:53,f5b1b3fc-5819-512f-8fc4-1e3f12e480f4,패배,4/7/5
#8402526008,2026-10-01 21:53,f8d2e389-b298-5a7f-94ec-74e762e4437a,패배,2/6/5
#8402526008,2026-10-01 21:53,bf515608-1608-5c9f-91bb-25b56f3b1050,패배,1/8/9
#8402569286,2026-10-01 22:23,30b8a5b1-1f16-5bc1-aa73-125e56aa560c,승리,6/4/6
#8402569286,2026-10-01 22:23,c9372432-0fdc-5fd3-b8e6-cbb273ca03fd,패배,4/3/2
#8402569286,2026-10-01 22:23,1197e8f5-daec-5145-854e-a6f73237afc8,패배,6/4/6
#8402569286,2026-10-01 22:23,d9e9a2b8-1f14-5543-8a15-fa0f7ae37bcd,패배,4/4/6
#8402569286,2026-10-01 22:23,843f6b49-c018-52aa-932e-14bcba62e0cd,패배,4/1/8
#8402569286,2026-10-01 22:23,fc0f19c9-c655-5915-ad47-0ef0d2bff998,패배,1/4/12
#8402569286,2026-10-01 22:23,3e583936-ec9b-5f86-a923-77adcd637241,승리,3/1/1
#8402569286,2026-10-01 22:23,aa91628d-1def-593d-862a-968b8287a439,승리,5/4/4
#8402569286,2026-10-01 22:23,33d4446b-a1b9-5b44-ae8a-2009b77218d4,승리,2/3/5
#8402569286,2026-10-01 22:23,bc7d9161-a7d7-559a-9a9f-ac3c63c6e84d,승리,0/7/13
#8402584618,2026-10-01 22:35,0a7b4119-42e6-502f-afa3-80e33dde1025,패배,7/8/6
#8402584618,2026-10-01 22:35,bf515608-1608-5c9f-91bb-25b56f3b1050,패배,1/7/7
#8402584618,2026-10-01 22:35,7e2bfe82-2409-5da9-968b-246723d3b167,패배,15/6/8
#8402584618,2026-10-01 22:35,015afc84-5281-50ca-bbd0-3773fe9d3b2f,패배,8/12/12
#8402584618,2026-10-01 22:35,b5380629-d74b-5796-8e72-98a060d864de,패배,4/9/15
#8402584618,2026-10-01 22:35,f8d2e389-b298-5a7f-94ec-74e762e4437a,승리,8/7/10
#8402584618,2026-10-01 22:35,94923fe7-4521-52ed-b143-ee509e386b2b,승리,7/6/13
#8402584618,2026-10-01 22:35,d4ed9d18-939c-549c-92bc-c2accb63a5f0,승리,20/5/8
#8402584618,2026-10-01 22:35,32648f54-7e5b-571b-87d1-ee6ffdc14f5d,승리,7/8/16
#8402584618,2026-10-01 22:35,9698fdaf-6098-5b6c-80f4-e1b06071009c,승리,0/9/23
#8402667290,2026-10-01 23:22,0a7b4119-42e6-502f-afa3-80e33dde1025,패배,9/12/6
#8402667290,2026-10-01 23:22,015afc84-5281-50ca-bbd0-3773fe9d3b2f,패배,8/7/11
#8402667290,2026-10-01 23:22,7e2bfe82-2409-5da9-968b-246723d3b167,패배,8/5/13
#8402667290,2026-10-01 23:22,32648f54-7e5b-571b-87d1-ee6ffdc14f5d,패배,14/8/11
#8402667290,2026-10-01 23:22,bf515608-1608-5c9f-91bb-25b56f3b1050,패배,1/9/13
#8402667290,2026-10-01 23:22,b5380629-d74b-5796-8e72-98a060d864de,승리,4/9/10
#8402667290,2026-10-01 23:22,94923fe7-4521-52ed-b143-ee509e386b2b,승리,18/8/5
#8402667290,2026-10-01 23:22,d4ed9d18-939c-549c-92bc-c2accb63a5f0,승리,6/7/13
#8402667290,2026-10-01 23:22,9698fdaf-6098-5b6c-80f4-e1b06071009c,승리,11/5/12
#8402667290,2026-10-01 23:22,f8d2e389-b298-5a7f-94ec-74e762e4437a,승리,2/11/16
#8402735704,2026-10-02 00:13,30b8a5b1-1f16-5bc1-aa73-125e56aa560c,승리,7/4/19
#8402735704,2026-10-02 00:13,f8d2e389-b298-5a7f-94ec-74e762e4437a,패배,3/11/4
#8402735704,2026-10-02 00:13,b5380629-d74b-5796-8e72-98a060d864de,패배,5/5/6
#8402735704,2026-10-02 00:13,7e2bfe82-2409-5da9-968b-246723d3b167,패배,5/5/4
#8402735704,2026-10-02 00:13,48a9676c-6f4a-5dfb-9a36-fca24b95153a,패배,5/8/6
#8402735704,2026-10-02 00:13,b1f4307a-346f-574a-8484-c48200a43a21,패배,2/11/8
#8402735704,2026-10-02 00:13,015afc84-5281-50ca-bbd0-3773fe9d3b2f,승리,13/3/10
#8402735704,2026-10-02 00:13,d9e9a2b8-1f14-5543-8a15-fa0f7ae37bcd,승리,5/7/14
#8402735704,2026-10-02 00:13,1197e8f5-daec-5145-854e-a6f73237afc8,승리,11/2/12
#8402735704,2026-10-02 00:13,3e583936-ec9b-5f86-a923-77adcd637241,승리,4/4/25
#8402784886,2026-10-02 00:58,30b8a5b1-1f16-5bc1-aa73-125e56aa560c,승리,4/3/12
#8402784886,2026-10-02 00:58,f8d2e389-b298-5a7f-94ec-74e762e4437a,패배,4/8/1
#8402784886,2026-10-02 00:58,b5380629-d74b-5796-8e72-98a060d864de,패배,4/6/7
#8402784886,2026-10-02 00:58,1197e8f5-daec-5145-854e-a6f73237afc8,패배,2/3/4
#8402784886,2026-10-02 00:58,015afc84-5281-50ca-bbd0-3773fe9d3b2f,패배,1/8/3
#8402784886,2026-10-02 00:58,b1f4307a-346f-574a-8484-c48200a43a21,패배,2/8/4
#8402784886,2026-10-02 00:58,3e583936-ec9b-5f86-a923-77adcd637241,승리,3/2/10
#8402784886,2026-10-02 00:58,7e2bfe82-2409-5da9-968b-246723d3b167,승리,20/4/4
#8402784886,2026-10-02 00:58,48a9676c-6f4a-5dfb-9a36-fca24b95153a,승리,6/2/7
#8402784886,2026-10-02 00:58,d9e9a2b8-1f14-5543-8a15-fa0f7ae37bcd,승리,0/2/15
#8402835449,2026-10-02 01:43,30b8a5b1-1f16-5bc1-aa73-125e56aa560c,패배,11/7/5
#8402835449,2026-10-02 01:43,3e583936-ec9b-5f86-a923-77adcd637241,패배,1/6/9
#8402835449,2026-10-02 01:43,b5380629-d74b-5796-8e72-98a060d864de,패배,13/3/3
#8402835449,2026-10-02 01:43,015afc84-5281-50ca-bbd0-3773fe9d3b2f,패배,8/7/11
#8402835449,2026-10-02 01:43,f8d2e389-b298-5a7f-94ec-74e762e4437a,패배,1/4/23
#8402835449,2026-10-02 01:43,31e88dc8-bc4a-5b0e-b7f0-9d47bec34024,승리,8/6/7
#8402835449,2026-10-02 01:43,7e2bfe82-2409-5da9-968b-246723d3b167,승리,9/6/11
#8402835449,2026-10-02 01:43,d9e9a2b8-1f14-5543-8a15-fa0f7ae37bcd,승리,5/10/12
#8402835449,2026-10-02 01:43,1197e8f5-daec-5145-854e-a6f73237afc8,승리,4/3/15
#8402835449,2026-10-02 01:43,48a9676c-6f4a-5dfb-9a36-fca24b95153a,승리,1/9/13
#8402865855,2026-10-02 02:42,30b8a5b1-1f16-5bc1-aa73-125e56aa560c,승리,9/4/6
#8402865855,2026-10-02 02:42,31e88dc8-bc4a-5b0e-b7f0-9d47bec34024,승리,6/3/7
#8402865855,2026-10-02 02:42,d9e9a2b8-1f14-5543-8a15-fa0f7ae37bcd,승리,7/4/6
#8402865855,2026-10-02 02:42,8220c91a-b6e7-5fdb-98de-27a41dbee0a8,승리,7/3/7
#8402865855,2026-10-02 02:42,f8d2e389-b298-5a7f-94ec-74e762e4437a,승리,1/3/16
#8402865855,2026-10-02 02:42,7e2bfe82-2409-5da9-968b-246723d3b167,패배,0/9/1
#8402865855,2026-10-02 02:42,3e583936-ec9b-5f86-a923-77adcd637241,패배,8/4/4
#8402865855,2026-10-02 02:42,e3c597ca-0783-59c7-8de1-0090ad64a6de,패배,2/3/8
#8402865855,2026-10-02 02:42,015afc84-5281-50ca-bbd0-3773fe9d3b2f,패배,6/9/2
#8402865855,2026-10-02 02:42,b5380629-d74b-5796-8e72-98a060d864de,패배,1/6/9
#8402904164,2026-10-02 03:25,30b8a5b1-1f16-5bc1-aa73-125e56aa560c,패배,7/3/7
#8402904164,2026-10-02 03:25,f908bfd8-9fbd-550c-adc8-438846fc3219,승리,1/9/12
#8402904164,2026-10-02 03:25,b5380629-d74b-5796-8e72-98a060d864de,승리,12/1/16
#8402904164,2026-10-02 03:25,7e2bfe82-2409-5da9-968b-246723d3b167,승리,12/5/6
#8402904164,2026-10-02 03:25,d18ec7c7-d61a-58b8-98d9-ee36e9b5ce58,승리,13/3/15
#8402904164,2026-10-02 03:25,d9e9a2b8-1f14-5543-8a15-fa0f7ae37bcd,승리,5/7/21
#8402904164,2026-10-02 03:25,31e88dc8-bc4a-5b0e-b7f0-9d47bec34024,패배,10/5/2
#8402904164,2026-10-02 03:25,8220c91a-b6e7-5fdb-98de-27a41dbee0a8,패배,3/10/6
#8402904164,2026-10-02 03:25,015afc84-5281-50ca-bbd0-3773fe9d3b2f,패배,4/13/10
#8402904164,2026-10-02 03:25,e3c597ca-0783-59c7-8de1-0090ad64a6de,패배,1/12/13
#8402915421,2026-10-02 04:19,30b8a5b1-1f16-5bc1-aa73-125e56aa560c,패배,12/8/3
#8402915421,2026-10-02 04:19,31e88dc8-bc4a-5b0e-b7f0-9d47bec34024,승리,7/8/10
#8402915421,2026-10-02 04:19,8220c91a-b6e7-5fdb-98de-27a41dbee0a8,승리,9/3/7
#8402915421,2026-10-02 04:19,7e2bfe82-2409-5da9-968b-246723d3b167,승리,9/4/9
#8402915421,2026-10-02 04:19,d18ec7c7-d61a-58b8-98d9-ee36e9b5ce58,승리,19/9/10
#8402915421,2026-10-02 04:19,d9e9a2b8-1f14-5543-8a15-fa0f7ae37bcd,승리,3/4/24
#8402915421,2026-10-02 04:19,f908bfd8-9fbd-550c-adc8-438846fc3219,패배,7/10/4
#8402915421,2026-10-02 04:19,e3c597ca-0783-59c7-8de1-0090ad64a6de,패배,2/6/2
#8402915421,2026-10-02 04:19,015afc84-5281-50ca-bbd0-3773fe9d3b2f,패배,1/13/10
#8402915421,2026-10-02 04:19,b5380629-d74b-5796-8e72-98a060d864de,패배,6/10/7
#8402911951,2026-10-02 05:01,1d7539b5-5566-57d4-b9cd-5158923a589d,승리,13/7/11
#8402911951,2026-10-02 05:01,f908bfd8-9fbd-550c-adc8-438846fc3219,승리,4/11/13
#8402911951,2026-10-02 05:01,30b8a5b1-1f16-5bc1-aa73-125e56aa560c,승리,15/1/16
#8402911951,2026-10-02 05:01,8220c91a-b6e7-5fdb-98de-27a41dbee0a8,승리,11/9/12
#8402911951,2026-10-02 05:01,d18ec7c7-d61a-58b8-98d9-ee36e9b5ce58,승리,1/9/25
#8402911951,2026-10-02 05:01,31e88dc8-bc4a-5b0e-b7f0-9d47bec34024,패배,11/6/4
#8402911951,2026-10-02 05:01,b5380629-d74b-5796-8e72-98a060d864de,패배,9/9/10
#8402911951,2026-10-02 05:01,7e2bfe82-2409-5da9-968b-246723d3b167,패배,16/7/4
#8402911951,2026-10-02 05:01,015afc84-5281-50ca-bbd0-3773fe9d3b2f,패배,1/12/10
#8402911951,2026-10-02 05:01,d9e9a2b8-1f14-5543-8a15-fa0f7ae37bcd,패배,0/10/13
#8403485279,2026-10-02 20:21,30b8a5b1-1f16-5bc1-aa73-125e56aa560c,승리,11/3/16
#8403485279,2026-10-02 20:21,c4c8cdc0-24db-5def-9120-c0eae39625cb,승리,6/2/12
#8403485279,2026-10-02 20:21,2988b6ec-4d8c-5cf7-88ea-be08c42a1416,승리,11/3/15
#8403485279,2026-10-02 20:21,4f8efa45-702e-52f6-88b5-e6c3859449ef,승리,1/5/17
#8403485279,2026-10-02 20:21,cac75d28-bc8f-535a-9cba-80d88502dbd1,승리,5/6/10
#8403485279,2026-10-02 20:21,b374355f-b65d-52fe-990b-5e6accd3ae9c,패배,3/8/6
#8403485279,2026-10-02 20:21,94923fe7-4521-52ed-b143-ee509e386b2b,패배,2/9/9
#8403485279,2026-10-02 20:21,5b3bf88d-076a-5339-9317-e6e1ba821cad,패배,8/8/3
#8403485279,2026-10-02 20:21,33d4446b-a1b9-5b44-ae8a-2009b77218d4,패배,5/4/3
#8403485279,2026-10-02 20:21,dd292162-22fe-59b5-9f3e-7dc56a96567d,패배,1/5/9
#8403468987,2026-10-02 20:23,7e2bfe82-2409-5da9-968b-246723d3b167,패배,6/7/6
#8403468987,2026-10-02 20:23,af3c1609-d379-52f6-98b7-fe36b0ce25ea,패배,6/6/13
#8403468987,2026-10-02 20:23,b0eaa8e9-4c21-5666-83bf-cfbd56778a18,패배,4/5/13
#8403468987,2026-10-02 20:23,72e917d7-9f4e-52b2-82ad-8c7d8741ad78,패배,9/7/11
#8403468987,2026-10-02 20:23,e9d0d0eb-059e-55a4-8a8a-32d53b61f2fc,패배,3/9/12
#8403468987,2026-10-02 20:23,d9e9a2b8-1f14-5543-8a15-fa0f7ae37bcd,승리,3/8/11
#8403468987,2026-10-02 20:23,ce01c0d8-8ebf-57c1-b433-88aa89739103,승리,8/4/10
#8403468987,2026-10-02 20:23,d4ed9d18-939c-549c-92bc-c2accb63a5f0,승리,12/3/13
#8403468987,2026-10-02 20:23,1d7539b5-5566-57d4-b9cd-5158923a589d,승리,9/7/10
#8403468987,2026-10-02 20:23,bc7d9161-a7d7-559a-9a9f-ac3c63c6e84d,승리,1/6/18
#8403555187,2026-10-02 21:07,30b8a5b1-1f16-5bc1-aa73-125e56aa560c,패배,9/3/2
#8403555187,2026-10-02 21:07,b374355f-b65d-52fe-990b-5e6accd3ae9c,승리,4/2/11
#8403555187,2026-10-02 21:07,5b3bf88d-076a-5339-9317-e6e1ba821cad,승리,11/4/8
#8403555187,2026-10-02 21:07,33d4446b-a1b9-5b44-ae8a-2009b77218d4,승리,7/2/9
#8403555187,2026-10-02 21:07,94923fe7-4521-52ed-b143-ee509e386b2b,승리,11/3/4
#8403555187,2026-10-02 21:07,dd292162-22fe-59b5-9f3e-7dc56a96567d,승리,0/4/17
#8403555187,2026-10-02 21:07,c4c8cdc0-24db-5def-9120-c0eae39625cb,패배,2/7/4
#8403555187,2026-10-02 21:07,2988b6ec-4d8c-5cf7-88ea-be08c42a1416,패배,2/8/5
#8403555187,2026-10-02 21:07,4f8efa45-702e-52f6-88b5-e6c3859449ef,패배,2/7/5
#8403555187,2026-10-02 21:07,cac75d28-bc8f-535a-9cba-80d88502dbd1,패배,0/8/8
#8403474766,2026-10-02 20:21,aa2fbfdd-c17f-5e1b-a04e-8567e1c45d5e,승리,2/4/15
#8403474766,2026-10-02 20:21,e25a31d2-835a-56f0-9cce-fd4438f88124,승리,12/2/11
#8403474766,2026-10-02 20:21,cdbeeaa3-2d54-5732-8cbe-e5643e6561f4,승리,4/2/13
#8403474766,2026-10-02 20:21,4aa66eba-e75c-5e2e-8981-3451f6f89d18,승리,5/5/14
#8403474766,2026-10-02 20:21,1b9aa7ca-461b-5d31-8834-7816dd82589b,승리,2/4/22
#8403474766,2026-10-02 20:21,676f3610-d9c9-5727-a5bd-d93aac82cad2,패배,5/5/5
#8403474766,2026-10-02 20:21,571b9bb0-8cd9-5b9e-81e6-814b49141ad4,패배,2/6/9
#8403474766,2026-10-02 20:21,7a8ba539-7e36-5ebc-8c84-affc83acb409,패배,4/5/8
#8403474766,2026-10-02 20:21,48a9676c-6f4a-5dfb-9a36-fca24b95153a,패배,5/4/5
#8403474766,2026-10-02 20:21,898843b8-3f65-555f-9dcb-d566ebcd206e,패배,1/5/9
#8403554868,2026-10-02 21:16,7e2bfe82-2409-5da9-968b-246723d3b167,패배,8/11/4
#8403554868,2026-10-02 21:16,d9e9a2b8-1f14-5543-8a15-fa0f7ae37bcd,승리,2/5/12
#8403554868,2026-10-02 21:16,ce01c0d8-8ebf-57c1-b433-88aa89739103,승리,18/4/11
#8403554868,2026-10-02 21:16,d4ed9d18-939c-549c-92bc-c2accb63a5f0,승리,10/3/12
#8403554868,2026-10-02 21:16,1d7539b5-5566-57d4-b9cd-5158923a589d,승리,14/7/13
#8403554868,2026-10-02 21:16,bc7d9161-a7d7-559a-9a9f-ac3c63c6e84d,승리,2/6/23
#8403554868,2026-10-02 21:16,af3c1609-d379-52f6-98b7-fe36b0ce25ea,패배,2/5/10
#8403554868,2026-10-02 21:16,b0eaa8e9-4c21-5666-83bf-cfbd56778a18,패배,3/7/12
#8403554868,2026-10-02 21:16,72e917d7-9f4e-52b2-82ad-8c7d8741ad78,패배,10/13/8
#8403554868,2026-10-02 21:16,e9d0d0eb-059e-55a4-8a8a-32d53b61f2fc,패배,2/10/18
#8403546290,2026-10-02 21:04,676f3610-d9c9-5727-a5bd-d93aac82cad2,승리,12/4/8
#8403546290,2026-10-02 21:04,571b9bb0-8cd9-5b9e-81e6-814b49141ad4,승리,6/1/21
#8403546290,2026-10-02 21:04,7a8ba539-7e36-5ebc-8c84-affc83acb409,승리,8/2/11
#8403546290,2026-10-02 21:04,48a9676c-6f4a-5dfb-9a36-fca24b95153a,승리,9/4/13
#8403546290,2026-10-02 21:04,898843b8-3f65-555f-9dcb-d566ebcd206e,승리,1/4/18
#8403546290,2026-10-02 21:04,aa2fbfdd-c17f-5e1b-a04e-8567e1c45d5e,패배,2/11/3
#8403546290,2026-10-02 21:04,e25a31d2-835a-56f0-9cce-fd4438f88124,패배,4/4/6
#8403546290,2026-10-02 21:04,cdbeeaa3-2d54-5732-8cbe-e5643e6561f4,패배,0/4/9
#8403546290,2026-10-02 21:04,4aa66eba-e75c-5e2e-8981-3451f6f89d18,패배,9/9/2
#8403546290,2026-10-02 21:04,1b9aa7ca-461b-5d31-8834-7816dd82589b,패배,0/8/7
#8403619503,2026-10-02 21:51,30b8a5b1-1f16-5bc1-aa73-125e56aa560c,승리,9/3/16
#8403619503,2026-10-02 21:51,c4c8cdc0-24db-5def-9120-c0eae39625cb,승리,14/5/10
#8403619503,2026-10-02 21:51,2988b6ec-4d8c-5cf7-88ea-be08c42a1416,승리,13/4/17
#8403619503,2026-10-02 21:51,4f8efa45-702e-52f6-88b5-e6c3859449ef,승리,3/6/16
#8403619503,2026-10-02 21:51,cac75d28-bc8f-535a-9cba-80d88502dbd1,승리,0/7/22
#8403619503,2026-10-02 21:51,b374355f-b65d-52fe-990b-5e6accd3ae9c,패배,5/7/7
#8403619503,2026-10-02 21:51,5b3bf88d-076a-5339-9317-e6e1ba821cad,패배,6/8/12
#8403619503,2026-10-02 21:51,33d4446b-a1b9-5b44-ae8a-2009b77218d4,패배,0/8/14
#8403619503,2026-10-02 21:51,94923fe7-4521-52ed-b143-ee509e386b2b,패배,13/6/4
#8403619503,2026-10-02 21:51,dd292162-22fe-59b5-9f3e-7dc56a96567d,패배,1/10/15
#8403704937,2026-10-02 22:40,30b8a5b1-1f16-5bc1-aa73-125e56aa560c,패배,4/9/7
#8403704937,2026-10-02 22:40,d9e9a2b8-1f14-5543-8a15-fa0f7ae37bcd,승리,4/0/16
#8403704937,2026-10-02 22:40,ce01c0d8-8ebf-57c1-b433-88aa89739103,승리,9/3/11
#8403704937,2026-10-02 22:40,d4ed9d18-939c-549c-92bc-c2accb63a5f0,승리,6/4/12
#8403704937,2026-10-02 22:40,1d7539b5-5566-57d4-b9cd-5158923a589d,승리,6/3/5
#8403704937,2026-10-02 22:40,bc7d9161-a7d7-559a-9a9f-ac3c63c6e84d,승리,1/4/18
#8403704937,2026-10-02 22:40,c4c8cdc0-24db-5def-9120-c0eae39625cb,패배,2/2/4
#8403704937,2026-10-02 22:40,2988b6ec-4d8c-5cf7-88ea-be08c42a1416,패배,4/4/6
#8403704937,2026-10-02 22:40,4f8efa45-702e-52f6-88b5-e6c3859449ef,패배,3/6/5
#8403704937,2026-10-02 22:40,cac75d28-bc8f-535a-9cba-80d88502dbd1,패배,0/5/12
#8403836474,2026-10-02 23:38,d9e9a2b8-1f14-5543-8a15-fa0f7ae37bcd,승리,3/4/22
#8403836474,2026-10-02 23:38,ce01c0d8-8ebf-57c1-b433-88aa89739103,승리,14/5/19
#8403836474,2026-10-02 23:38,d4ed9d18-939c-549c-92bc-c2accb63a5f0,승리,18/5/16
#8403836474,2026-10-02 23:38,1d7539b5-5566-57d4-b9cd-5158923a589d,승리,9/8/22
#8403836474,2026-10-02 23:38,bc7d9161-a7d7-559a-9a9f-ac3c63c6e84d,승리,5/7/35
#8403836474,2026-10-02 23:38,3e247e02-ecab-5b32-a0e2-6ded375a6e34,패배,5/9/8
#8403836474,2026-10-02 23:38,c9456c44-7c1e-5fd7-8907-737737772014,패배,8/9/11
#8403836474,2026-10-02 23:38,79079bf7-8099-53bc-93f8-ea308ffd9170,패배,6/11/12
#8403836474,2026-10-02 23:38,5e13fc05-ff0c-5435-80dd-63bbd252f467,패배,10/6/12
#8403836474,2026-10-02 23:38,dd48b93f-132a-56f2-aa29-95bddefc4a53,패배,0/14/17
#8403923271,2026-10-03 00:26,454320a7-8c33-58cc-a8ce-300dd2f3c4b9,승리,10/5/14
#8403923271,2026-10-03 00:26,77a65121-6eb2-5e4a-af35-c55ad40ec191,패배,4/6/2
#8403923271,2026-10-03 00:26,bca750aa-6e28-52d3-902e-1f3bc6aff4c0,패배,3/8/11
#8403923271,2026-10-03 00:26,f16dd14b-4d23-5799-b821-a3bc8ca71761,패배,7/7/6
#8403923271,2026-10-03 00:26,48a9676c-6f4a-5dfb-9a36-fca24b95153a,패배,3/10/12
#8403923271,2026-10-03 00:26,cac75d28-bc8f-535a-9cba-80d88502dbd1,패배,4/7/9
#8403923271,2026-10-03 00:26,bf515608-1608-5c9f-91bb-25b56f3b1050,승리,4/3/15
#8403923271,2026-10-03 00:26,88b9f221-d8c1-5594-a2f8-820fe8a4050c,승리,13/3/12
#8403923271,2026-10-03 00:26,e3c597ca-0783-59c7-8de1-0090ad64a6de,승리,5/6/10
#8403923271,2026-10-03 00:26,94923fe7-4521-52ed-b143-ee509e386b2b,승리,6/4/23
#8404008155,2026-10-03 01:13,454320a7-8c33-58cc-a8ce-300dd2f3c4b9,승리,12/6/11
#8404008155,2026-10-03 01:13,bca750aa-6e28-52d3-902e-1f3bc6aff4c0,패배,6/5/7
#8404008155,2026-10-03 01:13,bf515608-1608-5c9f-91bb-25b56f3b1050,패배,4/9/9
#8404008155,2026-10-03 01:13,f16dd14b-4d23-5799-b821-a3bc8ca71761,패배,4/12/6
#8404008155,2026-10-03 01:13,cdbeeaa3-2d54-5732-8cbe-e5643e6561f4,패배,5/9/6
#8404008155,2026-10-03 01:13,77a65121-6eb2-5e4a-af35-c55ad40ec191,패배,2/8/10
#8404008155,2026-10-03 01:13,88b9f221-d8c1-5594-a2f8-820fe8a4050c,승리,8/4/21
#8404008155,2026-10-03 01:13,e3c597ca-0783-59c7-8de1-0090ad64a6de,승리,6/6/16
#8404008155,2026-10-03 01:13,48a9676c-6f4a-5dfb-9a36-fca24b95153a,승리,13/3/14
#8404008155,2026-10-03 01:13,cac75d28-bc8f-535a-9cba-80d88502dbd1,승리,4/2/22
#8404057806,2026-10-03 02:01,454320a7-8c33-58cc-a8ce-300dd2f3c4b9,승리,16/2/2
#8404057806,2026-10-03 02:01,bf515608-1608-5c9f-91bb-25b56f3b1050,패배,7/6/7
#8404057806,2026-10-03 02:01,ce01c0d8-8ebf-57c1-b433-88aa89739103,패배,3/9/6
#8404057806,2026-10-03 02:01,cdbeeaa3-2d54-5732-8cbe-e5643e6561f4,패배,5/7/10
#8404057806,2026-10-03 02:01,cac75d28-bc8f-535a-9cba-80d88502dbd1,패배,8/4/6
#8404057806,2026-10-03 02:01,bca750aa-6e28-52d3-902e-1f3bc6aff4c0,패배,0/2/13
#8404057806,2026-10-03 02:01,e3c597ca-0783-59c7-8de1-0090ad64a6de,승리,0/8/12
#8404057806,2026-10-03 02:01,88b9f221-d8c1-5594-a2f8-820fe8a4050c,승리,4/6/14
#8404057806,2026-10-03 02:01,48a9676c-6f4a-5dfb-9a36-fca24b95153a,승리,7/3/10
#8404057806,2026-10-03 02:01,f16dd14b-4d23-5799-b821-a3bc8ca71761,승리,1/4/17
#8404104916,2026-10-03 02:54,454320a7-8c33-58cc-a8ce-300dd2f3c4b9,승리,6/3/15
#8404104916,2026-10-03 02:54,32648f54-7e5b-571b-87d1-ee6ffdc14f5d,패배,3/9/2
#8404104916,2026-10-03 02:54,ce01c0d8-8ebf-57c1-b433-88aa89739103,패배,5/5/3
#8404104916,2026-10-03 02:54,cdbeeaa3-2d54-5732-8cbe-e5643e6561f4,패배,2/5/2
#8404104916,2026-10-03 02:54,4a220ce1-abbb-57df-9bd2-e974b33452e5,패배,4/7/6
#8404104916,2026-10-03 02:54,cac75d28-bc8f-535a-9cba-80d88502dbd1,패배,1/7/9
#8404104916,2026-10-03 02:54,bca750aa-6e28-52d3-902e-1f3bc6aff4c0,승리,8/4/6
#8404104916,2026-10-03 02:54,cdf18188-08e4-5812-9741-ef6e5414333e,승리,14/0/8
#8404104916,2026-10-03 02:54,f16dd14b-4d23-5799-b821-a3bc8ca71761,승리,2/1/12
#8404104916,2026-10-03 02:54,e3c597ca-0783-59c7-8de1-0090ad64a6de,승리,3/7/12
#8404135891,2026-10-03 03:33,454320a7-8c33-58cc-a8ce-300dd2f3c4b9,패배,1/12/3
#8404135891,2026-10-03 03:33,ce01c0d8-8ebf-57c1-b433-88aa89739103,패배,16/6/8
#8404135891,2026-10-03 03:33,cdbeeaa3-2d54-5732-8cbe-e5643e6561f4,패배,1/10/8
#8404135891,2026-10-03 03:33,4a220ce1-abbb-57df-9bd2-e974b33452e5,패배,8/4/7
#8404135891,2026-10-03 03:33,cac75d28-bc8f-535a-9cba-80d88502dbd1,패배,0/6/18
#8404135891,2026-10-03 03:33,bca750aa-6e28-52d3-902e-1f3bc6aff4c0,승리,9/4/11
#8404135891,2026-10-03 03:33,41e09551-926a-5c0d-a51d-22e93e95d748,승리,8/5/13
#8404135891,2026-10-03 03:33,32648f54-7e5b-571b-87d1-ee6ffdc14f5d,승리,10/7/12
#8404135891,2026-10-03 03:33,b143548f-1c02-5836-a61c-8be625af053d,승리,10/3/9
#8404135891,2026-10-03 03:33,e3c597ca-0783-59c7-8de1-0090ad64a6de,승리,1/7/12
#8404440741,2026-10-03 14:11,30b8a5b1-1f16-5bc1-aa73-125e56aa560c,승리,16/3/20
#8404440741,2026-10-03 14:11,aa2fbfdd-c17f-5e1b-a04e-8567e1c45d5e,승리,5/6/13
#8404440741,2026-10-03 14:11,7a8ba539-7e36-5ebc-8c84-affc83acb409,승리,3/5/13
#8404440741,2026-10-03 14:11,32648f54-7e5b-571b-87d1-ee6ffdc14f5d,승리,13/9/10
#8404440741,2026-10-03 14:11,1f538f56-a518-52c5-bb47-38b1b42846d6,승리,2/10/28
#8404440741,2026-10-03 14:11,31e88dc8-bc4a-5b0e-b7f0-9d47bec34024,패배,6/7/6
#8404440741,2026-10-03 14:11,1197e8f5-daec-5145-854e-a6f73237afc8,패배,5/11/9
#8404440741,2026-10-03 14:11,26583f10-50a4-5f03-b49b-8c3d8acfac5d,패배,4/7/6
#8404440741,2026-10-03 14:11,d4ed9d18-939c-549c-92bc-c2accb63a5f0,패배,16/7/5
#8404440741,2026-10-03 14:11,bc7d9161-a7d7-559a-9a9f-ac3c63c6e84d,패배,2/8/17
#8404494753,2026-10-03 14:58,30b8a5b1-1f16-5bc1-aa73-125e56aa560c,승리,5/5/20
#8404494753,2026-10-03 14:58,31e88dc8-bc4a-5b0e-b7f0-9d47bec34024,패배,7/10/3
#8404494753,2026-10-03 14:58,bc7d9161-a7d7-559a-9a9f-ac3c63c6e84d,패배,0/7/10
#8404494753,2026-10-03 14:58,d4ed9d18-939c-549c-92bc-c2accb63a5f0,패배,4/6/5
#8404494753,2026-10-03 14:58,1197e8f5-daec-5145-854e-a6f73237afc8,패배,3/13/5
#8404494753,2026-10-03 14:58,aa2fbfdd-c17f-5e1b-a04e-8567e1c45d5e,패배,3/7/8
#8404494753,2026-10-03 14:58,26583f10-50a4-5f03-b49b-8c3d8acfac5d,승리,11/6/9
#8404494753,2026-10-03 14:58,7a8ba539-7e36-5ebc-8c84-affc83acb409,승리,1/1/19
#8404494753,2026-10-03 14:58,32648f54-7e5b-571b-87d1-ee6ffdc14f5d,승리,25/4/6
#8404494753,2026-10-03 14:58,1f538f56-a518-52c5-bb47-38b1b42846d6,승리,1/1/32
#8404560711,2026-10-03 15:48,30b8a5b1-1f16-5bc1-aa73-125e56aa560c,승리,8/3/3
#8404560711,2026-10-03 15:48,26583f10-50a4-5f03-b49b-8c3d8acfac5d,승리,3/1/2
#8404560711,2026-10-03 15:48,d9e9a2b8-1f14-5543-8a15-fa0f7ae37bcd,승리,6/1/7
#8404560711,2026-10-03 15:48,7a8ba539-7e36-5ebc-8c84-affc83acb409,승리,3/6/4
#8404560711,2026-10-03 15:48,a2cff7d6-9172-5eb9-aa2d-56c3f2b0182f,승리,8/2/6
#8404560711,2026-10-03 15:48,bf515608-1608-5c9f-91bb-25b56f3b1050,패배,0/5/0
#8404560711,2026-10-03 15:48,f691451d-87d3-5db5-94cf-22971436cf70,패배,3/5/2
#8404560711,2026-10-03 15:48,d4ed9d18-939c-549c-92bc-c2accb63a5f0,패배,3/7/2
#8404560711,2026-10-03 15:48,1197e8f5-daec-5145-854e-a6f73237afc8,패배,1/6/5
#8404560711,2026-10-03 15:48,bc7d9161-a7d7-559a-9a9f-ac3c63c6e84d,패배,5/5/4
#8403635485,2026-10-02 21:58,3e247e02-ecab-5b32-a0e2-6ded375a6e34,승리,2/1/13
#8403635485,2026-10-02 21:58,c9456c44-7c1e-5fd7-8907-737737772014,승리,12/3/9
#8403635485,2026-10-02 21:58,79079bf7-8099-53bc-93f8-ea308ffd9170,승리,9/3/15
#8403635485,2026-10-02 21:58,5e13fc05-ff0c-5435-80dd-63bbd252f467,승리,7/3/7
#8403635485,2026-10-02 21:58,dd48b93f-132a-56f2-aa29-95bddefc4a53,승리,0/5/23
#8403635485,2026-10-02 21:58,3ee03b31-3cfa-5edc-9b02-a6f089749330,패배,2/6/2
#8403635485,2026-10-02 21:58,f691451d-87d3-5db5-94cf-22971436cf70,패배,5/5/6
#8403635485,2026-10-02 21:58,f6913164-7a0a-5d4f-a898-54665431820b,패배,2/7/3
#8403635485,2026-10-02 21:58,015afc84-5281-50ca-bbd0-3773fe9d3b2f,패배,6/6/3
#8403635485,2026-10-02 21:58,26583f10-50a4-5f03-b49b-8c3d8acfac5d,패배,0/6/11
#8403549869,2026-10-02 21:13,3ee03b31-3cfa-5edc-9b02-a6f089749330,패배,5/7/2
#8403549869,2026-10-02 21:13,f691451d-87d3-5db5-94cf-22971436cf70,패배,4/9/10
#8403549869,2026-10-02 21:13,f6913164-7a0a-5d4f-a898-54665431820b,패배,8/6/12
#8403549869,2026-10-02 21:13,015afc84-5281-50ca-bbd0-3773fe9d3b2f,패배,3/6/15
#8403549869,2026-10-02 21:13,26583f10-50a4-5f03-b49b-8c3d8acfac5d,패배,2/10/14
#8403549869,2026-10-02 21:13,3e247e02-ecab-5b32-a0e2-6ded375a6e34,승리,3/3/13
#8403549869,2026-10-02 21:13,c9456c44-7c1e-5fd7-8907-737737772014,승리,4/6/20
#8403549869,2026-10-02 21:13,79079bf7-8099-53bc-93f8-ea308ffd9170,승리,9/5/21
#8403549869,2026-10-02 21:13,5e13fc05-ff0c-5435-80dd-63bbd252f467,승리,20/2/11
#8403549869,2026-10-02 21:13,dd48b93f-132a-56f2-aa29-95bddefc4a53,승리,2/6/26
#8403490011,2026-10-02 20:20,3e247e02-ecab-5b32-a0e2-6ded375a6e34,패배,4/8/6
#8403490011,2026-10-02 20:20,c9456c44-7c1e-5fd7-8907-737737772014,패배,8/7/18
#8403490011,2026-10-02 20:20,79079bf7-8099-53bc-93f8-ea308ffd9170,패배,10/6/9
#8403490011,2026-10-02 20:20,5e13fc05-ff0c-5435-80dd-63bbd252f467,패배,10/7/9
#8403490011,2026-10-02 20:20,dd48b93f-132a-56f2-aa29-95bddefc4a53,패배,2/9/16
#8403490011,2026-10-02 20:20,3ee03b31-3cfa-5edc-9b02-a6f089749330,승리,4/4/9
#8403490011,2026-10-02 20:20,f691451d-87d3-5db5-94cf-22971436cf70,승리,16/6/6
#8403490011,2026-10-02 20:20,f6913164-7a0a-5d4f-a898-54665431820b,승리,8/6/17
#8403490011,2026-10-02 20:20,015afc84-5281-50ca-bbd0-3773fe9d3b2f,승리,5/10/16
#8403490011,2026-10-02 20:20,26583f10-50a4-5f03-b49b-8c3d8acfac5d,승리,4/8/18
#8404607848,2026-10-03 16:25,30b8a5b1-1f16-5bc1-aa73-125e56aa560c,패배,3/10/6
#8404607848,2026-10-03 16:25,d9e9a2b8-1f14-5543-8a15-fa0f7ae37bcd,승리,4/10/13
#8404607848,2026-10-03 16:25,f691451d-87d3-5db5-94cf-22971436cf70,승리,19/5/17
#8404607848,2026-10-03 16:25,33d4446b-a1b9-5b44-ae8a-2009b77218d4,승리,16/3/17
#8404607848,2026-10-03 16:25,d4ed9d18-939c-549c-92bc-c2accb63a5f0,승리,14/4/17
#8404607848,2026-10-03 16:25,bc7d9161-a7d7-559a-9a9f-ac3c63c6e84d,승리,3/5/35
#8404607848,2026-10-03 16:25,676f3610-d9c9-5727-a5bd-d93aac82cad2,패배,15/11/4
#8404607848,2026-10-03 16:25,a2cff7d6-9172-5eb9-aa2d-56c3f2b0182f,패배,5/11/10
#8404607848,2026-10-03 16:25,7a8ba539-7e36-5ebc-8c84-affc83acb409,패배,2/11/9
#8404607848,2026-10-03 16:25,bf515608-1608-5c9f-91bb-25b56f3b1050,패배,1/13/12
#8404670691,2026-10-03 17:10,30b8a5b1-1f16-5bc1-aa73-125e56aa560c,패배,9/4/5
#8404670691,2026-10-03 17:10,f691451d-87d3-5db5-94cf-22971436cf70,승리,9/7/3
#8404670691,2026-10-03 17:10,676f3610-d9c9-5727-a5bd-d93aac82cad2,승리,8/4/6
#8404670691,2026-10-03 17:10,d9e9a2b8-1f14-5543-8a15-fa0f7ae37bcd,승리,1/4/6
#8404670691,2026-10-03 17:10,33d4446b-a1b9-5b44-ae8a-2009b77218d4,승리,5/4/7
#8404670691,2026-10-03 17:10,bf515608-1608-5c9f-91bb-25b56f3b1050,승리,0/7/13
#8404670691,2026-10-03 17:10,7a8ba539-7e36-5ebc-8c84-affc83acb409,패배,4/5/12
#8404670691,2026-10-03 17:10,a2cff7d6-9172-5eb9-aa2d-56c3f2b0182f,패배,10/3/5
#8404670691,2026-10-03 17:10,0a7b4119-42e6-502f-afa3-80e33dde1025,패배,2/7/11
#8404670691,2026-10-03 17:10,9cf20ad8-ea37-5c6b-a6f7-3b5d69dce526,패배,0/4/15
#8404841059,2026-10-03 19:06,30b8a5b1-1f16-5bc1-aa73-125e56aa560c,패배,2/5/2
#8404841059,2026-10-03 19:06,b374355f-b65d-52fe-990b-5e6accd3ae9c,승리,2/2/7
#8404841059,2026-10-03 19:06,f691451d-87d3-5db5-94cf-22971436cf70,승리,12/0/8
#8404841059,2026-10-03 19:06,78b31098-ad76-51b0-afac-616c7086f958,승리,6/1/7
#8404841059,2026-10-03 19:06,a2cff7d6-9172-5eb9-aa2d-56c3f2b0182f,승리,3/3/7
#8404841059,2026-10-03 19:06,bc7d9161-a7d7-559a-9a9f-ac3c63c6e84d,승리,0/3/15
#8404841059,2026-10-03 19:06,676f3610-d9c9-5727-a5bd-d93aac82cad2,패배,2/6/0
#8404841059,2026-10-03 19:06,7e2bfe82-2409-5da9-968b-246723d3b167,패배,0/5/3
#8404841059,2026-10-03 19:06,33d4446b-a1b9-5b44-ae8a-2009b77218d4,패배,4/3/2
#8404841059,2026-10-03 19:06,d9e9a2b8-1f14-5543-8a15-fa0f7ae37bcd,패배,1/5/4
#8404885130,2026-10-03 19:38,30b8a5b1-1f16-5bc1-aa73-125e56aa560c,승리,6/3/4
#8404885130,2026-10-03 19:38,f691451d-87d3-5db5-94cf-22971436cf70,패배,4/7/1
#8404885130,2026-10-03 19:38,b374355f-b65d-52fe-990b-5e6accd3ae9c,패배,0/6/5
#8404885130,2026-10-03 19:38,a2cff7d6-9172-5eb9-aa2d-56c3f2b0182f,패배,4/7/0
#8404885130,2026-10-03 19:38,33d4446b-a1b9-5b44-ae8a-2009b77218d4,패배,3/5/1
#8404885130,2026-10-03 19:38,bc7d9161-a7d7-559a-9a9f-ac3c63c6e84d,패배,0/5/4
#8404885130,2026-10-03 19:38,676f3610-d9c9-5727-a5bd-d93aac82cad2,승리,6/2/4
#8404885130,2026-10-03 19:38,78b31098-ad76-51b0-afac-616c7086f958,승리,10/3/7
#8404885130,2026-10-03 19:38,7e2bfe82-2409-5da9-968b-246723d3b167,승리,7/3/5
#8404885130,2026-10-03 19:38,d9e9a2b8-1f14-5543-8a15-fa0f7ae37bcd,승리,1/1/12
#8404919889,2026-10-03 20:21,30b8a5b1-1f16-5bc1-aa73-125e56aa560c,패배,3/5/5
#8404919889,2026-10-03 20:21,f691451d-87d3-5db5-94cf-22971436cf70,승리,2/5/4
#8404919889,2026-10-03 20:21,bc7d9161-a7d7-559a-9a9f-ac3c63c6e84d,승리,9/2/13
#8404919889,2026-10-03 20:21,78b31098-ad76-51b0-afac-616c7086f958,승리,5/4/9
#8404919889,2026-10-03 20:21,7e2bfe82-2409-5da9-968b-246723d3b167,승리,10/2/6
#8404919889,2026-10-03 20:21,b374355f-b65d-52fe-990b-5e6accd3ae9c,승리,0/3/20
#8404919889,2026-10-03 20:21,676f3610-d9c9-5727-a5bd-d93aac82cad2,패배,5/5/1
#8404919889,2026-10-03 20:21,d9e9a2b8-1f14-5543-8a15-fa0f7ae37bcd,패배,5/8/1
#8404919889,2026-10-03 20:21,33d4446b-a1b9-5b44-ae8a-2009b77218d4,패배,3/4/2
#8404919889,2026-10-03 20:21,3e583936-ec9b-5f86-a923-77adcd637241,패배,0/5/6
#8405008193,2026-10-03 21:05,3e583936-ec9b-5f86-a923-77adcd637241,패배,1/5/1
#8405008193,2026-10-03 21:05,676f3610-d9c9-5727-a5bd-d93aac82cad2,패배,0/6/2
#8405008193,2026-10-03 21:05,78b31098-ad76-51b0-afac-616c7086f958,패배,0/4/1
#8405008193,2026-10-03 21:05,33d4446b-a1b9-5b44-ae8a-2009b77218d4,패배,5/4/1
#8405008193,2026-10-03 21:05,d9e9a2b8-1f14-5543-8a15-fa0f7ae37bcd,패배,1/4/5
#8405008193,2026-10-03 21:05,1197e8f5-daec-5145-854e-a6f73237afc8,승리,4/0/2
#8405008193,2026-10-03 21:05,ce01c0d8-8ebf-57c1-b433-88aa89739103,승리,3/1/9
#8405008193,2026-10-03 21:05,7e2bfe82-2409-5da9-968b-246723d3b167,승리,9/0/5
#8405008193,2026-10-03 21:05,f691451d-87d3-5db5-94cf-22971436cf70,승리,7/2/3
#8405008193,2026-10-03 21:05,bc7d9161-a7d7-559a-9a9f-ac3c63c6e84d,승리,0/4/9
#8405048470,2026-10-03 21:35,1197e8f5-daec-5145-854e-a6f73237afc8,패배,0/9/4
#8405048470,2026-10-03 21:35,ce01c0d8-8ebf-57c1-b433-88aa89739103,패배,8/6/4
#8405048470,2026-10-03 21:35,78b31098-ad76-51b0-afac-616c7086f958,패배,2/3/8
#8405048470,2026-10-03 21:35,f691451d-87d3-5db5-94cf-22971436cf70,패배,7/7/5
#8405048470,2026-10-03 21:35,3712c3ab-a24a-5bf1-85c1-b92c4d68e907,패배,1/4/9
#8405048470,2026-10-03 21:35,898843b8-3f65-555f-9dcb-d566ebcd206e,승리,1/3/15
#8405048470,2026-10-03 21:35,3e583936-ec9b-5f86-a923-77adcd637241,승리,2/4/9
#8405048470,2026-10-03 21:35,7e2bfe82-2409-5da9-968b-246723d3b167,승리,17/2/4
#8405048470,2026-10-03 21:35,1d7539b5-5566-57d4-b9cd-5158923a589d,승리,6/4/5
#8405048470,2026-10-03 21:35,bc7d9161-a7d7-559a-9a9f-ac3c63c6e84d,승리,3/5/14
#8405150306,2026-10-03 22:23,1d7539b5-5566-57d4-b9cd-5158923a589d,승리,7/6/14
#8405150306,2026-10-03 22:23,f691451d-87d3-5db5-94cf-22971436cf70,패배,1/7/1
#8405150306,2026-10-03 22:23,3e583936-ec9b-5f86-a923-77adcd637241,패배,1/9/2
#8405150306,2026-10-03 22:23,78b31098-ad76-51b0-afac-616c7086f958,패배,3/9/1
#8405150306,2026-10-03 22:23,1197e8f5-daec-5145-854e-a6f73237afc8,패배,7/9/5
#8405150306,2026-10-03 22:23,3712c3ab-a24a-5bf1-85c1-b92c4d68e907,패배,3/6/8
#8405150306,2026-10-03 22:23,898843b8-3f65-555f-9dcb-d566ebcd206e,승리,2/1/18
#8405150306,2026-10-03 22:23,ce01c0d8-8ebf-57c1-b433-88aa89739103,승리,14/1/10
#8405150306,2026-10-03 22:23,7e2bfe82-2409-5da9-968b-246723d3b167,승리,13/1/12
#8405150306,2026-10-03 22:23,bc7d9161-a7d7-559a-9a9f-ac3c63c6e84d,승리,4/6/18
#8405237082,2026-10-03 23:01,1d7539b5-5566-57d4-b9cd-5158923a589d,패배,2/2/5
#8405237082,2026-10-03 23:01,3712c3ab-a24a-5bf1-85c1-b92c4d68e907,패배,3/6/2
#8405237082,2026-10-03 23:01,ce01c0d8-8ebf-57c1-b433-88aa89739103,패배,3/5/4
#8405237082,2026-10-03 23:01,78b31098-ad76-51b0-afac-616c7086f958,패배,2/5/1
#8405237082,2026-10-03 23:01,1197e8f5-daec-5145-854e-a6f73237afc8,패배,2/8/3
#8405237082,2026-10-03 23:01,3e583936-ec9b-5f86-a923-77adcd637241,승리,0/2/7
#8405237082,2026-10-03 23:01,f691451d-87d3-5db5-94cf-22971436cf70,승리,7/3/9
#8405237082,2026-10-03 23:01,898843b8-3f65-555f-9dcb-d566ebcd206e,승리,3/4/7
#8405237082,2026-10-03 23:01,7e2bfe82-2409-5da9-968b-246723d3b167,승리,12/2/8
#8405237082,2026-10-03 23:01,bc7d9161-a7d7-559a-9a9f-ac3c63c6e84d,승리,4/1/14
#8405294926,2026-10-03 23:39,1d7539b5-5566-57d4-b9cd-5158923a589d,승리,9/3/12
#8405294926,2026-10-03 23:39,e25a31d2-835a-56f0-9cce-fd4438f88124,패배,1/6/4
#8405294926,2026-10-03 23:39,1197e8f5-daec-5145-854e-a6f73237afc8,패배,11/8/1
#8405294926,2026-10-03 23:39,898843b8-3f65-555f-9dcb-d566ebcd206e,패배,3/8/6
#8405294926,2026-10-03 23:39,94923fe7-4521-52ed-b143-ee509e386b2b,패배,2/10/6
#8405294926,2026-10-03 23:39,bc7d9161-a7d7-559a-9a9f-ac3c63c6e84d,패배,0/6/7
#8405294926,2026-10-03 23:39,3e583936-ec9b-5f86-a923-77adcd637241,승리,8/3/7
#8405294926,2026-10-03 23:39,ce01c0d8-8ebf-57c1-b433-88aa89739103,승리,6/3/14
#8405294926,2026-10-03 23:39,78b31098-ad76-51b0-afac-616c7086f958,승리,8/4/13
#8405294926,2026-10-03 23:39,7e2bfe82-2409-5da9-968b-246723d3b167,승리,7/4/12
#8405385862,2026-10-04 00:23,1d7539b5-5566-57d4-b9cd-5158923a589d,승리,3/12/20
#8405385862,2026-10-04 00:23,898843b8-3f65-555f-9dcb-d566ebcd206e,패배,9/8/13
#8405385862,2026-10-04 00:23,ce01c0d8-8ebf-57c1-b433-88aa89739103,패배,12/7/17
#8405385862,2026-10-04 00:23,5e13fc05-ff0c-5435-80dd-63bbd252f467,패배,8/9/14
#8405385862,2026-10-04 00:23,7e2bfe82-2409-5da9-968b-246723d3b167,패배,12/9/18
#8405385862,2026-10-04 00:23,94923fe7-4521-52ed-b143-ee509e386b2b,패배,6/10/16
#8405385862,2026-10-04 00:23,1197e8f5-daec-5145-854e-a6f73237afc8,승리,9/11/13
#8405385862,2026-10-04 00:23,bc7d9161-a7d7-559a-9a9f-ac3c63c6e84d,승리,4/9/13
#8405385862,2026-10-04 00:23,3e583936-ec9b-5f86-a923-77adcd637241,승리,10/5/18
#8405385862,2026-10-04 00:23,e25a31d2-835a-56f0-9cce-fd4438f88124,승리,17/10/9
#8405503151,2026-10-04 01:20,1d7539b5-5566-57d4-b9cd-5158923a589d,패배,3/5/4
#8405503151,2026-10-04 01:20,e25a31d2-835a-56f0-9cce-fd4438f88124,패배,1/6/4
#8405503151,2026-10-04 01:20,ce01c0d8-8ebf-57c1-b433-88aa89739103,패배,5/3/4
#8405503151,2026-10-04 01:20,454320a7-8c33-58cc-a8ce-300dd2f3c4b9,패배,6/4/3
#8405503151,2026-10-04 01:20,898843b8-3f65-555f-9dcb-d566ebcd206e,패배,2/7/3
#8405503151,2026-10-04 01:20,31e88dc8-bc4a-5b0e-b7f0-9d47bec34024,승리,8/6/0
#8405503151,2026-10-04 01:20,88b9f221-d8c1-5594-a2f8-820fe8a4050c,승리,2/1/7
#8405503151,2026-10-04 01:20,5e13fc05-ff0c-5435-80dd-63bbd252f467,승리,4/4/0
#8405503151,2026-10-04 01:20,b143548f-1c02-5836-a61c-8be625af053d,승리,10/3/3
#8405503151,2026-10-04 01:20,48a9676c-6f4a-5dfb-9a36-fca24b95153a,승리,1/3/14
#8405554665,2026-10-04 02:08,72e917d7-9f4e-52b2-82ad-8c7d8741ad78,승리,6/2/8
#8405554665,2026-10-04 02:08,31e88dc8-bc4a-5b0e-b7f0-9d47bec34024,패배,2/4/1
#8405554665,2026-10-04 02:08,88b9f221-d8c1-5594-a2f8-820fe8a4050c,패배,3/3/0
#8405554665,2026-10-04 02:08,5e13fc05-ff0c-5435-80dd-63bbd252f467,패배,0/8/2
#8405554665,2026-10-04 02:08,b143548f-1c02-5836-a61c-8be625af053d,패배,2/5/0
#8405554665,2026-10-04 02:08,cac75d28-bc8f-535a-9cba-80d88502dbd1,패배,0/5/1
#8405554665,2026-10-04 02:08,e25a31d2-835a-56f0-9cce-fd4438f88124,승리,1/4/3
#8405554665,2026-10-04 02:08,ce01c0d8-8ebf-57c1-b433-88aa89739103,승리,6/0/5
#8405554665,2026-10-04 02:08,7e2bfe82-2409-5da9-968b-246723d3b167,승리,11/1/3
#8405554665,2026-10-04 02:08,48a9676c-6f4a-5dfb-9a36-fca24b95153a,승리,1/0/14
#8405595833,2026-10-04 02:51,72e917d7-9f4e-52b2-82ad-8c7d8741ad78,패배,4/7/2
#8405595833,2026-10-04 02:51,31e88dc8-bc4a-5b0e-b7f0-9d47bec34024,패배,3/3/0
#8405595833,2026-10-04 02:51,ce01c0d8-8ebf-57c1-b433-88aa89739103,패배,0/5/2
#8405595833,2026-10-04 02:51,88b9f221-d8c1-5594-a2f8-820fe8a4050c,패배,3/3/3
#8405595833,2026-10-04 02:51,5e13fc05-ff0c-5435-80dd-63bbd252f467,패배,4/8/3
#8405595833,2026-10-04 02:51,48a9676c-6f4a-5dfb-9a36-fca24b95153a,승리,1/4/3
#8405595833,2026-10-04 02:51,e25a31d2-835a-56f0-9cce-fd4438f88124,승리,9/1/6
#8405595833,2026-10-04 02:51,7e2bfe82-2409-5da9-968b-246723d3b167,승리,10/3/7
#8405595833,2026-10-04 02:51,b143548f-1c02-5836-a61c-8be625af053d,승리,4/3/12
#8405595833,2026-10-04 02:51,cac75d28-bc8f-535a-9cba-80d88502dbd1,승리,2/3/13
#8405634771,2026-10-04 03:36,1d7539b5-5566-57d4-b9cd-5158923a589d,승리,5/4/12
#8405634771,2026-10-04 03:36,31e88dc8-bc4a-5b0e-b7f0-9d47bec34024,승리,8/5/10
#8405634771,2026-10-04 03:36,ce01c0d8-8ebf-57c1-b433-88aa89739103,승리,3/0/16
#8405634771,2026-10-04 03:36,72e917d7-9f4e-52b2-82ad-8c7d8741ad78,승리,7/4/6
#8405634771,2026-10-04 03:36,cac75d28-bc8f-535a-9cba-80d88502dbd1,승리,0/2/15
#8405634771,2026-10-04 03:36,74f1ee22-c5a2-59b2-91b9-8f6b6ef71b9b,패배,1/8/7
#8405634771,2026-10-04 03:36,e25a31d2-835a-56f0-9cce-fd4438f88124,패배,6/3/2
#8405634771,2026-10-04 03:36,7e2bfe82-2409-5da9-968b-246723d3b167,패배,3/3/4
#8405634771,2026-10-04 03:36,88b9f221-d8c1-5594-a2f8-820fe8a4050c,패배,5/5/2
#8405634771,2026-10-04 03:36,3712c3ab-a24a-5bf1-85c1-b92c4d68e907,패배,0/4/7
#8403732706,2026-10-02 22:49,3e247e02-ecab-5b32-a0e2-6ded375a6e34,승리,2/4/17
#8403732706,2026-10-02 22:49,c9456c44-7c1e-5fd7-8907-737737772014,승리,5/6/22
#8403732706,2026-10-02 22:49,79079bf7-8099-53bc-93f8-ea308ffd9170,승리,11/1/19
#8403732706,2026-10-02 22:49,5e13fc05-ff0c-5435-80dd-63bbd252f467,승리,19/2/11
#8403732706,2026-10-02 22:49,dd48b93f-132a-56f2-aa29-95bddefc4a53,승리,1/9/25
#8403732706,2026-10-02 22:49,676f3610-d9c9-5727-a5bd-d93aac82cad2,패배,10/7/6
#8403732706,2026-10-02 22:49,571b9bb0-8cd9-5b9e-81e6-814b49141ad4,패배,4/5/10
#8403732706,2026-10-02 22:49,7a8ba539-7e36-5ebc-8c84-affc83acb409,패배,4/6/12
#8403732706,2026-10-02 22:49,48a9676c-6f4a-5dfb-9a36-fca24b95153a,패배,3/10/14
#8403732706,2026-10-02 22:49,898843b8-3f65-555f-9dcb-d566ebcd206e,패배,1/10/15
#8403609997,2026-10-02 21:49,aa2fbfdd-c17f-5e1b-a04e-8567e1c45d5e,패배,3/4/5
#8403609997,2026-10-02 21:49,e25a31d2-835a-56f0-9cce-fd4438f88124,패배,5/4/1
#8403609997,2026-10-02 21:49,cdbeeaa3-2d54-5732-8cbe-e5643e6561f4,패배,2/2/7
#8403609997,2026-10-02 21:49,4aa66eba-e75c-5e2e-8981-3451f6f89d18,패배,1/7/3
#8403609997,2026-10-02 21:49,1b9aa7ca-461b-5d31-8834-7816dd82589b,패배,0/4/4
#8403609997,2026-10-02 21:49,676f3610-d9c9-5727-a5bd-d93aac82cad2,승리,9/4/3
#8403609997,2026-10-02 21:49,571b9bb0-8cd9-5b9e-81e6-814b49141ad4,승리,2/4/12
#8403609997,2026-10-02 21:49,7a8ba539-7e36-5ebc-8c84-affc83acb409,승리,3/2/5
#8403609997,2026-10-02 21:49,48a9676c-6f4a-5dfb-9a36-fca24b95153a,승리,7/1/6
#8403609997,2026-10-02 21:49,898843b8-3f65-555f-9dcb-d566ebcd206e,승리,0/0/14
#8405657935,2026-10-04 04:27,1d7539b5-5566-57d4-b9cd-5158923a589d,패배,0/6/2
#8405657935,2026-10-04 04:27,31e88dc8-bc4a-5b0e-b7f0-9d47bec34024,승리,7/4/6
#8405657935,2026-10-04 04:27,ce01c0d8-8ebf-57c1-b433-88aa89739103,승리,3/3/8
#8405657935,2026-10-04 04:27,3712c3ab-a24a-5bf1-85c1-b92c4d68e907,승리,4/1/6
#8405657935,2026-10-04 04:27,e25a31d2-835a-56f0-9cce-fd4438f88124,승리,16/0/4
#8405657935,2026-10-04 04:27,cac75d28-bc8f-535a-9cba-80d88502dbd1,승리,1/3/15
#8405657935,2026-10-04 04:27,74f1ee22-c5a2-59b2-91b9-8f6b6ef71b9b,패배,4/8/2
#8405657935,2026-10-04 04:27,88b9f221-d8c1-5594-a2f8-820fe8a4050c,패배,2/5/5
#8405657935,2026-10-04 04:27,7e2bfe82-2409-5da9-968b-246723d3b167,패배,4/5/2
#8405657935,2026-10-04 04:27,72e917d7-9f4e-52b2-82ad-8c7d8741ad78,패배,1/7/1
#8405693183,2026-10-04 05:22,1d7539b5-5566-57d4-b9cd-5158923a589d,승리,9/6/13
#8405693183,2026-10-04 05:22,74f1ee22-c5a2-59b2-91b9-8f6b6ef71b9b,패배,8/12/2
#8405693183,2026-10-04 05:22,571b9bb0-8cd9-5b9e-81e6-814b49141ad4,패배,4/8/7
#8405693183,2026-10-04 05:22,7a8ba539-7e36-5ebc-8c84-affc83acb409,패배,3/9/14
#8405693183,2026-10-04 05:22,72e917d7-9f4e-52b2-82ad-8c7d8741ad78,패배,9/7/8
#8405693183,2026-10-04 05:22,e25a31d2-835a-56f0-9cce-fd4438f88124,패배,5/7/14
#8405693183,2026-10-04 05:22,31e88dc8-bc4a-5b0e-b7f0-9d47bec34024,승리,11/6/13
#8405693183,2026-10-04 05:22,88b9f221-d8c1-5594-a2f8-820fe8a4050c,승리,8/4/25
#8405693183,2026-10-04 05:22,33d4446b-a1b9-5b44-ae8a-2009b77218d4,승리,10/4/20
#8405693183,2026-10-04 05:22,cac75d28-bc8f-535a-9cba-80d88502dbd1,승리,5/9/21
